Workbook
Name bev: INDIRECT(Hibak!$Z$122):INDIRECT(Hibak!$Z$123)
Name beva: INDIRECT(Hibak!$AA$122):INDIRECT(Hibak!$AA$123)
Name bevb: INDIRECT(Hibak!$AB$122):INDIRECT(Hibak!$AB$123)
Name bevc: INDIRECT(Hibak!$AC$122):INDIRECT(Hibak!$AC$123)
Name bevd: INDIRECT(Hibak!$AD$122):INDIRECT(Hibak!$AD$123)
Name beve: INDIRECT(Hibak!$AE$122):INDIRECT(Hibak!$AE$123)
Name bevf: INDIRECT(Hibak!$AF$122):INDIRECT(Hibak!$AF$123)
Name bevg: INDIRECT(Hibak!$AG$122):INDIRECT(Hibak!$AG$123)
Name bevh: INDIRECT(Hibak!$AH$122):INDIRECT(Hibak!$AH$123)
Name bevi: INDIRECT(Hibak!$AI$122):INDIRECT(Hibak!$AI$123)
Name bevj: INDIRECT(Hibak!$AJ$122):INDIRECT(Hibak!$AJ$123)
Name bevk: INDIRECT(Hibak!$AK$122):INDIRECT(Hibak!$AK$123)
Name bevl: INDIRECT(Hibak!$AL$122):INDIRECT(Hibak!$AL$123)
Name bevm: INDIRECT(Hibak!$AM$122):INDIRECT(Hibak!$AM$123)
Name bevn: INDIRECT(Hibak!$AN$122):INDIRECT(Hibak!$AN$123)
Name bevo: INDIRECT(Hibak!$AO$122):INDIRECT(Hibak!$AO$123)
Name bevp: INDIRECT(Hibak!$AP$122):INDIRECT(Hibak!$AP$123)
Name bevq: INDIRECT(Hibak!$AQ$122):INDIRECT(Hibak!$AQ$123)
Name bevr: INDIRECT(Hibak!$AR$122):INDIRECT(Hibak!$AR$123)
Name bevs: INDIRECT(Hibak!$AS$122):INDIRECT(Hibak!$AS$123)
Name bevt: INDIRECT(Hibak!$AT$122):INDIRECT(Hibak!$AT$123)
Name fi: Hibak!$C$198:$D$1131
Name fif: Hibak!$C$51:$H$1040
Name kiad: INDIRECT(Hibak!$AZ$122):INDIRECT(Hibak!$AZ$123)
Name kiada: INDIRECT(Hibak!$BA$122):INDIRECT(Hibak!$BA$123)
Name kiadb: INDIRECT(Hibak!$BB$122):INDIRECT(Hibak!$BB$123)
Name kiadc: INDIRECT(Hibak!$BC$122):INDIRECT(Hibak!$BC$123)
Name kiadd: INDIRECT(Hibak!$BD$122):INDIRECT(Hibak!$BD$123)
Name kiade: INDIRECT(Hibak!$BE$122):INDIRECT(Hibak!$BE$123)
Name kiadf: INDIRECT(Hibak!$BF$122):INDIRECT(Hibak!$BF$123)
Name kiadg: INDIRECT(Hibak!$BG$122):INDIRECT(Hibak!$BG$123)
Name kiadh: INDIRECT(Hibak!$BH$122):INDIRECT(Hibak!$BH$123)
Name kiadi: INDIRECT(Hibak!$BI$122):INDIRECT(Hibak!$BI$123)
Name kiadj: INDIRECT(Hibak!$BJ$122):INDIRECT(Hibak!$BJ$123)
Name kiadk: INDIRECT(Hibak!$BK$122):INDIRECT(Hibak!$BK$123)
Name kiadl: INDIRECT(Hibak!$BL$122):INDIRECT(Hibak!$BL$123)
Name kiadm: INDIRECT(Hibak!$BM$122):INDIRECT(Hibak!$BM$123)
Name kiadn: INDIRECT(Hibak!$BN$122):INDIRECT(Hibak!$BN$123)
Name kiado: INDIRECT(Hibak!$BO$122):INDIRECT(Hibak!$BO$123)
Name kiadp: INDIRECT(Hibak!$BP$122):INDIRECT(Hibak!$BP$123)
Name kiadq: INDIRECT(Hibak!$BQ$122):INDIRECT(Hibak!$BQ$123)
Name kiadr: INDIRECT(Hibak!$BR$122):INDIRECT(Hibak!$BR$123)
Name kiads: INDIRECT(Hibak!$BS$122):INDIRECT(Hibak!$BS$123)
Name kiadt: INDIRECT(Hibak!$BT$122):INDIRECT(Hibak!$BT$123)
Name Nap: Kasszakonyv!$BC$1:INDEX(Kasszakonyv!$BC:$BC,Kasszakonyv!$AX$1)

Sheet Monetar
E1: Különbség
B2: Kasszaegyenleg: | D2: =ROUND(Kassza!H3,2) -> 0 | E2: =D3-D2 -> 0
B3: Készpénzegyenleg összesen: | D3: =ROUND(SUM(D5:D16),2) -> 0
B4: Pénznemek | C4: Darabszám | D4: Összeg
B5: 500 | D5: =B5*C5 -> 0
B6: 200 | D6: =B6*C6 -> 0
B7: 100 | D7: =B7*C7 -> 0
B8: 50 | D8: =B8*C8 -> 0
B9: 20 | D9: =B9*C9 -> 0
B10: 10 | D10: =B10*C10 -> 0
B11: 5 | D11: =B11*C11 -> 0
B12: 1 | D12: =B12*C12 -> 0
B13: 0.5 | D13: =B13*C13 -> 0
B14: 0.1 | D14: =B14*C14 -> 0
B15: 0.05 | D15: =B15*C15 -> 0
B16: 0.01 | D16: =B16*C16 -> 0

Sheet Kassza
C1: =DATE(Hibak!$A$1,1,1) -> 46023 | D1: =TRIM(Koltsegvetes!B79&Koltsegvetes!V1) -> Református Egyházközség | G1: Napi bevétel: | H1: =SUMIF($C$7:$C$10000,$C$2,$H$7:$H$10000) -> 0 | J1: =C2 -> 46023 | N1: A másolás, kivágás, beillesztés
C2: =IF(MAX(C7:C10000)>C1,MAX(C7:C10000),C1) -> 46023 | G2: Napi kiadás: | H2: =SUMIF($C$7:$C$10000,$C$2,$J$7:$J$10000) -> 0 | I2: =IF(H3>50000,"Az egyenleg meghaladta a kasszaplafont. Le kell tenni a készpénzt a bankszámlánkra!!!","") | N2: műveleteket lehetoleg ne használd!
C3: =DATE(Hibak!$A$1,12,31) -> 46387 | D3: Készpénz könyvelése | G3: Egyenleg: | H3: =SUM(SUM(H6:H10000),-SUM(J7:J10000)) -> 0
D4: =Hibak!Z3 | N4: Költségvetési
D5: Dátum | E5: Iratszám | F5: Irattip. | G5: Név | H5: Bev. - Összeg | I5: Bevétel - Költ.vet. név | J5: Kiad. - Összeg | K5: Kiadás - költ.vet. név | L5: Megjegyzés | M5: Magyarázat | N5: szám
B6: q | G6: Előző évi készpénzegyenleg:
B7: =IF(C7=1,"",IF(Kasszakonyv!$K$2>C7,"q",IF(Kasszakonyv!$K$2=C7,COUNTIF($C$7:C7,C7),""))) | C7: =IF(AND(D7<>0,D7>=$C$1,D7<=$C$3),D7,IF(SUM(H7:J17)<>0,C1,1)) -> 1 | M7: =IF(I7&K7<>"",VLOOKUP(I7&K7,fif,3,FALSE),"") | N7: =IF(I7&K7<>"",VLOOKUP(I7&K7,fi,2,FALSE),"")
B8: =IF(C8=1,"",IF(Kasszakonyv!$K$2>C8,"q",IF(Kasszakonyv!$K$2=C8,COUNTIF($C$7:C8,C8),""))) | C8: =IF(AND(D8<>0,D8>=$C$1,D8<=$C$3),D8,IF(SUM(H8:J18)<>0,C7,1)) -> 1 | M8: =IF(I8&K8<>"",VLOOKUP(I8&K8,fif,3,FALSE),"") | N8: =IF(I8&K8<>"",VLOOKUP(I8&K8,fi,2,FALSE),"")
B9: =IF(C9=1,"",IF(Kasszakonyv!$K$2>C9,"q",IF(Kasszakonyv!$K$2=C9,COUNTIF($C$7:C9,C9),""))) | C9: =IF(AND(D9<>0,D9>=$C$1,D9<=$C$3),D9,IF(SUM(H9:J19)<>0,C8,1)) -> 1 | M9: =IF(I9&K9<>"",VLOOKUP(I9&K9,fif,3,FALSE),"") | N9: =IF(I9&K9<>"",VLOOKUP(I9&K9,fi,2,FALSE),"")
B10: =IF(C10=1,"",IF(Kasszakonyv!$K$2>C10,"q",IF(Kasszakonyv!$K$2=C10,COUNTIF($C$7:C10,C10),""))) | C10: =IF(AND(D10<>0,D10>=$C$1,D10<=$C$3),D10,IF(SUM(H10:J20)<>0,C9,1)) -> 1 | M10: =IF(I10&K10<>"",VLOOKUP(I10&K10,fif,3,FALSE),"") | N10: =IF(I10&K10<>"",VLOOKUP(I10&K10,fi,2,FALSE),"")
B11: =IF(C11=1,"",IF(Kasszakonyv!$K$2>C11,"q",IF(Kasszakonyv!$K$2=C11,COUNTIF($C$7:C11,C11),""))) | C11: =IF(AND(D11<>0,D11>=$C$1,D11<=$C$3),D11,IF(SUM(H11:J21)<>0,C10,1)) -> 1 | M11: =IF(I11&K11<>"",VLOOKUP(I11&K11,fif,3,FALSE),"") | N11: =IF(I11&K11<>"",VLOOKUP(I11&K11,fi,2,FALSE),"")
B12: =IF(C12=1,"",IF(Kasszakonyv!$K$2>C12,"q",IF(Kasszakonyv!$K$2=C12,COUNTIF($C$7:C12,C12),""))) | C12: =IF(AND(D12<>0,D12>=$C$1,D12<=$C$3),D12,IF(SUM(H12:J22)<>0,C11,1)) -> 1 | M12: =IF(I12&K12<>"",VLOOKUP(I12&K12,fif,3,FALSE),"") | N12: =IF(I12&K12<>"",VLOOKUP(I12&K12,fi,2,FALSE),"")
B13: =IF(C13=1,"",IF(Kasszakonyv!$K$2>C13,"q",IF(Kasszakonyv!$K$2=C13,COUNTIF($C$7:C13,C13),""))) | C13: =IF(AND(D13<>0,D13>=$C$1,D13<=$C$3),D13,IF(SUM(H13:J23)<>0,C12,1)) -> 1 | M13: =IF(I13&K13<>"",VLOOKUP(I13&K13,fif,3,FALSE),"") | N13: =IF(I13&K13<>"",VLOOKUP(I13&K13,fi,2,FALSE),"")
B14: =IF(C14=1,"",IF(Kasszakonyv!$K$2>C14,"q",IF(Kasszakonyv!$K$2=C14,COUNTIF($C$7:C14,C14),""))) | C14: =IF(AND(D14<>0,D14>=$C$1,D14<=$C$3),D14,IF(SUM(H14:J24)<>0,C13,1)) -> 1 | M14: =IF(I14&K14<>"",VLOOKUP(I14&K14,fif,3,FALSE),"") | N14: =IF(I14&K14<>"",VLOOKUP(I14&K14,fi,2,FALSE),"")
B15: =IF(C15=1,"",IF(Kasszakonyv!$K$2>C15,"q",IF(Kasszakonyv!$K$2=C15,COUNTIF($C$7:C15,C15),""))) | C15: =IF(AND(D15<>0,D15>=$C$1,D15<=$C$3),D15,IF(SUM(H15:J25)<>0,C14,1)) -> 1 | M15: =IF(I15&K15<>"",VLOOKUP(I15&K15,fif,3,FALSE),"") | N15: =IF(I15&K15<>"",VLOOKUP(I15&K15,fi,2,FALSE),"")
B16: =IF(C16=1,"",IF(Kasszakonyv!$K$2>C16,"q",IF(Kasszakonyv!$K$2=C16,COUNTIF($C$7:C16,C16),""))) | C16: =IF(AND(D16<>0,D16>=$C$1,D16<=$C$3),D16,IF(SUM(H16:J26)<>0,C15,1)) -> 1 | M16: =IF(I16&K16<>"",VLOOKUP(I16&K16,fif,3,FALSE),"") | N16: =IF(I16&K16<>"",VLOOKUP(I16&K16,fi,2,FALSE),"")
B17: =IF(C17=1,"",IF(Kasszakonyv!$K$2>C17,"q",IF(Kasszakonyv!$K$2=C17,COUNTIF($C$7:C17,C17),""))) | C17: =IF(AND(D17<>0,D17>=$C$1,D17<=$C$3),D17,IF(SUM(H17:J27)<>0,C16,1)) -> 1 | M17: =IF(I17&K17<>"",VLOOKUP(I17&K17,fif,3,FALSE),"") | N17: =IF(I17&K17<>"",VLOOKUP(I17&K17,fi,2,FALSE),"")
B18: =IF(C18=1,"",IF(Kasszakonyv!$K$2>C18,"q",IF(Kasszakonyv!$K$2=C18,COUNTIF($C$7:C18,C18),""))) | C18: =IF(AND(D18<>0,D18>=$C$1,D18<=$C$3),D18,IF(SUM(H18:J28)<>0,C17,1)) -> 1 | M18: =IF(I18&K18<>"",VLOOKUP(I18&K18,fif,3,FALSE),"") | N18: =IF(I18&K18<>"",VLOOKUP(I18&K18,fi,2,FALSE),"")
B19: =IF(C19=1,"",IF(Kasszakonyv!$K$2>C19,"q",IF(Kasszakonyv!$K$2=C19,COUNTIF($C$7:C19,C19),""))) | C19: =IF(AND(D19<>0,D19>=$C$1,D19<=$C$3),D19,IF(SUM(H19:J29)<>0,C18,1)) -> 1 | M19: =IF(I19&K19<>"",VLOOKUP(I19&K19,fif,3,FALSE),"") | N19: =IF(I19&K19<>"",VLOOKUP(I19&K19,fi,2,FALSE),"")
... B4000: =IF(C4000=1,"",IF(Kasszakonyv!$K$2>C4000,"q",IF(Kasszakonyv!$K$2=C4000,COUNTIF($C$7:C4000,C4000),""))) | C4000: =IF(AND(D4000<>0,D4000>=$C$1,D4000<=$C$3),D4000,IF(SUM(H4000:J4010)<>0,C3999,1)) -> 1 | M4000: =IF(I4000&K4000<>"",VLOOKUP(I4000&K4000,fif,3,FALSE),"") | N4000: =IF(I4000&K4000<>"",VLOOKUP(I4000&K4000,fi,2,FALSE),"")

Sheet Kasszakonyv
A1: A jobboldali, zöld cellában lehet kiválasztani a lenyílóból a korábbi kasszakönyvi lapokat. A lenyílóban csak azok a napok jelennek meg, amikor volt mozgás a kasszában. Ha a cella üres, vagy értéke 0 (nulla), akkor a legutolsó kasszakönyvi lapot listázza. | J1: A A | K1: =IF(AND(G1<>0,G1<>"",ISERROR(VLOOKUP(G1,BC1:BD366,2,FALSE))<>TRUE),G1,MAX(BC1:BC366)) -> 0 | L1: Ezen a napon összesen | M1: =MAX(Kassza!B7:B10000) -> 0 | P1: Előző egyleg | Q1: =SUMIF(Kassza!$B$6:$B$10000,"q",Kassza!$H$6:$H$10000)-SUMIF(Kassza!$B$7:$B$10000,"q",Kassza!$J$7:$J$10000) -> 0 | R1: ="<="&M8 -> <=0 | T1: Sold ziua precedentă - Előző napi egyenleg: | AW1: =Kasszakonyv!$BC$1:INDEX(Kasszakonyv!$BC:$BC,Kasszakonyv!$AX$1) -> 0 | AX1: =IF(MATCH(0,BC1:BC367,0)>1,MATCH(0,BC1:BC367,0)-1,1) -> 1 | BA1: 1 | BC1: =IF(ISERROR(VLOOKUP(BA1,$BD$1:$BE$366,2,FALSE))=FALSE,VLOOKUP(BA1,$BD$1:$BE$366,2,FALSE),0) -> 0 | BD1: =IF(COUNTIF(Kassza!$C$7:$C$10000,BE1)<>0,1,0) -> 0 | BE1: =DATE(Hibak!A1,1,1) -> 46023 | BF1: =ROUNDUP(COUNTIF(Kassza!$C$7:$C$10000,BE1)/30,0) -> 0 | BK1: 1 | BL1: Jan.
A2: =IF(M2>1,L1&M2&L2&M3&L3,"") | J2: A A | K2: =DATE(Hibak!A1,MONTH(K1),DAY(K1)) -> 46022 | L2: kasszakönyvi lap van. Ebből jelenleg a(z) | M2: =ROUNDUP(M1/30,0) -> 0 | Q2: =SUMIF(Kassza!$B$7:$B$10000,$R$1,Kassza!$H$7:$H$10000) -> 0 | R2: =SUMIF(Kassza!$B$7:$B$10000,$R$1,Kassza!$J$7:$J$10000) -> 0 | T2: Report din pagina precedentă - Áthozat az előző lapról: | BA2: 2 | BC2: =IF(ISERROR(VLOOKUP(BA2,$BD$1:$BE$366,2,FALSE))=FALSE,VLOOKUP(BA2,$BD$1:$BE$366,2,FALSE),0) -> 0 | BD2: =IF(COUNTIF(Kassza!$C$7:$C$10000,BE2)<>0,BD1+1,BD1) -> 0 | BE2: =BE1+1 -> 46024 | BF2: =ROUNDUP(COUNTIF(Kassza!$C$7:$C$10000,BE2)/30,0) -> 0 | BG2: =SUM($BF$1:BF1) -> 0 | BK2: 2 | BL2: Febr.
K3: =IF(MONTH(K2)<10,0,"") | L3: . látszik. A jobboldali, zöld cellában lehet megadni a listázni kívánt lapszámot. | M3: =IF(OR(G2=0,G2>M2,G2=""),1,G2) -> 1 | T3: Total - Összesen: | BA3: 3 | BC3: =IF(ISERROR(VLOOKUP(BA3,$BD$1:$BE$366,2,FALSE))=FALSE,VLOOKUP(BA3,$BD$1:$BE$366,2,FALSE),0) -> 0 | BD3: =IF(COUNTIF(Kassza!$C$7:$C$10000,BE3)<>0,BD2+1,BD2) -> 0 | BE3: =BE2+1 -> 46025 | BF3: =ROUNDUP(COUNTIF(Kassza!$C$7:$C$10000,BE3)/30,0) -> 0 | BG3: =SUM($BF$1:BF2) -> 0 | BK3: 3 | BL3: Márc.
A4: =IF(Koltsegvetes!B79<>0,Koltsegvetes!B79,"") | D4: REGISTRU DE CASĂ KASSZAKÖNYV | G4: =YEAR(K2)&"."&K3&MONTH(K2)&"."&K4&DAY(K2)&"." -> 2025.12.31. | K4: =IF(DAY(K2)<10,0,"") | M4: =IF(ISERROR(VLOOKUP(K2,BE1:BG366,3,FALSE))=FALSE,VLOOKUP(K2,BE1:BG366,3,FALSE)+M3,1) -> 1 | T4: Sold zi - Napi egyenleg - | BA4: 4 | BC4: =IF(ISERROR(VLOOKUP(BA4,$BD$1:$BE$366,2,FALSE))=FALSE,VLOOKUP(BA4,$BD$1:$BE$366,2,FALSE),0) -> 0 | BD4: =IF(COUNTIF(Kassza!$C$7:$C$10000,BE4)<>0,BD3+1,BD3) -> 0 | BE4: =BE3+1 -> 46026 | BF4: =ROUNDUP(COUNTIF(Kassza!$C$7:$C$10000,BE4)/30,0) -> 0 | BG4: =SUM($BF$1:BF3) -> 0 | BK4: 4 | BL4: Ápr.
A5: =Koltsegvetes!V2 -> Ref. Egyházközség | T5: De reportat pagina - Átvitel: | BA5: 5 | BC5: =IF(ISERROR(VLOOKUP(BA5,$BD$1:$BE$366,2,FALSE))=FALSE,VLOOKUP(BA5,$BD$1:$BE$366,2,FALSE),0) -> 0 | BD5: =IF(COUNTIF(Kassza!$C$7:$C$10000,BE5)<>0,BD4+1,BD4) -> 0 | BE5: =BE4+1 -> 46027 | BF5: =ROUNDUP(COUNTIF(Kassza!$C$7:$C$10000,BE5)/30,0) -> 0 | BG5: =SUM($BF$1:BF4) -> 0 | BK5: 5 | BL5: Máj.
A6: (unitate - egység) | G6: A/L/Z/ - É/H/N | BA6: 6 | BC6: =IF(ISERROR(VLOOKUP(BA6,$BD$1:$BE$366,2,FALSE))=FALSE,VLOOKUP(BA6,$BD$1:$BE$366,2,FALSE),0) -> 0 | BD6: =IF(COUNTIF(Kassza!$C$7:$C$10000,BE6)<>0,BD5+1,BD5) -> 0 | BE6: =BE5+1 -> 46028 | BF6: =ROUNDUP(COUNTIF(Kassza!$C$7:$C$10000,BE6)/30,0) -> 0 | BG6: =SUM($BF$1:BF5) -> 0 | BK6: 6 | BL6: Jún.
A7: Nr.crt S.sz. | B7: Nr.act.casă Iratszám | C7: Act Irat | D7: Explicaţia - Magyarázat | E7: Încasări Bevételek | F7: Plăţi Kiadások | G7: Simbol cont. Költségv.sz. | BA7: 7 | BC7: =IF(ISERROR(VLOOKUP(BA7,$BD$1:$BE$366,2,FALSE))=FALSE,VLOOKUP(BA7,$BD$1:$BE$366,2,FALSE),0) -> 0 | BD7: =IF(COUNTIF(Kassza!$C$7:$C$10000,BE7)<>0,BD6+1,BD6) -> 0 | BE7: =BE6+1 -> 46029 | BF7: =ROUNDUP(COUNTIF(Kassza!$C$7:$C$10000,BE7)/30,0) -> 0 | BG7: =SUM($BF$1:BF6) -> 0 | BK7: 7 | BL7: Júl.
D8: =IF(M3=1,T1,T2) -> Sold ziua precedentă - Előző napi egyenleg: | E8: =SUM(Q1:Q2) -> 0 | F8: =IF(M3>1,R2,"") | M8: =ROUND(SUM(M3,-1)*30,0) -> 0 | O8: 12 | Q8: 11 | BA8: 8 | BC8: =IF(ISERROR(VLOOKUP(BA8,$BD$1:$BE$366,2,FALSE))=FALSE,VLOOKUP(BA8,$BD$1:$BE$366,2,FALSE),0) -> 0 | BD8: =IF(COUNTIF(Kassza!$C$7:$C$10000,BE8)<>0,BD7+1,BD7) -> 0 | BE8: =BE7+1 -> 46030 | BF8: =ROUNDUP(COUNTIF(Kassza!$C$7:$C$10000,BE8)/30,0) -> 0 | BG8: =SUM($BF$1:BF7) -> 0 | BK8: 8 | BL8: Aug.
A9: =IF($M$1>=M9,M9,"") | B9: =IF($M$1>=M9,TRIM(VLOOKUP(M9,Kassza!$B$7:$N$10000,4,FALSE)),"") | C9: =IF($M$1>=M9,TRIM(VLOOKUP(M9,Kassza!$B$7:$N$10000,5,FALSE)),"") | D9: =TRIM(IF($M$1>=M9,O9&" "&P9&" "&Q9,IF($M$1=M8,$T$3,IF($M$1=M7,$T$4&G4,"")))) -> Total - Összesen: | E9: =IF($M$1>=M9,IF(VLOOKUP(M9,Kassza!$B$7:$N$10000,7,FALSE)<>0,VLOOKUP(M9,Kassza!$B$7:$N$10000,7,FALSE),""),IF($M$1=M8,SUM($E$8:E8),IF($M$1=M7,SUM(E8,-F8),""))) -> 0 | F9: =IF($M$1>=M9,IF(VLOOKUP(M9,Kassza!$B$7:$N$10000,9,FALSE)<>0,VLOOKUP(M9,Kassza!$B$7:$N$10000,9,FALSE),""),IF($M$1=M8,SUM($F$8:F8),"")) -> 0 | G9: =IF($M$1>=M9,TRIM(VLOOKUP(M9,Kassza!$B$7:$N$10000,13,FALSE)),"") | M9: =M8+1 -> 1 | O9: =IF($M$1>=M9,TRIM(VLOOKUP(M9,Kassza!$B$7:$N$10000,12,FALSE)),"") | P9: =IF($M$1>=M9,TRIM(VLOOKUP(M9,Kassza!$B$7:$N$10000,6,FALSE)),"") | Q9: =IF($M$1>=M9,TRIM(VLOOKUP(M9,Kassza!$B$7:$N$10000,11,FALSE)),"") | BA9: 9 | BC9: =IF(ISERROR(VLOOKUP(BA9,$BD$1:$BE$366,2,FALSE))=FALSE,VLOOKUP(BA9,$BD$1:$BE$366,2,FALSE),0) -> 0 | BD9: =IF(COUNTIF(Kassza!$C$7:$C$10000,BE9)<>0,BD8+1,BD8) -> 0 | BE9: =BE8+1 -> 46031 | BF9: =ROUNDUP(COUNTIF(Kassza!$C$7:$C$10000,BE9)/30,0) -> 0 | BG9: =SUM($BF$1:BF8) -> 0 | BK9: 9 | BL9: Szept.
A10: =IF($M$1>=M10,M10,"") | B10: =IF($M$1>=M10,TRIM(VLOOKUP(M10,Kassza!$B$7:$N$10000,4,FALSE)),"") | C10: =IF($M$1>=M10,TRIM(VLOOKUP(M10,Kassza!$B$7:$N$10000,5,FALSE)),"") | D10: =TRIM(IF($M$1>=M10,O10&" "&P10&" "&Q10,IF($M$1=M9,$T$3,IF($M$1=M8,$T$4&G4,"")))) -> Sold zi - Napi egyenleg - 2025.12.31. | E10: =IF($M$1>=M10,IF(VLOOKUP(M10,Kassza!$B$7:$N$10000,7,FALSE)<>0,VLOOKUP(M10,Kassza!$B$7:$N$10000,7,FALSE),""),IF($M$1=M9,SUM($E$8:E9),IF($M$1=M8,SUM(E9,-F9),""))) -> 0 | F10: =IF($M$1>=M10,IF(VLOOKUP(M10,Kassza!$B$7:$N$10000,9,FALSE)<>0,VLOOKUP(M10,Kassza!$B$7:$N$10000,9,FALSE),""),IF($M$1=M9,SUM($F$8:F9),"")) | G10: =IF($M$1>=M10,TRIM(VLOOKUP(M10,Kassza!$B$7:$N$10000,13,FALSE)),"") | M10: =M9+1 -> 2 | O10: =IF($M$1>=M10,TRIM(VLOOKUP(M10,Kassza!$B$7:$N$10000,12,FALSE)),"") | P10: =IF($M$1>=M10,TRIM(VLOOKUP(M10,Kassza!$B$7:$N$10000,6,FALSE)),"") | Q10: =IF($M$1>=M10,TRIM(VLOOKUP(M10,Kassza!$B$7:$N$10000,11,FALSE)),"") | BA10: 10 | BC10: =IF(ISERROR(VLOOKUP(BA10,$BD$1:$BE$366,2,FALSE))=FALSE,VLOOKUP(BA10,$BD$1:$BE$366,2,FALSE),0) -> 0 | BD10: =IF(COUNTIF(Kassza!$C$7:$C$10000,BE10)<>0,BD9+1,BD9) -> 0 | BE10: =BE9+1 -> 46032 | BF10: =ROUNDUP(COUNTIF(Kassza!$C$7:$C$10000,BE10)/30,0) -> 0 | BG10: =SUM($BF$1:BF9) -> 0 | BK10: 10 | BL10: Okt.
A11: =IF($M$1>=M11,M11,"") | B11: =IF($M$1>=M11,TRIM(VLOOKUP(M11,Kassza!$B$7:$N$10000,4,FALSE)),"") | C11: =IF($M$1>=M11,TRIM(VLOOKUP(M11,Kassza!$B$7:$N$10000,5,FALSE)),"") | D11: =TRIM(IF($M$1>=M11,O11&" "&P11&" "&Q11,IF($M$1=M10,$T$3,IF($M$1=M9,$T$4&G4,"")))) | E11: =IF($M$1>=M11,IF(VLOOKUP(M11,Kassza!$B$7:$N$10000,7,FALSE)<>0,VLOOKUP(M11,Kassza!$B$7:$N$10000,7,FALSE),""),IF($M$1=M10,SUM($E$8:E10),IF($M$1=M9,SUM(E10,-F10),""))) | F11: =IF($M$1>=M11,IF(VLOOKUP(M11,Kassza!$B$7:$N$10000,9,FALSE)<>0,VLOOKUP(M11,Kassza!$B$7:$N$10000,9,FALSE),""),IF($M$1=M10,SUM($F$8:F10),"")) | G11: =IF($M$1>=M11,TRIM(VLOOKUP(M11,Kassza!$B$7:$N$10000,13,FALSE)),"") | M11: =M10+1 -> 3 | O11: =IF($M$1>=M11,TRIM(VLOOKUP(M11,Kassza!$B$7:$N$10000,12,FALSE)),"") | P11: =IF($M$1>=M11,TRIM(VLOOKUP(M11,Kassza!$B$7:$N$10000,6,FALSE)),"") | Q11: =IF($M$1>=M11,TRIM(VLOOKUP(M11,Kassza!$B$7:$N$10000,11,FALSE)),"") | BA11: 11 | BC11: =IF(ISERROR(VLOOKUP(BA11,$BD$1:$BE$366,2,FALSE))=FALSE,VLOOKUP(BA11,$BD$1:$BE$366,2,FALSE),0) -> 0 | BD11: =IF(COUNTIF(Kassza!$C$7:$C$10000,BE11)<>0,BD10+1,BD10) -> 0 | BE11: =BE10+1 -> 46033 | BF11: =ROUNDUP(COUNTIF(Kassza!$C$7:$C$10000,BE11)/30,0) -> 0 | BG11: =SUM($BF$1:BF10) -> 0 | BK11: 11 | BL11: Nov.
A12: =IF($M$1>=M12,M12,"") | B12: =IF($M$1>=M12,TRIM(VLOOKUP(M12,Kassza!$B$7:$N$10000,4,FALSE)),"") | C12: =IF($M$1>=M12,TRIM(VLOOKUP(M12,Kassza!$B$7:$N$10000,5,FALSE)),"") | D12: =TRIM(IF($M$1>=M12,O12&" "&P12&" "&Q12,IF($M$1=M11,$T$3,IF($M$1=M10,$T$4&G4,"")))) | E12: =IF($M$1>=M12,IF(VLOOKUP(M12,Kassza!$B$7:$N$10000,7,FALSE)<>0,VLOOKUP(M12,Kassza!$B$7:$N$10000,7,FALSE),""),IF($M$1=M11,SUM($E$8:E11),IF($M$1=M10,SUM(E11,-F11),""))) | F12: =IF($M$1>=M12,IF(VLOOKUP(M12,Kassza!$B$7:$N$10000,9,FALSE)<>0,VLOOKUP(M12,Kassza!$B$7:$N$10000,9,FALSE),""),IF($M$1=M11,SUM($F$8:F11),"")) | G12: =IF($M$1>=M12,TRIM(VLOOKUP(M12,Kassza!$B$7:$N$10000,13,FALSE)),"") | M12: =M11+1 -> 4 | O12: =IF($M$1>=M12,TRIM(VLOOKUP(M12,Kassza!$B$7:$N$10000,12,FALSE)),"") | P12: =IF($M$1>=M12,TRIM(VLOOKUP(M12,Kassza!$B$7:$N$10000,6,FALSE)),"") | Q12: =IF($M$1>=M12,TRIM(VLOOKUP(M12,Kassza!$B$7:$N$10000,11,FALSE)),"") | BA12: 12 | BC12: =IF(ISERROR(VLOOKUP(BA12,$BD$1:$BE$366,2,FALSE))=FALSE,VLOOKUP(BA12,$BD$1:$BE$366,2,FALSE),0) -> 0 | BD12: =IF(COUNTIF(Kassza!$C$7:$C$10000,BE12)<>0,BD11+1,BD11) -> 0 | BE12: =BE11+1 -> 46034 | BF12: =ROUNDUP(COUNTIF(Kassza!$C$7:$C$10000,BE12)/30,0) -> 0 | BG12: =SUM($BF$1:BF11) -> 0 | BK12: 12 | BL12: Dec.
A13: =IF($M$1>=M13,M13,"") | B13: =IF($M$1>=M13,TRIM(VLOOKUP(M13,Kassza!$B$7:$N$10000,4,FALSE)),"") | C13: =IF($M$1>=M13,TRIM(VLOOKUP(M13,Kassza!$B$7:$N$10000,5,FALSE)),"") | D13: =TRIM(IF($M$1>=M13,O13&" "&P13&" "&Q13,IF($M$1=M12,$T$3,IF($M$1=M11,$T$4&G4,"")))) | E13: =IF($M$1>=M13,IF(VLOOKUP(M13,Kassza!$B$7:$N$10000,7,FALSE)<>0,VLOOKUP(M13,Kassza!$B$7:$N$10000,7,FALSE),""),IF($M$1=M12,SUM($E$8:E12),IF($M$1=M11,SUM(E12,-F12),""))) | F13: =IF($M$1>=M13,IF(VLOOKUP(M13,Kassza!$B$7:$N$10000,9,FALSE)<>0,VLOOKUP(M13,Kassza!$B$7:$N$10000,9,FALSE),""),IF($M$1=M12,SUM($F$8:F12),"")) | G13: =IF($M$1>=M13,TRIM(VLOOKUP(M13,Kassza!$B$7:$N$10000,13,FALSE)),"") | M13: =M12+1 -> 5 | O13: =IF($M$1>=M13,TRIM(VLOOKUP(M13,Kassza!$B$7:$N$10000,12,FALSE)),"") | P13: =IF($M$1>=M13,TRIM(VLOOKUP(M13,Kassza!$B$7:$N$10000,6,FALSE)),"") | Q13: =IF($M$1>=M13,TRIM(VLOOKUP(M13,Kassza!$B$7:$N$10000,11,FALSE)),"") | BA13: 13 | BC13: =IF(ISERROR(VLOOKUP(BA13,$BD$1:$BE$366,2,FALSE))=FALSE,VLOOKUP(BA13,$BD$1:$BE$366,2,FALSE),0) -> 0 | BD13: =IF(COUNTIF(Kassza!$C$7:$C$10000,BE13)<>0,BD12+1,BD12) -> 0 | BE13: =BE12+1 -> 46035 | BF13: =ROUNDUP(COUNTIF(Kassza!$C$7:$C$10000,BE13)/30,0) -> 0 | BG13: =SUM($BF$1:BF12) -> 0
A14: =IF($M$1>=M14,M14,"") | B14: =IF($M$1>=M14,TRIM(VLOOKUP(M14,Kassza!$B$7:$N$10000,4,FALSE)),"") | C14: =IF($M$1>=M14,TRIM(VLOOKUP(M14,Kassza!$B$7:$N$10000,5,FALSE)),"") | D14: =TRIM(IF($M$1>=M14,O14&" "&P14&" "&Q14,IF($M$1=M13,$T$3,IF($M$1=M12,$T$4&G4,"")))) | E14: =IF($M$1>=M14,IF(VLOOKUP(M14,Kassza!$B$7:$N$10000,7,FALSE)<>0,VLOOKUP(M14,Kassza!$B$7:$N$10000,7,FALSE),""),IF($M$1=M13,SUM($E$8:E13),IF($M$1=M12,SUM(E13,-F13),""))) | F14: =IF($M$1>=M14,IF(VLOOKUP(M14,Kassza!$B$7:$N$10000,9,FALSE)<>0,VLOOKUP(M14,Kassza!$B$7:$N$10000,9,FALSE),""),IF($M$1=M13,SUM($F$8:F13),"")) | G14: =IF($M$1>=M14,TRIM(VLOOKUP(M14,Kassza!$B$7:$N$10000,13,FALSE)),"") | M14: =M13+1 -> 6 | O14: =IF($M$1>=M14,TRIM(VLOOKUP(M14,Kassza!$B$7:$N$10000,12,FALSE)),"") | P14: =IF($M$1>=M14,TRIM(VLOOKUP(M14,Kassza!$B$7:$N$10000,6,FALSE)),"") | Q14: =IF($M$1>=M14,TRIM(VLOOKUP(M14,Kassza!$B$7:$N$10000,11,FALSE)),"") | BA14: 14 | BC14: =IF(ISERROR(VLOOKUP(BA14,$BD$1:$BE$366,2,FALSE))=FALSE,VLOOKUP(BA14,$BD$1:$BE$366,2,FALSE),0) -> 0 | BD14: =IF(COUNTIF(Kassza!$C$7:$C$10000,BE14)<>0,BD13+1,BD13) -> 0 | BE14: =BE13+1 -> 46036 | BF14: =ROUNDUP(COUNTIF(Kassza!$C$7:$C$10000,BE14)/30,0) -> 0 | BG14: =SUM($BF$1:BF13) -> 0
A15: =IF($M$1>=M15,M15,"") | B15: =IF($M$1>=M15,TRIM(VLOOKUP(M15,Kassza!$B$7:$N$10000,4,FALSE)),"") | C15: =IF($M$1>=M15,TRIM(VLOOKUP(M15,Kassza!$B$7:$N$10000,5,FALSE)),"") | D15: =TRIM(IF($M$1>=M15,O15&" "&P15&" "&Q15,IF($M$1=M14,$T$3,IF($M$1=M13,$T$4&G4,"")))) | E15: =IF($M$1>=M15,IF(VLOOKUP(M15,Kassza!$B$7:$N$10000,7,FALSE)<>0,VLOOKUP(M15,Kassza!$B$7:$N$10000,7,FALSE),""),IF($M$1=M14,SUM($E$8:E14),IF($M$1=M13,SUM(E14,-F14),""))) | F15: =IF($M$1>=M15,IF(VLOOKUP(M15,Kassza!$B$7:$N$10000,9,FALSE)<>0,VLOOKUP(M15,Kassza!$B$7:$N$10000,9,FALSE),""),IF($M$1=M14,SUM($F$8:F14),"")) | G15: =IF($M$1>=M15,TRIM(VLOOKUP(M15,Kassza!$B$7:$N$10000,13,FALSE)),"") | M15: =M14+1 -> 7 | O15: =IF($M$1>=M15,TRIM(VLOOKUP(M15,Kassza!$B$7:$N$10000,12,FALSE)),"") | P15: =IF($M$1>=M15,TRIM(VLOOKUP(M15,Kassza!$B$7:$N$10000,6,FALSE)),"") | Q15: =IF($M$1>=M15,TRIM(VLOOKUP(M15,Kassza!$B$7:$N$10000,11,FALSE)),"") | BA15: 15 | BC15: =IF(ISERROR(VLOOKUP(BA15,$BD$1:$BE$366,2,FALSE))=FALSE,VLOOKUP(BA15,$BD$1:$BE$366,2,FALSE),0) -> 0 | BD15: =IF(COUNTIF(Kassza!$C$7:$C$10000,BE15)<>0,BD14+1,BD14) -> 0 | BE15: =BE14+1 -> 46037 | BF15: =ROUNDUP(COUNTIF(Kassza!$C$7:$C$10000,BE15)/30,0) -> 0 | BG15: =SUM($BF$1:BF14) -> 0
A16: =IF($M$1>=M16,M16,"") | B16: =IF($M$1>=M16,TRIM(VLOOKUP(M16,Kassza!$B$7:$N$10000,4,FALSE)),"") | C16: =IF($M$1>=M16,TRIM(VLOOKUP(M16,Kassza!$B$7:$N$10000,5,FALSE)),"") | D16: =TRIM(IF($M$1>=M16,O16&" "&P16&" "&Q16,IF($M$1=M15,$T$3,IF($M$1=M14,$T$4&G4,"")))) | E16: =IF($M$1>=M16,IF(VLOOKUP(M16,Kassza!$B$7:$N$10000,7,FALSE)<>0,VLOOKUP(M16,Kassza!$B$7:$N$10000,7,FALSE),""),IF($M$1=M15,SUM($E$8:E15),IF($M$1=M14,SUM(E15,-F15),""))) | F16: =IF($M$1>=M16,IF(VLOOKUP(M16,Kassza!$B$7:$N$10000,9,FALSE)<>0,VLOOKUP(M16,Kassza!$B$7:$N$10000,9,FALSE),""),IF($M$1=M15,SUM($F$8:F15),"")) | G16: =IF($M$1>=M16,TRIM(VLOOKUP(M16,Kassza!$B$7:$N$10000,13,FALSE)),"") | M16: =M15+1 -> 8 | O16: =IF($M$1>=M16,TRIM(VLOOKUP(M16,Kassza!$B$7:$N$10000,12,FALSE)),"") | P16: =IF($M$1>=M16,TRIM(VLOOKUP(M16,Kassza!$B$7:$N$10000,6,FALSE)),"") | Q16: =IF($M$1>=M16,TRIM(VLOOKUP(M16,Kassza!$B$7:$N$10000,11,FALSE)),"") | BA16: 16 | BC16: =IF(ISERROR(VLOOKUP(BA16,$BD$1:$BE$366,2,FALSE))=FALSE,VLOOKUP(BA16,$BD$1:$BE$366,2,FALSE),0) -> 0 | BD16: =IF(COUNTIF(Kassza!$C$7:$C$10000,BE16)<>0,BD15+1,BD15) -> 0 | BE16: =BE15+1 -> 46038 | BF16: =ROUNDUP(COUNTIF(Kassza!$C$7:$C$10000,BE16)/30,0) -> 0 | BG16: =SUM($BF$1:BF15) -> 0
A17: =IF($M$1>=M17,M17,"") | B17: =IF($M$1>=M17,TRIM(VLOOKUP(M17,Kassza!$B$7:$N$10000,4,FALSE)),"") | C17: =IF($M$1>=M17,TRIM(VLOOKUP(M17,Kassza!$B$7:$N$10000,5,FALSE)),"") | D17: =TRIM(IF($M$1>=M17,O17&" "&P17&" "&Q17,IF($M$1=M16,$T$3,IF($M$1=M15,$T$4&G4,"")))) | E17: =IF($M$1>=M17,IF(VLOOKUP(M17,Kassza!$B$7:$N$10000,7,FALSE)<>0,VLOOKUP(M17,Kassza!$B$7:$N$10000,7,FALSE),""),IF($M$1=M16,SUM($E$8:E16),IF($M$1=M15,SUM(E16,-F16),""))) | F17: =IF($M$1>=M17,IF(VLOOKUP(M17,Kassza!$B$7:$N$10000,9,FALSE)<>0,VLOOKUP(M17,Kassza!$B$7:$N$10000,9,FALSE),""),IF($M$1=M16,SUM($F$8:F16),"")) | G17: =IF($M$1>=M17,TRIM(VLOOKUP(M17,Kassza!$B$7:$N$10000,13,FALSE)),"") | M17: =M16+1 -> 9 | O17: =IF($M$1>=M17,TRIM(VLOOKUP(M17,Kassza!$B$7:$N$10000,12,FALSE)),"") | P17: =IF($M$1>=M17,TRIM(VLOOKUP(M17,Kassza!$B$7:$N$10000,6,FALSE)),"") | Q17: =IF($M$1>=M17,TRIM(VLOOKUP(M17,Kassza!$B$7:$N$10000,11,FALSE)),"") | BA17: 17 | BC17: =IF(ISERROR(VLOOKUP(BA17,$BD$1:$BE$366,2,FALSE))=FALSE,VLOOKUP(BA17,$BD$1:$BE$366,2,FALSE),0) -> 0 | BD17: =IF(COUNTIF(Kassza!$C$7:$C$10000,BE17)<>0,BD16+1,BD16) -> 0 | BE17: =BE16+1 -> 46039 | BF17: =ROUNDUP(COUNTIF(Kassza!$C$7:$C$10000,BE17)/30,0) -> 0 | BG17: =SUM($BF$1:BF16) -> 0
A18: =IF($M$1>=M18,M18,"") | B18: =IF($M$1>=M18,TRIM(VLOOKUP(M18,Kassza!$B$7:$N$10000,4,FALSE)),"") | C18: =IF($M$1>=M18,TRIM(VLOOKUP(M18,Kassza!$B$7:$N$10000,5,FALSE)),"") | D18: =TRIM(IF($M$1>=M18,O18&" "&P18&" "&Q18,IF($M$1=M17,$T$3,IF($M$1=M16,$T$4&G4,"")))) | E18: =IF($M$1>=M18,IF(VLOOKUP(M18,Kassza!$B$7:$N$10000,7,FALSE)<>0,VLOOKUP(M18,Kassza!$B$7:$N$10000,7,FALSE),""),IF($M$1=M17,SUM($E$8:E17),IF($M$1=M16,SUM(E17,-F17),""))) | F18: =IF($M$1>=M18,IF(VLOOKUP(M18,Kassza!$B$7:$N$10000,9,FALSE)<>0,VLOOKUP(M18,Kassza!$B$7:$N$10000,9,FALSE),""),IF($M$1=M17,SUM($F$8:F17),"")) | G18: =IF($M$1>=M18,TRIM(VLOOKUP(M18,Kassza!$B$7:$N$10000,13,FALSE)),"") | M18: =M17+1 -> 10 | O18: =IF($M$1>=M18,TRIM(VLOOKUP(M18,Kassza!$B$7:$N$10000,12,FALSE)),"") | P18: =IF($M$1>=M18,TRIM(VLOOKUP(M18,Kassza!$B$7:$N$10000,6,FALSE)),"") | Q18: =IF($M$1>=M18,TRIM(VLOOKUP(M18,Kassza!$B$7:$N$10000,11,FALSE)),"") | BA18: 18 | BC18: =IF(ISERROR(VLOOKUP(BA18,$BD$1:$BE$366,2,FALSE))=FALSE,VLOOKUP(BA18,$BD$1:$BE$366,2,FALSE),0) -> 0 | BD18: =IF(COUNTIF(Kassza!$C$7:$C$10000,BE18)<>0,BD17+1,BD17) -> 0 | BE18: =BE17+1 -> 46040 | BF18: =ROUNDUP(COUNTIF(Kassza!$C$7:$C$10000,BE18)/30,0) -> 0 | BG18: =SUM($BF$1:BF17) -> 0
A19: =IF($M$1>=M19,M19,"") | B19: =IF($M$1>=M19,TRIM(VLOOKUP(M19,Kassza!$B$7:$N$10000,4,FALSE)),"") | C19: =IF($M$1>=M19,TRIM(VLOOKUP(M19,Kassza!$B$7:$N$10000,5,FALSE)),"") | D19: =TRIM(IF($M$1>=M19,O19&" "&P19&" "&Q19,IF($M$1=M18,$T$3,IF($M$1=M17,$T$4&G4,"")))) | E19: =IF($M$1>=M19,IF(VLOOKUP(M19,Kassza!$B$7:$N$10000,7,FALSE)<>0,VLOOKUP(M19,Kassza!$B$7:$N$10000,7,FALSE),""),IF($M$1=M18,SUM($E$8:E18),IF($M$1=M17,SUM(E18,-F18),""))) | F19: =IF($M$1>=M19,IF(VLOOKUP(M19,Kassza!$B$7:$N$10000,9,FALSE)<>0,VLOOKUP(M19,Kassza!$B$7:$N$10000,9,FALSE),""),IF($M$1=M18,SUM($F$8:F18),"")) | G19: =IF($M$1>=M19,TRIM(VLOOKUP(M19,Kassza!$B$7:$N$10000,13,FALSE)),"") | M19: =M18+1 -> 11 | O19: =IF($M$1>=M19,TRIM(VLOOKUP(M19,Kassza!$B$7:$N$10000,12,FALSE)),"") | P19: =IF($M$1>=M19,TRIM(VLOOKUP(M19,Kassza!$B$7:$N$10000,6,FALSE)),"") | Q19: =IF($M$1>=M19,TRIM(VLOOKUP(M19,Kassza!$B$7:$N$10000,11,FALSE)),"") | BA19: 19 | BC19: =IF(ISERROR(VLOOKUP(BA19,$BD$1:$BE$366,2,FALSE))=FALSE,VLOOKUP(BA19,$BD$1:$BE$366,2,FALSE),0) -> 0 | BD19: =IF(COUNTIF(Kassza!$C$7:$C$10000,BE19)<>0,BD18+1,BD18) -> 0 | BE19: =BE18+1 -> 46041 | BF19: =ROUNDUP(COUNTIF(Kassza!$C$7:$C$10000,BE19)/30,0) -> 0 | BG19: =SUM($BF$1:BF18) -> 0
A20: =IF($M$1>=M20,M20,"") | B20: =IF($M$1>=M20,TRIM(VLOOKUP(M20,Kassza!$B$7:$N$10000,4,FALSE)),"") | C20: =IF($M$1>=M20,TRIM(VLOOKUP(M20,Kassza!$B$7:$N$10000,5,FALSE)),"") | D20: =TRIM(IF($M$1>=M20,O20&" "&P20&" "&Q20,IF($M$1=M19,$T$3,IF($M$1=M18,$T$4&G4,"")))) | E20: =IF($M$1>=M20,IF(VLOOKUP(M20,Kassza!$B$7:$N$10000,7,FALSE)<>0,VLOOKUP(M20,Kassza!$B$7:$N$10000,7,FALSE),""),IF($M$1=M19,SUM($E$8:E19),IF($M$1=M18,SUM(E19,-F19),""))) | F20: =IF($M$1>=M20,IF(VLOOKUP(M20,Kassza!$B$7:$N$10000,9,FALSE)<>0,VLOOKUP(M20,Kassza!$B$7:$N$10000,9,FALSE),""),IF($M$1=M19,SUM($F$8:F19),"")) | G20: =IF($M$1>=M20,TRIM(VLOOKUP(M20,Kassza!$B$7:$N$10000,13,FALSE)),"") | M20: =M19+1 -> 12 | O20: =IF($M$1>=M20,TRIM(VLOOKUP(M20,Kassza!$B$7:$N$10000,12,FALSE)),"") | P20: =IF($M$1>=M20,TRIM(VLOOKUP(M20,Kassza!$B$7:$N$10000,6,FALSE)),"") | Q20: =IF($M$1>=M20,TRIM(VLOOKUP(M20,Kassza!$B$7:$N$10000,11,FALSE)),"") | BA20: 20 | BC20: =IF(ISERROR(VLOOKUP(BA20,$BD$1:$BE$366,2,FALSE))=FALSE,VLOOKUP(BA20,$BD$1:$BE$366,2,FALSE),0) -> 0 | BD20: =IF(COUNTIF(Kassza!$C$7:$C$10000,BE20)<>0,BD19+1,BD19) -> 0 | BE20: =BE19+1 -> 46042 | BF20: =ROUNDUP(COUNTIF(Kassza!$C$7:$C$10000,BE20)/30,0) -> 0 | BG20: =SUM($BF$1:BF19) -> 0
A21: =IF($M$1>=M21,M21,"") | B21: =IF($M$1>=M21,TRIM(VLOOKUP(M21,Kassza!$B$7:$N$10000,4,FALSE)),"") | C21: =IF($M$1>=M21,TRIM(VLOOKUP(M21,Kassza!$B$7:$N$10000,5,FALSE)),"") | D21: =TRIM(IF($M$1>=M21,O21&" "&P21&" "&Q21,IF($M$1=M20,$T$3,IF($M$1=M19,$T$4&G4,"")))) | E21: =IF($M$1>=M21,IF(VLOOKUP(M21,Kassza!$B$7:$N$10000,7,FALSE)<>0,VLOOKUP(M21,Kassza!$B$7:$N$10000,7,FALSE),""),IF($M$1=M20,SUM($E$8:E20),IF($M$1=M19,SUM(E20,-F20),""))) | F21: =IF($M$1>=M21,IF(VLOOKUP(M21,Kassza!$B$7:$N$10000,9,FALSE)<>0,VLOOKUP(M21,Kassza!$B$7:$N$10000,9,FALSE),""),IF($M$1=M20,SUM($F$8:F20),"")) | G21: =IF($M$1>=M21,TRIM(VLOOKUP(M21,Kassza!$B$7:$N$10000,13,FALSE)),"") | M21: =M20+1 -> 13 | O21: =IF($M$1>=M21,TRIM(VLOOKUP(M21,Kassza!$B$7:$N$10000,12,FALSE)),"") | P21: =IF($M$1>=M21,TRIM(VLOOKUP(M21,Kassza!$B$7:$N$10000,6,FALSE)),"") | Q21: =IF($M$1>=M21,TRIM(VLOOKUP(M21,Kassza!$B$7:$N$10000,11,FALSE)),"") | BA21: 21 | BC21: =IF(ISERROR(VLOOKUP(BA21,$BD$1:$BE$366,2,FALSE))=FALSE,VLOOKUP(BA21,$BD$1:$BE$366,2,FALSE),0) -> 0 | BD21: =IF(COUNTIF(Kassza!$C$7:$C$10000,BE21)<>0,BD20+1,BD20) -> 0 | BE21: =BE20+1 -> 46043 | BF21: =ROUNDUP(COUNTIF(Kassza!$C$7:$C$10000,BE21)/30,0) -> 0 | BG21: =SUM($BF$1:BF20) -> 0
A22: =IF($M$1>=M22,M22,"") | B22: =IF($M$1>=M22,TRIM(VLOOKUP(M22,Kassza!$B$7:$N$10000,4,FALSE)),"") | C22: =IF($M$1>=M22,TRIM(VLOOKUP(M22,Kassza!$B$7:$N$10000,5,FALSE)),"") | D22: =TRIM(IF($M$1>=M22,O22&" "&P22&" "&Q22,IF($M$1=M21,$T$3,IF($M$1=M20,$T$4&G4,"")))) | E22: =IF($M$1>=M22,IF(VLOOKUP(M22,Kassza!$B$7:$N$10000,7,FALSE)<>0,VLOOKUP(M22,Kassza!$B$7:$N$10000,7,FALSE),""),IF($M$1=M21,SUM($E$8:E21),IF($M$1=M20,SUM(E21,-F21),""))) | F22: =IF($M$1>=M22,IF(VLOOKUP(M22,Kassza!$B$7:$N$10000,9,FALSE)<>0,VLOOKUP(M22,Kassza!$B$7:$N$10000,9,FALSE),""),IF($M$1=M21,SUM($F$8:F21),"")) | G22: =IF($M$1>=M22,TRIM(VLOOKUP(M22,Kassza!$B$7:$N$10000,13,FALSE)),"") | M22: =M21+1 -> 14 | O22: =IF($M$1>=M22,TRIM(VLOOKUP(M22,Kassza!$B$7:$N$10000,12,FALSE)),"") | P22: =IF($M$1>=M22,TRIM(VLOOKUP(M22,Kassza!$B$7:$N$10000,6,FALSE)),"") | Q22: =IF($M$1>=M22,TRIM(VLOOKUP(M22,Kassza!$B$7:$N$10000,11,FALSE)),"") | BA22: 22 | BC22: =IF(ISERROR(VLOOKUP(BA22,$BD$1:$BE$366,2,FALSE))=FALSE,VLOOKUP(BA22,$BD$1:$BE$366,2,FALSE),0) -> 0 | BD22: =IF(COUNTIF(Kassza!$C$7:$C$10000,BE22)<>0,BD21+1,BD21) -> 0 | BE22: =BE21+1 -> 46044 | BF22: =ROUNDUP(COUNTIF(Kassza!$C$7:$C$10000,BE22)/30,0) -> 0 | BG22: =SUM($BF$1:BF21) -> 0
A23: =IF($M$1>=M23,M23,"") | B23: =IF($M$1>=M23,TRIM(VLOOKUP(M23,Kassza!$B$7:$N$10000,4,FALSE)),"") | C23: =IF($M$1>=M23,TRIM(VLOOKUP(M23,Kassza!$B$7:$N$10000,5,FALSE)),"") | D23: =TRIM(IF($M$1>=M23,O23&" "&P23&" "&Q23,IF($M$1=M22,$T$3,IF($M$1=M21,$T$4&G4,"")))) | E23: =IF($M$1>=M23,IF(VLOOKUP(M23,Kassza!$B$7:$N$10000,7,FALSE)<>0,VLOOKUP(M23,Kassza!$B$7:$N$10000,7,FALSE),""),IF($M$1=M22,SUM($E$8:E22),IF($M$1=M21,SUM(E22,-F22),""))) | F23: =IF($M$1>=M23,IF(VLOOKUP(M23,Kassza!$B$7:$N$10000,9,FALSE)<>0,VLOOKUP(M23,Kassza!$B$7:$N$10000,9,FALSE),""),IF($M$1=M22,SUM($F$8:F22),"")) | G23: =IF($M$1>=M23,TRIM(VLOOKUP(M23,Kassza!$B$7:$N$10000,13,FALSE)),"") | M23: =M22+1 -> 15 | O23: =IF($M$1>=M23,TRIM(VLOOKUP(M23,Kassza!$B$7:$N$10000,12,FALSE)),"") | P23: =IF($M$1>=M23,TRIM(VLOOKUP(M23,Kassza!$B$7:$N$10000,6,FALSE)),"") | Q23: =IF($M$1>=M23,TRIM(VLOOKUP(M23,Kassza!$B$7:$N$10000,11,FALSE)),"") | BA23: 23 | BC23: =IF(ISERROR(VLOOKUP(BA23,$BD$1:$BE$366,2,FALSE))=FALSE,VLOOKUP(BA23,$BD$1:$BE$366,2,FALSE),0) -> 0 | BD23: =IF(COUNTIF(Kassza!$C$7:$C$10000,BE23)<>0,BD22+1,BD22) -> 0 | BE23: =BE22+1 -> 46045 | BF23: =ROUNDUP(COUNTIF(Kassza!$C$7:$C$10000,BE23)/30,0) -> 0 | BG23: =SUM($BF$1:BF22) -> 0
A24: =IF($M$1>=M24,M24,"") | B24: =IF($M$1>=M24,TRIM(VLOOKUP(M24,Kassza!$B$7:$N$10000,4,FALSE)),"") | C24: =IF($M$1>=M24,TRIM(VLOOKUP(M24,Kassza!$B$7:$N$10000,5,FALSE)),"") | D24: =TRIM(IF($M$1>=M24,O24&" "&P24&" "&Q24,IF($M$1=M23,$T$3,IF($M$1=M22,$T$4&G4,"")))) | E24: =IF($M$1>=M24,IF(VLOOKUP(M24,Kassza!$B$7:$N$10000,7,FALSE)<>0,VLOOKUP(M24,Kassza!$B$7:$N$10000,7,FALSE),""),IF($M$1=M23,SUM($E$8:E23),IF($M$1=M22,SUM(E23,-F23),""))) | F24: =IF($M$1>=M24,IF(VLOOKUP(M24,Kassza!$B$7:$N$10000,9,FALSE)<>0,VLOOKUP(M24,Kassza!$B$7:$N$10000,9,FALSE),""),IF($M$1=M23,SUM($F$8:F23),"")) | G24: =IF($M$1>=M24,TRIM(VLOOKUP(M24,Kassza!$B$7:$N$10000,13,FALSE)),"") | M24: =M23+1 -> 16 | O24: =IF($M$1>=M24,TRIM(VLOOKUP(M24,Kassza!$B$7:$N$10000,12,FALSE)),"") | P24: =IF($M$1>=M24,TRIM(VLOOKUP(M24,Kassza!$B$7:$N$10000,6,FALSE)),"") | Q24: =IF($M$1>=M24,TRIM(VLOOKUP(M24,Kassza!$B$7:$N$10000,11,FALSE)),"") | BA24: 24 | BC24: =IF(ISERROR(VLOOKUP(BA24,$BD$1:$BE$366,2,FALSE))=FALSE,VLOOKUP(BA24,$BD$1:$BE$366,2,FALSE),0) -> 0 | BD24: =IF(COUNTIF(Kassza!$C$7:$C$10000,BE24)<>0,BD23+1,BD23) -> 0 | BE24: =BE23+1 -> 46046 | BF24: =ROUNDUP(COUNTIF(Kassza!$C$7:$C$10000,BE24)/30,0) -> 0 | BG24: =SUM($BF$1:BF23) -> 0
A25: =IF($M$1>=M25,M25,"") | B25: =IF($M$1>=M25,TRIM(VLOOKUP(M25,Kassza!$B$7:$N$10000,4,FALSE)),"") | C25: =IF($M$1>=M25,TRIM(VLOOKUP(M25,Kassza!$B$7:$N$10000,5,FALSE)),"") | D25: =TRIM(IF($M$1>=M25,O25&" "&P25&" "&Q25,IF($M$1=M24,$T$3,IF($M$1=M23,$T$4&G4,"")))) | E25: =IF($M$1>=M25,IF(VLOOKUP(M25,Kassza!$B$7:$N$10000,7,FALSE)<>0,VLOOKUP(M25,Kassza!$B$7:$N$10000,7,FALSE),""),IF($M$1=M24,SUM($E$8:E24),IF($M$1=M23,SUM(E24,-F24),""))) | F25: =IF($M$1>=M25,IF(VLOOKUP(M25,Kassza!$B$7:$N$10000,9,FALSE)<>0,VLOOKUP(M25,Kassza!$B$7:$N$10000,9,FALSE),""),IF($M$1=M24,SUM($F$8:F24),"")) | G25: =IF($M$1>=M25,TRIM(VLOOKUP(M25,Kassza!$B$7:$N$10000,13,FALSE)),"") | M25: =M24+1 -> 17 | O25: =IF($M$1>=M25,TRIM(VLOOKUP(M25,Kassza!$B$7:$N$10000,12,FALSE)),"") | P25: =IF($M$1>=M25,TRIM(VLOOKUP(M25,Kassza!$B$7:$N$10000,6,FALSE)),"") | Q25: =IF($M$1>=M25,TRIM(VLOOKUP(M25,Kassza!$B$7:$N$10000,11,FALSE)),"") | BA25: 25 | BC25: =IF(ISERROR(VLOOKUP(BA25,$BD$1:$BE$366,2,FALSE))=FALSE,VLOOKUP(BA25,$BD$1:$BE$366,2,FALSE),0) -> 0 | BD25: =IF(COUNTIF(Kassza!$C$7:$C$10000,BE25)<>0,BD24+1,BD24) -> 0 | BE25: =BE24+1 -> 46047 | BF25: =ROUNDUP(COUNTIF(Kassza!$C$7:$C$10000,BE25)/30,0) -> 0 | BG25: =SUM($BF$1:BF24) -> 0
A26: =IF($M$1>=M26,M26,"") | B26: =IF($M$1>=M26,TRIM(VLOOKUP(M26,Kassza!$B$7:$N$10000,4,FALSE)),"") | C26: =IF($M$1>=M26,TRIM(VLOOKUP(M26,Kassza!$B$7:$N$10000,5,FALSE)),"") | D26: =TRIM(IF($M$1>=M26,O26&" "&P26&" "&Q26,IF($M$1=M25,$T$3,IF($M$1=M24,$T$4&G4,"")))) | E26: =IF($M$1>=M26,IF(VLOOKUP(M26,Kassza!$B$7:$N$10000,7,FALSE)<>0,VLOOKUP(M26,Kassza!$B$7:$N$10000,7,FALSE),""),IF($M$1=M25,SUM($E$8:E25),IF($M$1=M24,SUM(E25,-F25),""))) | F26: =IF($M$1>=M26,IF(VLOOKUP(M26,Kassza!$B$7:$N$10000,9,FALSE)<>0,VLOOKUP(M26,Kassza!$B$7:$N$10000,9,FALSE),""),IF($M$1=M25,SUM($F$8:F25),"")) | G26: =IF($M$1>=M26,TRIM(VLOOKUP(M26,Kassza!$B$7:$N$10000,13,FALSE)),"") | M26: =M25+1 -> 18 | O26: =IF($M$1>=M26,TRIM(VLOOKUP(M26,Kassza!$B$7:$N$10000,12,FALSE)),"") | P26: =IF($M$1>=M26,TRIM(VLOOKUP(M26,Kassza!$B$7:$N$10000,6,FALSE)),"") | Q26: =IF($M$1>=M26,TRIM(VLOOKUP(M26,Kassza!$B$7:$N$10000,11,FALSE)),"") | BA26: 26 | BC26: =IF(ISERROR(VLOOKUP(BA26,$BD$1:$BE$366,2,FALSE))=FALSE,VLOOKUP(BA26,$BD$1:$BE$366,2,FALSE),0) -> 0 | BD26: =IF(COUNTIF(Kassza!$C$7:$C$10000,BE26)<>0,BD25+1,BD25) -> 0 | BE26: =BE25+1 -> 46048 | BF26: =ROUNDUP(COUNTIF(Kassza!$C$7:$C$10000,BE26)/30,0) -> 0 | BG26: =SUM($BF$1:BF25) -> 0
A27: =IF($M$1>=M27,M27,"") | B27: =IF($M$1>=M27,TRIM(VLOOKUP(M27,Kassza!$B$7:$N$10000,4,FALSE)),"") | C27: =IF($M$1>=M27,TRIM(VLOOKUP(M27,Kassza!$B$7:$N$10000,5,FALSE)),"") | D27: =TRIM(IF($M$1>=M27,O27&" "&P27&" "&Q27,IF($M$1=M26,$T$3,IF($M$1=M25,$T$4&G4,"")))) | E27: =IF($M$1>=M27,IF(VLOOKUP(M27,Kassza!$B$7:$N$10000,7,FALSE)<>0,VLOOKUP(M27,Kassza!$B$7:$N$10000,7,FALSE),""),IF($M$1=M26,SUM($E$8:E26),IF($M$1=M25,SUM(E26,-F26),""))) | F27: =IF($M$1>=M27,IF(VLOOKUP(M27,Kassza!$B$7:$N$10000,9,FALSE)<>0,VLOOKUP(M27,Kassza!$B$7:$N$10000,9,FALSE),""),IF($M$1=M26,SUM($F$8:F26),"")) | G27: =IF($M$1>=M27,TRIM(VLOOKUP(M27,Kassza!$B$7:$N$10000,13,FALSE)),"") | M27: =M26+1 -> 19 | O27: =IF($M$1>=M27,TRIM(VLOOKUP(M27,Kassza!$B$7:$N$10000,12,FALSE)),"") | P27: =IF($M$1>=M27,TRIM(VLOOKUP(M27,Kassza!$B$7:$N$10000,6,FALSE)),"") | Q27: =IF($M$1>=M27,TRIM(VLOOKUP(M27,Kassza!$B$7:$N$10000,11,FALSE)),"") | BA27: 27 | BC27: =IF(ISERROR(VLOOKUP(BA27,$BD$1:$BE$366,2,FALSE))=FALSE,VLOOKUP(BA27,$BD$1:$BE$366,2,FALSE),0) -> 0 | BD27: =IF(COUNTIF(Kassza!$C$7:$C$10000,BE27)<>0,BD26+1,BD26) -> 0 | BE27: =BE26+1 -> 46049 | BF27: =ROUNDUP(COUNTIF(Kassza!$C$7:$C$10000,BE27)/30,0) -> 0 | BG27: =SUM($BF$1:BF26) -> 0
A28: =IF($M$1>=M28,M28,"") | B28: =IF($M$1>=M28,TRIM(VLOOKUP(M28,Kassza!$B$7:$N$10000,4,FALSE)),"") | C28: =IF($M$1>=M28,TRIM(VLOOKUP(M28,Kassza!$B$7:$N$10000,5,FALSE)),"") | D28: =TRIM(IF($M$1>=M28,O28&" "&P28&" "&Q28,IF($M$1=M27,$T$3,IF($M$1=M26,$T$4&G4,"")))) | E28: =IF($M$1>=M28,IF(VLOOKUP(M28,Kassza!$B$7:$N$10000,7,FALSE)<>0,VLOOKUP(M28,Kassza!$B$7:$N$10000,7,FALSE),""),IF($M$1=M27,SUM($E$8:E27),IF($M$1=M26,SUM(E27,-F27),""))) | F28: =IF($M$1>=M28,IF(VLOOKUP(M28,Kassza!$B$7:$N$10000,9,FALSE)<>0,VLOOKUP(M28,Kassza!$B$7:$N$10000,9,FALSE),""),IF($M$1=M27,SUM($F$8:F27),"")) | G28: =IF($M$1>=M28,TRIM(VLOOKUP(M28,Kassza!$B$7:$N$10000,13,FALSE)),"") | M28: =M27+1 -> 20 | O28: =IF($M$1>=M28,TRIM(VLOOKUP(M28,Kassza!$B$7:$N$10000,12,FALSE)),"") | P28: =IF($M$1>=M28,TRIM(VLOOKUP(M28,Kassza!$B$7:$N$10000,6,FALSE)),"") | Q28: =IF($M$1>=M28,TRIM(VLOOKUP(M28,Kassza!$B$7:$N$10000,11,FALSE)),"") | BA28: 28 | BC28: =IF(ISERROR(VLOOKUP(BA28,$BD$1:$BE$366,2,FALSE))=FALSE,VLOOKUP(BA28,$BD$1:$BE$366,2,FALSE),0) -> 0 | BD28: =IF(COUNTIF(Kassza!$C$7:$C$10000,BE28)<>0,BD27+1,BD27) -> 0 | BE28: =BE27+1 -> 46050 | BF28: =ROUNDUP(COUNTIF(Kassza!$C$7:$C$10000,BE28)/30,0) -> 0 | BG28: =SUM($BF$1:BF27) -> 0
A29: =IF($M$1>=M29,M29,"") | B29: =IF($M$1>=M29,TRIM(VLOOKUP(M29,Kassza!$B$7:$N$10000,4,FALSE)),"") | C29: =IF($M$1>=M29,TRIM(VLOOKUP(M29,Kassza!$B$7:$N$10000,5,FALSE)),"") | D29: =TRIM(IF($M$1>=M29,O29&" "&P29&" "&Q29,IF($M$1=M28,$T$3,IF($M$1=M27,$T$4&G4,"")))) | E29: =IF($M$1>=M29,IF(VLOOKUP(M29,Kassza!$B$7:$N$10000,7,FALSE)<>0,VLOOKUP(M29,Kassza!$B$7:$N$10000,7,FALSE),""),IF($M$1=M28,SUM($E$8:E28),IF($M$1=M27,SUM(E28,-F28),""))) | F29: =IF($M$1>=M29,IF(VLOOKUP(M29,Kassza!$B$7:$N$10000,9,FALSE)<>0,VLOOKUP(M29,Kassza!$B$7:$N$10000,9,FALSE),""),IF($M$1=M28,SUM($F$8:F28),"")) | G29: =IF($M$1>=M29,TRIM(VLOOKUP(M29,Kassza!$B$7:$N$10000,13,FALSE)),"") | M29: =M28+1 -> 21 | O29: =IF($M$1>=M29,TRIM(VLOOKUP(M29,Kassza!$B$7:$N$10000,12,FALSE)),"") | P29: =IF($M$1>=M29,TRIM(VLOOKUP(M29,Kassza!$B$7:$N$10000,6,FALSE)),"") | Q29: =IF($M$1>=M29,TRIM(VLOOKUP(M29,Kassza!$B$7:$N$10000,11,FALSE)),"") | BA29: 29 | BC29: =IF(ISERROR(VLOOKUP(BA29,$BD$1:$BE$366,2,FALSE))=FALSE,VLOOKUP(BA29,$BD$1:$BE$366,2,FALSE),0) -> 0 | BD29: =IF(COUNTIF(Kassza!$C$7:$C$10000,BE29)<>0,BD28+1,BD28) -> 0 | BE29: =BE28+1 -> 46051 | BF29: =ROUNDUP(COUNTIF(Kassza!$C$7:$C$10000,BE29)/30,0) -> 0 | BG29: =SUM($BF$1:BF28) -> 0
A30: =IF($M$1>=M30,M30,"") | B30: =IF($M$1>=M30,TRIM(VLOOKUP(M30,Kassza!$B$7:$N$10000,4,FALSE)),"") | C30: =IF($M$1>=M30,TRIM(VLOOKUP(M30,Kassza!$B$7:$N$10000,5,FALSE)),"") | D30: =TRIM(IF($M$1>=M30,O30&" "&P30&" "&Q30,IF($M$1=M29,$T$3,IF($M$1=M28,$T$4&G4,"")))) | E30: =IF($M$1>=M30,IF(VLOOKUP(M30,Kassza!$B$7:$N$10000,7,FALSE)<>0,VLOOKUP(M30,Kassza!$B$7:$N$10000,7,FALSE),""),IF($M$1=M29,SUM($E$8:E29),IF($M$1=M28,SUM(E29,-F29),""))) | F30: =IF($M$1>=M30,IF(VLOOKUP(M30,Kassza!$B$7:$N$10000,9,FALSE)<>0,VLOOKUP(M30,Kassza!$B$7:$N$10000,9,FALSE),""),IF($M$1=M29,SUM($F$8:F29),"")) | G30: =IF($M$1>=M30,TRIM(VLOOKUP(M30,Kassza!$B$7:$N$10000,13,FALSE)),"") | M30: =M29+1 -> 22 | O30: =IF($M$1>=M30,TRIM(VLOOKUP(M30,Kassza!$B$7:$N$10000,12,FALSE)),"") | P30: =IF($M$1>=M30,TRIM(VLOOKUP(M30,Kassza!$B$7:$N$10000,6,FALSE)),"") | Q30: =IF($M$1>=M30,TRIM(VLOOKUP(M30,Kassza!$B$7:$N$10000,11,FALSE)),"") | BA30: 30 | BC30: =IF(ISERROR(VLOOKUP(BA30,$BD$1:$BE$366,2,FALSE))=FALSE,VLOOKUP(BA30,$BD$1:$BE$366,2,FALSE),0) -> 0 | BD30: =IF(COUNTIF(Kassza!$C$7:$C$10000,BE30)<>0,BD29+1,BD29) -> 0 | BE30: =BE29+1 -> 46052 | BF30: =ROUNDUP(COUNTIF(Kassza!$C$7:$C$10000,BE30)/30,0) -> 0 | BG30: =SUM($BF$1:BF29) -> 0
A31: =IF($M$1>=M31,M31,"") | B31: =IF($M$1>=M31,TRIM(VLOOKUP(M31,Kassza!$B$7:$N$10000,4,FALSE)),"") | C31: =IF($M$1>=M31,TRIM(VLOOKUP(M31,Kassza!$B$7:$N$10000,5,FALSE)),"") | D31: =TRIM(IF($M$1>=M31,O31&" "&P31&" "&Q31,IF($M$1=M30,$T$3,IF($M$1=M29,$T$4&G4,"")))) | E31: =IF($M$1>=M31,IF(VLOOKUP(M31,Kassza!$B$7:$N$10000,7,FALSE)<>0,VLOOKUP(M31,Kassza!$B$7:$N$10000,7,FALSE),""),IF($M$1=M30,SUM($E$8:E30),IF($M$1=M29,SUM(E30,-F30),""))) | F31: =IF($M$1>=M31,IF(VLOOKUP(M31,Kassza!$B$7:$N$10000,9,FALSE)<>0,VLOOKUP(M31,Kassza!$B$7:$N$10000,9,FALSE),""),IF($M$1=M30,SUM($F$8:F30),"")) | G31: =IF($M$1>=M31,TRIM(VLOOKUP(M31,Kassza!$B$7:$N$10000,13,FALSE)),"") | M31: =M30+1 -> 23 | O31: =IF($M$1>=M31,TRIM(VLOOKUP(M31,Kassza!$B$7:$N$10000,12,FALSE)),"") | P31: =IF($M$1>=M31,TRIM(VLOOKUP(M31,Kassza!$B$7:$N$10000,6,FALSE)),"") | Q31: =IF($M$1>=M31,TRIM(VLOOKUP(M31,Kassza!$B$7:$N$10000,11,FALSE)),"") | BA31: 31 | BC31: =IF(ISERROR(VLOOKUP(BA31,$BD$1:$BE$366,2,FALSE))=FALSE,VLOOKUP(BA31,$BD$1:$BE$366,2,FALSE),0) -> 0 | BD31: =IF(COUNTIF(Kassza!$C$7:$C$10000,BE31)<>0,BD30+1,BD30) -> 0 | BE31: =BE30+1 -> 46053 | BF31: =ROUNDUP(COUNTIF(Kassza!$C$7:$C$10000,BE31)/30,0) -> 0 | BG31: =SUM($BF$1:BF30) -> 0
A32: =IF($M$1>=M32,M32,"") | B32: =IF($M$1>=M32,TRIM(VLOOKUP(M32,Kassza!$B$7:$N$10000,4,FALSE)),"") | C32: =IF($M$1>=M32,TRIM(VLOOKUP(M32,Kassza!$B$7:$N$10000,5,FALSE)),"") | D32: =TRIM(IF($M$1>=M32,O32&" "&P32&" "&Q32,IF($M$1=M31,$T$3,IF($M$1=M30,$T$4&G4,"")))) | E32: =IF($M$1>=M32,IF(VLOOKUP(M32,Kassza!$B$7:$N$10000,7,FALSE)<>0,VLOOKUP(M32,Kassza!$B$7:$N$10000,7,FALSE),""),IF($M$1=M31,SUM($E$8:E31),IF($M$1=M30,SUM(E31,-F31),""))) | F32: =IF($M$1>=M32,IF(VLOOKUP(M32,Kassza!$B$7:$N$10000,9,FALSE)<>0,VLOOKUP(M32,Kassza!$B$7:$N$10000,9,FALSE),""),IF($M$1=M31,SUM($F$8:F31),"")) | G32: =IF($M$1>=M32,TRIM(VLOOKUP(M32,Kassza!$B$7:$N$10000,13,FALSE)),"") | M32: =M31+1 -> 24 | O32: =IF($M$1>=M32,TRIM(VLOOKUP(M32,Kassza!$B$7:$N$10000,12,FALSE)),"") | P32: =IF($M$1>=M32,TRIM(VLOOKUP(M32,Kassza!$B$7:$N$10000,6,FALSE)),"") | Q32: =IF($M$1>=M32,TRIM(VLOOKUP(M32,Kassza!$B$7:$N$10000,11,FALSE)),"") | BA32: 32 | BC32: =IF(ISERROR(VLOOKUP(BA32,$BD$1:$BE$366,2,FALSE))=FALSE,VLOOKUP(BA32,$BD$1:$BE$366,2,FALSE),0) -> 0 | BD32: =IF(COUNTIF(Kassza!$C$7:$C$10000,BE32)<>0,BD31+1,BD31) -> 0 | BE32: =BE31+1 -> 46054 | BF32: =ROUNDUP(COUNTIF(Kassza!$C$7:$C$10000,BE32)/30,0) -> 0 | BG32: =SUM($BF$1:BF31) -> 0
A33: =IF($M$1>=M33,M33,"") | B33: =IF($M$1>=M33,TRIM(VLOOKUP(M33,Kassza!$B$7:$N$10000,4,FALSE)),"") | C33: =IF($M$1>=M33,TRIM(VLOOKUP(M33,Kassza!$B$7:$N$10000,5,FALSE)),"") | D33: =TRIM(IF($M$1>=M33,O33&" "&P33&" "&Q33,IF($M$1=M32,$T$3,IF($M$1=M31,$T$4&G4,"")))) | E33: =IF($M$1>=M33,IF(VLOOKUP(M33,Kassza!$B$7:$N$10000,7,FALSE)<>0,VLOOKUP(M33,Kassza!$B$7:$N$10000,7,FALSE),""),IF($M$1=M32,SUM($E$8:E32),IF($M$1=M31,SUM(E32,-F32),""))) | F33: =IF($M$1>=M33,IF(VLOOKUP(M33,Kassza!$B$7:$N$10000,9,FALSE)<>0,VLOOKUP(M33,Kassza!$B$7:$N$10000,9,FALSE),""),IF($M$1=M32,SUM($F$8:F32),"")) | G33: =IF($M$1>=M33,TRIM(VLOOKUP(M33,Kassza!$B$7:$N$10000,13,FALSE)),"") | M33: =M32+1 -> 25 | O33: =IF($M$1>=M33,TRIM(VLOOKUP(M33,Kassza!$B$7:$N$10000,12,FALSE)),"") | P33: =IF($M$1>=M33,TRIM(VLOOKUP(M33,Kassza!$B$7:$N$10000,6,FALSE)),"") | Q33: =IF($M$1>=M33,TRIM(VLOOKUP(M33,Kassza!$B$7:$N$10000,11,FALSE)),"") | BA33: 33 | BC33: =IF(ISERROR(VLOOKUP(BA33,$BD$1:$BE$366,2,FALSE))=FALSE,VLOOKUP(BA33,$BD$1:$BE$366,2,FALSE),0) -> 0 | BD33: =IF(COUNTIF(Kassza!$C$7:$C$10000,BE33)<>0,BD32+1,BD32) -> 0 | BE33: =BE32+1 -> 46055 | BF33: =ROUNDUP(COUNTIF(Kassza!$C$7:$C$10000,BE33)/30,0) -> 0 | BG33: =SUM($BF$1:BF32) -> 0
A34: =IF($M$1>=M34,M34,"") | B34: =IF($M$1>=M34,TRIM(VLOOKUP(M34,Kassza!$B$7:$N$10000,4,FALSE)),"") | C34: =IF($M$1>=M34,TRIM(VLOOKUP(M34,Kassza!$B$7:$N$10000,5,FALSE)),"") | D34: =TRIM(IF($M$1>=M34,O34&" "&P34&" "&Q34,IF($M$1=M33,$T$3,IF($M$1=M32,$T$4&G4,"")))) | E34: =IF($M$1>=M34,IF(VLOOKUP(M34,Kassza!$B$7:$N$10000,7,FALSE)<>0,VLOOKUP(M34,Kassza!$B$7:$N$10000,7,FALSE),""),IF($M$1=M33,SUM($E$8:E33),IF($M$1=M32,SUM(E33,-F33),""))) | F34: =IF($M$1>=M34,IF(VLOOKUP(M34,Kassza!$B$7:$N$10000,9,FALSE)<>0,VLOOKUP(M34,Kassza!$B$7:$N$10000,9,FALSE),""),IF($M$1=M33,SUM($F$8:F33),"")) | G34: =IF($M$1>=M34,TRIM(VLOOKUP(M34,Kassza!$B$7:$N$10000,13,FALSE)),"") | M34: =M33+1 -> 26 | O34: =IF($M$1>=M34,TRIM(VLOOKUP(M34,Kassza!$B$7:$N$10000,12,FALSE)),"") | P34: =IF($M$1>=M34,TRIM(VLOOKUP(M34,Kassza!$B$7:$N$10000,6,FALSE)),"") | Q34: =IF($M$1>=M34,TRIM(VLOOKUP(M34,Kassza!$B$7:$N$10000,11,FALSE)),"") | BA34: 34 | BC34: =IF(ISERROR(VLOOKUP(BA34,$BD$1:$BE$366,2,FALSE))=FALSE,VLOOKUP(BA34,$BD$1:$BE$366,2,FALSE),0) -> 0 | BD34: =IF(COUNTIF(Kassza!$C$7:$C$10000,BE34)<>0,BD33+1,BD33) -> 0 | BE34: =BE33+1 -> 46056 | BF34: =ROUNDUP(COUNTIF(Kassza!$C$7:$C$10000,BE34)/30,0) -> 0 | BG34: =SUM($BF$1:BF33) -> 0
A35: =IF($M$1>=M35,M35,"") | B35: =IF($M$1>=M35,TRIM(VLOOKUP(M35,Kassza!$B$7:$N$10000,4,FALSE)),"") | C35: =IF($M$1>=M35,TRIM(VLOOKUP(M35,Kassza!$B$7:$N$10000,5,FALSE)),"") | D35: =TRIM(IF($M$1>=M35,O35&" "&P35&" "&Q35,IF($M$1=M34,$T$3,IF($M$1=M33,$T$4&G4,"")))) | E35: =IF($M$1>=M35,IF(VLOOKUP(M35,Kassza!$B$7:$N$10000,7,FALSE)<>0,VLOOKUP(M35,Kassza!$B$7:$N$10000,7,FALSE),""),IF($M$1=M34,SUM($E$8:E34),IF($M$1=M33,SUM(E34,-F34),""))) | F35: =IF($M$1>=M35,IF(VLOOKUP(M35,Kassza!$B$7:$N$10000,9,FALSE)<>0,VLOOKUP(M35,Kassza!$B$7:$N$10000,9,FALSE),""),IF($M$1=M34,SUM($F$8:F34),"")) | G35: =IF($M$1>=M35,TRIM(VLOOKUP(M35,Kassza!$B$7:$N$10000,13,FALSE)),"") | M35: =M34+1 -> 27 | O35: =IF($M$1>=M35,TRIM(VLOOKUP(M35,Kassza!$B$7:$N$10000,12,FALSE)),"") | P35: =IF($M$1>=M35,TRIM(VLOOKUP(M35,Kassza!$B$7:$N$10000,6,FALSE)),"") | Q35: =IF($M$1>=M35,TRIM(VLOOKUP(M35,Kassza!$B$7:$N$10000,11,FALSE)),"") | BA35: 35 | BC35: =IF(ISERROR(VLOOKUP(BA35,$BD$1:$BE$366,2,FALSE))=FALSE,VLOOKUP(BA35,$BD$1:$BE$366,2,FALSE),0) -> 0 | BD35: =IF(COUNTIF(Kassza!$C$7:$C$10000,BE35)<>0,BD34+1,BD34) -> 0 | BE35: =BE34+1 -> 46057 | BF35: =ROUNDUP(COUNTIF(Kassza!$C$7:$C$10000,BE35)/30,0) -> 0 | BG35: =SUM($BF$1:BF34) -> 0
A36: =IF($M$1>=M36,M36,"") | B36: =IF($M$1>=M36,TRIM(VLOOKUP(M36,Kassza!$B$7:$N$10000,4,FALSE)),"") | C36: =IF($M$1>=M36,TRIM(VLOOKUP(M36,Kassza!$B$7:$N$10000,5,FALSE)),"") | D36: =TRIM(IF($M$1>=M36,O36&" "&P36&" "&Q36,IF($M$1=M35,$T$3,IF($M$1=M34,$T$4&G4,"")))) | E36: =IF($M$1>=M36,IF(VLOOKUP(M36,Kassza!$B$7:$N$10000,7,FALSE)<>0,VLOOKUP(M36,Kassza!$B$7:$N$10000,7,FALSE),""),IF($M$1=M35,SUM($E$8:E35),IF($M$1=M34,SUM(E35,-F35),""))) | F36: =IF($M$1>=M36,IF(VLOOKUP(M36,Kassza!$B$7:$N$10000,9,FALSE)<>0,VLOOKUP(M36,Kassza!$B$7:$N$10000,9,FALSE),""),IF($M$1=M35,SUM($F$8:F35),"")) | G36: =IF($M$1>=M36,TRIM(VLOOKUP(M36,Kassza!$B$7:$N$10000,13,FALSE)),"") | M36: =M35+1 -> 28 | O36: =IF($M$1>=M36,TRIM(VLOOKUP(M36,Kassza!$B$7:$N$10000,12,FALSE)),"") | P36: =IF($M$1>=M36,TRIM(VLOOKUP(M36,Kassza!$B$7:$N$10000,6,FALSE)),"") | Q36: =IF($M$1>=M36,TRIM(VLOOKUP(M36,Kassza!$B$7:$N$10000,11,FALSE)),"") | BA36: 36 | BC36: =IF(ISERROR(VLOOKUP(BA36,$BD$1:$BE$366,2,FALSE))=FALSE,VLOOKUP(BA36,$BD$1:$BE$366,2,FALSE),0) -> 0 | BD36: =IF(COUNTIF(Kassza!$C$7:$C$10000,BE36)<>0,BD35+1,BD35) -> 0 | BE36: =BE35+1 -> 46058 | BF36: =ROUNDUP(COUNTIF(Kassza!$C$7:$C$10000,BE36)/30,0) -> 0 | BG36: =SUM($BF$1:BF35) -> 0
A37: =IF($M$1>=M37,M37,"") | B37: =IF($M$1>=M37,TRIM(VLOOKUP(M37,Kassza!$B$7:$N$10000,4,FALSE)),"") | C37: =IF($M$1>=M37,TRIM(VLOOKUP(M37,Kassza!$B$7:$N$10000,5,FALSE)),"") | D37: =TRIM(IF($M$1>=M37,O37&" "&P37&" "&Q37,IF($M$1=M36,$T$3,IF($M$1=M35,$T$4&G4,"")))) | E37: =IF($M$1>=M37,IF(VLOOKUP(M37,Kassza!$B$7:$N$10000,7,FALSE)<>0,VLOOKUP(M37,Kassza!$B$7:$N$10000,7,FALSE),""),IF($M$1=M36,SUM($E$8:E36),IF($M$1=M35,SUM(E36,-F36),""))) | F37: =IF($M$1>=M37,IF(VLOOKUP(M37,Kassza!$B$7:$N$10000,9,FALSE)<>0,VLOOKUP(M37,Kassza!$B$7:$N$10000,9,FALSE),""),IF($M$1=M36,SUM($F$8:F36),"")) | G37: =IF($M$1>=M37,TRIM(VLOOKUP(M37,Kassza!$B$7:$N$10000,13,FALSE)),"") | M37: =M36+1 -> 29 | O37: =IF($M$1>=M37,TRIM(VLOOKUP(M37,Kassza!$B$7:$N$10000,12,FALSE)),"") | P37: =IF($M$1>=M37,TRIM(VLOOKUP(M37,Kassza!$B$7:$N$10000,6,FALSE)),"") | Q37: =IF($M$1>=M37,TRIM(VLOOKUP(M37,Kassza!$B$7:$N$10000,11,FALSE)),"") | BA37: 37 | BC37: =IF(ISERROR(VLOOKUP(BA37,$BD$1:$BE$366,2,FALSE))=FALSE,VLOOKUP(BA37,$BD$1:$BE$366,2,FALSE),0) -> 0 | BD37: =IF(COUNTIF(Kassza!$C$7:$C$10000,BE37)<>0,BD36+1,BD36) -> 0 | BE37: =BE36+1 -> 46059 | BF37: =ROUNDUP(COUNTIF(Kassza!$C$7:$C$10000,BE37)/30,0) -> 0 | BG37: =SUM($BF$1:BF36) -> 0
A38: =IF($M$1>=M38,M38,"") | B38: =IF($M$1>=M38,TRIM(VLOOKUP(M38,Kassza!$B$7:$N$10000,4,FALSE)),"") | C38: =IF($M$1>=M38,TRIM(VLOOKUP(M38,Kassza!$B$7:$N$10000,5,FALSE)),"") | D38: =TRIM(IF($M$1>=M38,O38&" "&P38&" "&Q38,IF($M$1=M37,$T$3,IF($M$1=M36,$T$4&G4,"")))) | E38: =IF($M$1>=M38,IF(VLOOKUP(M38,Kassza!$B$7:$N$10000,7,FALSE)<>0,VLOOKUP(M38,Kassza!$B$7:$N$10000,7,FALSE),""),IF($M$1=M37,SUM($E$8:E37),IF($M$1=M36,SUM(E37,-F37),""))) | F38: =IF($M$1>=M38,IF(VLOOKUP(M38,Kassza!$B$7:$N$10000,9,FALSE)<>0,VLOOKUP(M38,Kassza!$B$7:$N$10000,9,FALSE),""),IF($M$1=M37,SUM($F$8:F37),"")) | G38: =IF($M$1>=M38,TRIM(VLOOKUP(M38,Kassza!$B$7:$N$10000,13,FALSE)),"") | M38: =M37+1 -> 30 | O38: =IF($M$1>=M38,TRIM(VLOOKUP(M38,Kassza!$B$7:$N$10000,12,FALSE)),"") | P38: =IF($M$1>=M38,TRIM(VLOOKUP(M38,Kassza!$B$7:$N$10000,6,FALSE)),"") | Q38: =IF($M$1>=M38,TRIM(VLOOKUP(M38,Kassza!$B$7:$N$10000,11,FALSE)),"") | BA38: 38 | BC38: =IF(ISERROR(VLOOKUP(BA38,$BD$1:$BE$366,2,FALSE))=FALSE,VLOOKUP(BA38,$BD$1:$BE$366,2,FALSE),0) -> 0 | BD38: =IF(COUNTIF(Kassza!$C$7:$C$10000,BE38)<>0,BD37+1,BD37) -> 0 | BE38: =BE37+1 -> 46060 | BF38: =ROUNDUP(COUNTIF(Kassza!$C$7:$C$10000,BE38)/30,0) -> 0 | BG38: =SUM($BF$1:BF37) -> 0
D39: =TRIM(IF($M$1>M38,$T$5,IF($M$1=M38,$T$3,IF($M$1=M37,$T$2,"")))) | E39: =IF($M$1>M38,SUM(E8:E38),IF($M$1=M38,SUM($E$8:E38),IF($M$1=M37,SUM(E38,-F38),""))) | F39: =IF($M$1>M38,SUM(F8:F38),IF($M$1=M38,SUM($F$8:F38),"")) | BA39: 39 | BC39: =IF(ISERROR(VLOOKUP(BA39,$BD$1:$BE$366,2,FALSE))=FALSE,VLOOKUP(BA39,$BD$1:$BE$366,2,FALSE),0) -> 0 | BD39: =IF(COUNTIF(Kassza!$C$7:$C$10000,BE39)<>0,BD38+1,BD38) -> 0 | BE39: =BE38+1 -> 46061 | BF39: =ROUNDUP(COUNTIF(Kassza!$C$7:$C$10000,BE39)/30,0) -> 0 | BG39: =SUM($BF$1:BF38) -> 0
D40: =TRIM(IF($M$1=M38,$T$4&G4,"")) | E40: =IF($M$1=M38,SUM(E39,-F39),"") | BA40: 40 | BC40: =IF(ISERROR(VLOOKUP(BA40,$BD$1:$BE$366,2,FALSE))=FALSE,VLOOKUP(BA40,$BD$1:$BE$366,2,FALSE),0) -> 0 | BD40: =IF(COUNTIF(Kassza!$C$7:$C$10000,BE40)<>0,BD39+1,BD39) -> 0 | BE40: =BE39+1 -> 46062 | BF40: =ROUNDUP(COUNTIF(Kassza!$C$7:$C$10000,BE40)/30,0) -> 0 | BG40: =SUM($BF$1:BF39) -> 0
G41: ="pg. "&M4 -> pg. 1 | BA41: 41 | BC41: =IF(ISERROR(VLOOKUP(BA41,$BD$1:$BE$366,2,FALSE))=FALSE,VLOOKUP(BA41,$BD$1:$BE$366,2,FALSE),0) -> 0 | BD41: =IF(COUNTIF(Kassza!$C$7:$C$10000,BE41)<>0,BD40+1,BD40) -> 0 | BE41: =BE40+1 -> 46063 | BF41: =ROUNDUP(COUNTIF(Kassza!$C$7:$C$10000,BE41)/30,0) -> 0 | BG41: =SUM($BF$1:BF40) -> 0
BA42: 42 | BC42: =IF(ISERROR(VLOOKUP(BA42,$BD$1:$BE$366,2,FALSE))=FALSE,VLOOKUP(BA42,$BD$1:$BE$366,2,FALSE),0) -> 0 | BD42: =IF(COUNTIF(Kassza!$C$7:$C$10000,BE42)<>0,BD41+1,BD41) -> 0 | BE42: =BE41+1 -> 46064 | BF42: =ROUNDUP(COUNTIF(Kassza!$C$7:$C$10000,BE42)/30,0) -> 0 | BG42: =SUM($BF$1:BF41) -> 0
BA43: 43 | BC43: =IF(ISERROR(VLOOKUP(BA43,$BD$1:$BE$366,2,FALSE))=FALSE,VLOOKUP(BA43,$BD$1:$BE$366,2,FALSE),0) -> 0 | BD43: =IF(COUNTIF(Kassza!$C$7:$C$10000,BE43)<>0,BD42+1,BD42) -> 0 | BE43: =BE42+1 -> 46065 | BF43: =ROUNDUP(COUNTIF(Kassza!$C$7:$C$10000,BE43)/30,0) -> 0 | BG43: =SUM($BF$1:BF42) -> 0
BA44: 44 | BB44: =IF(BC44<>0,VLOOKUP(MONTH(BC44),$BK$1:$BL$12,2,FALSE)&DAY(BC44),"--") -> -- | BC44: =IF(ISERROR(VLOOKUP(BA44,$BD$1:$BE$366,2,FALSE))=FALSE,VLOOKUP(BA44,$BD$1:$BE$366,2,FALSE),0) -> 0 | BD44: =IF(COUNTIF(Kassza!$C$7:$C$10000,BE44)<>0,BD43+1,BD43) -> 0 | BE44: =BE43+1 -> 46066 | BF44: =ROUNDUP(COUNTIF(Kassza!$C$7:$C$10000,BE44)/30,0) -> 0 | BG44: =SUM($BF$1:BF43) -> 0
BA45: 45 | BB45: =IF(BC45<>0,VLOOKUP(MONTH(BC45),$BK$1:$BL$12,2,FALSE)&DAY(BC45),"--") -> -- | BC45: =IF(ISERROR(VLOOKUP(BA45,$BD$1:$BE$366,2,FALSE))=FALSE,VLOOKUP(BA45,$BD$1:$BE$366,2,FALSE),0) -> 0 | BD45: =IF(COUNTIF(Kassza!$C$7:$C$10000,BE45)<>0,BD44+1,BD44) -> 0 | BE45: =BE44+1 -> 46067 | BF45: =ROUNDUP(COUNTIF(Kassza!$C$7:$C$10000,BE45)/30,0) -> 0 | BG45: =SUM($BF$1:BF44) -> 0
BA46: 46 | BB46: =IF(BC46<>0,VLOOKUP(MONTH(BC46),$BK$1:$BL$12,2,FALSE)&DAY(BC46),"--") -> -- | BC46: =IF(ISERROR(VLOOKUP(BA46,$BD$1:$BE$366,2,FALSE))=FALSE,VLOOKUP(BA46,$BD$1:$BE$366,2,FALSE),0) -> 0 | BD46: =IF(COUNTIF(Kassza!$C$7:$C$10000,BE46)<>0,BD45+1,BD45) -> 0 | BE46: =BE45+1 -> 46068 | BF46: =ROUNDUP(COUNTIF(Kassza!$C$7:$C$10000,BE46)/30,0) -> 0 | BG46: =SUM($BF$1:BF45) -> 0
BA47: 47 | BB47: =IF(BC47<>0,VLOOKUP(MONTH(BC47),$BK$1:$BL$12,2,FALSE)&DAY(BC47),"--") -> -- | BC47: =IF(ISERROR(VLOOKUP(BA47,$BD$1:$BE$366,2,FALSE))=FALSE,VLOOKUP(BA47,$BD$1:$BE$366,2,FALSE),0) -> 0 | BD47: =IF(COUNTIF(Kassza!$C$7:$C$10000,BE47)<>0,BD46+1,BD46) -> 0 | BE47: =BE46+1 -> 46069 | BF47: =ROUNDUP(COUNTIF(Kassza!$C$7:$C$10000,BE47)/30,0) -> 0 | BG47: =SUM($BF$1:BF46) -> 0
BA48: 48 | BB48: =IF(BC48<>0,VLOOKUP(MONTH(BC48),$BK$1:$BL$12,2,FALSE)&DAY(BC48),"--") -> -- | BC48: =IF(ISERROR(VLOOKUP(BA48,$BD$1:$BE$366,2,FALSE))=FALSE,VLOOKUP(BA48,$BD$1:$BE$366,2,FALSE),0) -> 0 | BD48: =IF(COUNTIF(Kassza!$C$7:$C$10000,BE48)<>0,BD47+1,BD47) -> 0 | BE48: =BE47+1 -> 46070 | BF48: =ROUNDUP(COUNTIF(Kassza!$C$7:$C$10000,BE48)/30,0) -> 0 | BG48: =SUM($BF$1:BF47) -> 0
BA49: 49 | BB49: =IF(BC49<>0,VLOOKUP(MONTH(BC49),$BK$1:$BL$12,2,FALSE)&DAY(BC49),"--") -> -- | BC49: =IF(ISERROR(VLOOKUP(BA49,$BD$1:$BE$366,2,FALSE))=FALSE,VLOOKUP(BA49,$BD$1:$BE$366,2,FALSE),0) -> 0 | BD49: =IF(COUNTIF(Kassza!$C$7:$C$10000,BE49)<>0,BD48+1,BD48) -> 0 | BE49: =BE48+1 -> 46071 | BF49: =ROUNDUP(COUNTIF(Kassza!$C$7:$C$10000,BE49)/30,0) -> 0 | BG49: =SUM($BF$1:BF48) -> 0
BA50: 50 | BB50: =IF(BC50<>0,VLOOKUP(MONTH(BC50),$BK$1:$BL$12,2,FALSE)&DAY(BC50),"--") -> -- | BC50: =IF(ISERROR(VLOOKUP(BA50,$BD$1:$BE$366,2,FALSE))=FALSE,VLOOKUP(BA50,$BD$1:$BE$366,2,FALSE),0) -> 0 | BD50: =IF(COUNTIF(Kassza!$C$7:$C$10000,BE50)<>0,BD49+1,BD49) -> 0 | BE50: =BE49+1 -> 46072 | BF50: =ROUNDUP(COUNTIF(Kassza!$C$7:$C$10000,BE50)/30,0) -> 0 | BG50: =SUM($BF$1:BF49) -> 0
BA51: 51 | BB51: =IF(BC51<>0,VLOOKUP(MONTH(BC51),$BK$1:$BL$12,2,FALSE)&DAY(BC51),"--") -> -- | BC51: =IF(ISERROR(VLOOKUP(BA51,$BD$1:$BE$366,2,FALSE))=FALSE,VLOOKUP(BA51,$BD$1:$BE$366,2,FALSE),0) -> 0 | BD51: =IF(COUNTIF(Kassza!$C$7:$C$10000,BE51)<>0,BD50+1,BD50) -> 0 | BE51: =BE50+1 -> 46073 | BF51: =ROUNDUP(COUNTIF(Kassza!$C$7:$C$10000,BE51)/30,0) -> 0 | BG51: =SUM($BF$1:BF50) -> 0
BA52: 52 | BB52: =IF(BC52<>0,VLOOKUP(MONTH(BC52),$BK$1:$BL$12,2,FALSE)&DAY(BC52),"--") -> -- | BC52: =IF(ISERROR(VLOOKUP(BA52,$BD$1:$BE$366,2,FALSE))=FALSE,VLOOKUP(BA52,$BD$1:$BE$366,2,FALSE),0) -> 0 | BD52: =IF(COUNTIF(Kassza!$C$7:$C$10000,BE52)<>0,BD51+1,BD51) -> 0 | BE52: =BE51+1 -> 46074 | BF52: =ROUNDUP(COUNTIF(Kassza!$C$7:$C$10000,BE52)/30,0) -> 0 | BG52: =SUM($BF$1:BF51) -> 0
BA53: 53 | BB53: =IF(BC53<>0,VLOOKUP(MONTH(BC53),$BK$1:$BL$12,2,FALSE)&DAY(BC53),"--") -> -- | BC53: =IF(ISERROR(VLOOKUP(BA53,$BD$1:$BE$366,2,FALSE))=FALSE,VLOOKUP(BA53,$BD$1:$BE$366,2,FALSE),0) -> 0 | BD53: =IF(COUNTIF(Kassza!$C$7:$C$10000,BE53)<>0,BD52+1,BD52) -> 0 | BE53: =BE52+1 -> 46075 | BF53: =ROUNDUP(COUNTIF(Kassza!$C$7:$C$10000,BE53)/30,0) -> 0 | BG53: =SUM($BF$1:BF52) -> 0
BA54: 54 | BB54: =IF(BC54<>0,VLOOKUP(MONTH(BC54),$BK$1:$BL$12,2,FALSE)&DAY(BC54),"--") -> -- | BC54: =IF(ISERROR(VLOOKUP(BA54,$BD$1:$BE$366,2,FALSE))=FALSE,VLOOKUP(BA54,$BD$1:$BE$366,2,FALSE),0) -> 0 | BD54: =IF(COUNTIF(Kassza!$C$7:$C$10000,BE54)<>0,BD53+1,BD53) -> 0 | BE54: =BE53+1 -> 46076 | BF54: =ROUNDUP(COUNTIF(Kassza!$C$7:$C$10000,BE54)/30,0) -> 0 | BG54: =SUM($BF$1:BF53) -> 0
BA55: 55 | BB55: =IF(BC55<>0,VLOOKUP(MONTH(BC55),$BK$1:$BL$12,2,FALSE)&DAY(BC55),"--") -> -- | BC55: =IF(ISERROR(VLOOKUP(BA55,$BD$1:$BE$366,2,FALSE))=FALSE,VLOOKUP(BA55,$BD$1:$BE$366,2,FALSE),0) -> 0 | BD55: =IF(COUNTIF(Kassza!$C$7:$C$10000,BE55)<>0,BD54+1,BD54) -> 0 | BE55: =BE54+1 -> 46077 | BF55: =ROUNDUP(COUNTIF(Kassza!$C$7:$C$10000,BE55)/30,0) -> 0 | BG55: =SUM($BF$1:BF54) -> 0
... BA366: 366 | BB366: =IF(BC366<>0,VLOOKUP(MONTH(BC366),$BK$1:$BL$12,2,FALSE)&DAY(BC366),"--") -> -- | BC366: =IF(ISERROR(VLOOKUP(BA366,$BD$1:$BE$366,2,FALSE))=FALSE,VLOOKUP(BA366,$BD$1:$BE$366,2,FALSE),0) -> 0 | BD366: =IF(COUNTIF(Kassza!$C$7:$C$10000,BE366)<>0,BD365+1,BD365) -> 0 | BE366: =BE365+1 -> 46388 | BF366: =ROUNDUP(COUNTIF(Kassza!$C$7:$C$10000,BE366)/30,0) -> 0 | BG366: =SUM($BF$1:BF365) -> 0

Sheet A
C1: =DATE(Hibak!$A$1,1,1) -> 46023 | D1: =TRIM(Koltsegvetes!B79&Koltsegvetes!V1) -> Református Egyházközség | G1: Napi bevétel: | H1: =SUMIF($C$7:$C$10000,$C$2,$H$7:$H$10000) -> 0 | J1: =C2 -> 46023 | N1: A másolás, kivágás, beillesztés
C2: =IF(MAX(C7:C10000)>C1,MAX(C7:C10000),C1) -> 46023 | G2: Napi kiadás: | H2: =SUMIF($C$7:$C$10000,$C$2,$J$7:$J$10000) -> 0 | N2: műveleteket lehetőleg ne használd!
C3: =DATE(Hibak!$A$1,12,31) -> 46387 | G3: Egyenleg: | H3: =SUM(SUM(H6:H10000),-SUM(J7:J10000)) -> 0
D4: =Hibak!AA3 | N4: Költségvetési
D5: Dátum | E5: Iratszám | F5: Irattip. | G5: Név | H5: Bev. - Összeg | I5: Bevétel - Költ.vet. név | J5: Kiad. - Összeg | K5: Kiadás - költ.vet. név | L5: Megjegyzés | M5: Magyarázat | N5: szám
G6: Előző évi egyenleg:
C7: =IF(AND(D7<>0,D7>=$C$1,D7<=$C$3),D7,IF(SUM(H7:J17)<>0,C1,1)) -> 1 | M7: =IF(I7&K7<>"",VLOOKUP(I7&K7,fif,3,FALSE),"") | N7: =IF(I7&K7<>"",VLOOKUP(I7&K7,fi,2,FALSE),"")
C8: =IF(AND(D8<>0,D8>=$C$1,D8<=$C$3),D8,IF(SUM(H8:J18)<>0,C7,1)) -> 1 | M8: =IF(I8&K8<>"",VLOOKUP(I8&K8,fif,3,FALSE),"") | N8: =IF(I8&K8<>"",VLOOKUP(I8&K8,fi,2,FALSE),"")
C9: =IF(AND(D9<>0,D9>=$C$1,D9<=$C$3),D9,IF(SUM(H9:J19)<>0,C8,1)) -> 1 | M9: =IF(I9&K9<>"",VLOOKUP(I9&K9,fif,3,FALSE),"") | N9: =IF(I9&K9<>"",VLOOKUP(I9&K9,fi,2,FALSE),"")
C10: =IF(AND(D10<>0,D10>=$C$1,D10<=$C$3),D10,IF(SUM(H10:J20)<>0,C9,1)) -> 1 | M10: =IF(I10&K10<>"",VLOOKUP(I10&K10,fif,3,FALSE),"") | N10: =IF(I10&K10<>"",VLOOKUP(I10&K10,fi,2,FALSE),"")
C11: =IF(AND(D11<>0,D11>=$C$1,D11<=$C$3),D11,IF(SUM(H11:J21)<>0,C10,1)) -> 1 | M11: =IF(I11&K11<>"",VLOOKUP(I11&K11,fif,3,FALSE),"") | N11: =IF(I11&K11<>"",VLOOKUP(I11&K11,fi,2,FALSE),"")
C12: =IF(AND(D12<>0,D12>=$C$1,D12<=$C$3),D12,IF(SUM(H12:J22)<>0,C11,1)) -> 1 | M12: =IF(I12&K12<>"",VLOOKUP(I12&K12,fif,3,FALSE),"") | N12: =IF(I12&K12<>"",VLOOKUP(I12&K12,fi,2,FALSE),"")
C13: =IF(AND(D13<>0,D13>=$C$1,D13<=$C$3),D13,IF(SUM(H13:J23)<>0,C12,1)) -> 1 | M13: =IF(I13&K13<>"",VLOOKUP(I13&K13,fif,3,FALSE),"") | N13: =IF(I13&K13<>"",VLOOKUP(I13&K13,fi,2,FALSE),"")
C14: =IF(AND(D14<>0,D14>=$C$1,D14<=$C$3),D14,IF(SUM(H14:J24)<>0,C13,1)) -> 1 | M14: =IF(I14&K14<>"",VLOOKUP(I14&K14,fif,3,FALSE),"") | N14: =IF(I14&K14<>"",VLOOKUP(I14&K14,fi,2,FALSE),"")
C15: =IF(AND(D15<>0,D15>=$C$1,D15<=$C$3),D15,IF(SUM(H15:J25)<>0,C14,1)) -> 1 | M15: =IF(I15&K15<>"",VLOOKUP(I15&K15,fif,3,FALSE),"") | N15: =IF(I15&K15<>"",VLOOKUP(I15&K15,fi,2,FALSE),"")
C16: =IF(AND(D16<>0,D16>=$C$1,D16<=$C$3),D16,IF(SUM(H16:J26)<>0,C15,1)) -> 1 | M16: =IF(I16&K16<>"",VLOOKUP(I16&K16,fif,3,FALSE),"") | N16: =IF(I16&K16<>"",VLOOKUP(I16&K16,fi,2,FALSE),"")
C17: =IF(AND(D17<>0,D17>=$C$1,D17<=$C$3),D17,IF(SUM(H17:J27)<>0,C16,1)) -> 1 | M17: =IF(I17&K17<>"",VLOOKUP(I17&K17,fif,3,FALSE),"") | N17: =IF(I17&K17<>"",VLOOKUP(I17&K17,fi,2,FALSE),"")
C18: =IF(AND(D18<>0,D18>=$C$1,D18<=$C$3),D18,IF(SUM(H18:J28)<>0,C17,1)) -> 1 | M18: =IF(I18&K18<>"",VLOOKUP(I18&K18,fif,3,FALSE),"") | N18: =IF(I18&K18<>"",VLOOKUP(I18&K18,fi,2,FALSE),"")
C19: =IF(AND(D19<>0,D19>=$C$1,D19<=$C$3),D19,IF(SUM(H19:J29)<>0,C18,1)) -> 1 | M19: =IF(I19&K19<>"",VLOOKUP(I19&K19,fif,3,FALSE),"") | N19: =IF(I19&K19<>"",VLOOKUP(I19&K19,fi,2,FALSE),"")
... C1000: =IF(AND(D1000<>0,D1000>=$C$1,D1000<=$C$3),D1000,IF(SUM(H1000:J1010)<>0,C999,1)) -> 1 | M1000: =IF(I1000&K1000<>"",VLOOKUP(I1000&K1000,fif,3,FALSE),"") | N1000: =IF(I1000&K1000<>"",VLOOKUP(I1000&K1000,fi,2,FALSE),"")

Sheet B
C1: =DATE(Hibak!$A$1,1,1) -> 46023 | D1: =A!D1 -> Református Egyházközség | G1: Napi bevétel: | H1: =SUMIF($C$7:$C$10000,$C$2,$H$7:$H$10000) -> 0 | J1: =C2 -> 46023 | N1: A másolás, kivágás, beillesztés
C2: =IF(MAX(C7:C10000)>C1,MAX(C7:C10000),C1) -> 46023 | G2: Napi kiadás: | H2: =SUMIF($C$7:$C$10000,$C$2,$J$7:$J$10000) -> 0 | N2: műveleteket lehetőleg ne használd!
C3: =DATE(Hibak!$A$1,12,31) -> 46387 | G3: Egyenleg: | H3: =SUM(SUM(H6:H10000),-SUM(J7:J10000)) -> 0
D4: =Hibak!AB3 | N4: Költségvetési
D5: Dátum | E5: Iratszám | F5: Irattip. | G5: Név | H5: Bev. - Összeg | I5: Bevétel - Költ.vet. név | J5: Kiad. - Összeg | K5: Kiadás - költ.vet. név | L5: Megjegyzés | M5: Magyarázat | N5: szám
G6: Előző évi egyenleg:
C7: =IF(AND(D7<>0,D7>=$C$1,D7<=$C$3),D7,IF(SUM(H7:J17)<>0,C1,1)) -> 1 | M7: =IF(I7&K7<>"",VLOOKUP(I7&K7,fif,3,FALSE),"") | N7: =IF(I7&K7<>"",VLOOKUP(I7&K7,fi,2,FALSE),"")
C8: =IF(AND(D8<>0,D8>=$C$1,D8<=$C$3),D8,IF(SUM(H8:J18)<>0,C7,1)) -> 1 | M8: =IF(I8&K8<>"",VLOOKUP(I8&K8,fif,3,FALSE),"") | N8: =IF(I8&K8<>"",VLOOKUP(I8&K8,fi,2,FALSE),"")
C9: =IF(AND(D9<>0,D9>=$C$1,D9<=$C$3),D9,IF(SUM(H9:J19)<>0,C8,1)) -> 1 | M9: =IF(I9&K9<>"",VLOOKUP(I9&K9,fif,3,FALSE),"") | N9: =IF(I9&K9<>"",VLOOKUP(I9&K9,fi,2,FALSE),"")
C10: =IF(AND(D10<>0,D10>=$C$1,D10<=$C$3),D10,IF(SUM(H10:J20)<>0,C9,1)) -> 1 | M10: =IF(I10&K10<>"",VLOOKUP(I10&K10,fif,3,FALSE),"") | N10: =IF(I10&K10<>"",VLOOKUP(I10&K10,fi,2,FALSE),"")
C11: =IF(AND(D11<>0,D11>=$C$1,D11<=$C$3),D11,IF(SUM(H11:J21)<>0,C10,1)) -> 1 | M11: =IF(I11&K11<>"",VLOOKUP(I11&K11,fif,3,FALSE),"") | N11: =IF(I11&K11<>"",VLOOKUP(I11&K11,fi,2,FALSE),"")
C12: =IF(AND(D12<>0,D12>=$C$1,D12<=$C$3),D12,IF(SUM(H12:J22)<>0,C11,1)) -> 1 | M12: =IF(I12&K12<>"",VLOOKUP(I12&K12,fif,3,FALSE),"") | N12: =IF(I12&K12<>"",VLOOKUP(I12&K12,fi,2,FALSE),"")
C13: =IF(AND(D13<>0,D13>=$C$1,D13<=$C$3),D13,IF(SUM(H13:J23)<>0,C12,1)) -> 1 | M13: =IF(I13&K13<>"",VLOOKUP(I13&K13,fif,3,FALSE),"") | N13: =IF(I13&K13<>"",VLOOKUP(I13&K13,fi,2,FALSE),"")
C14: =IF(AND(D14<>0,D14>=$C$1,D14<=$C$3),D14,IF(SUM(H14:J24)<>0,C13,1)) -> 1 | M14: =IF(I14&K14<>"",VLOOKUP(I14&K14,fif,3,FALSE),"") | N14: =IF(I14&K14<>"",VLOOKUP(I14&K14,fi,2,FALSE),"")
C15: =IF(AND(D15<>0,D15>=$C$1,D15<=$C$3),D15,IF(SUM(H15:J25)<>0,C14,1)) -> 1 | M15: =IF(I15&K15<>"",VLOOKUP(I15&K15,fif,3,FALSE),"") | N15: =IF(I15&K15<>"",VLOOKUP(I15&K15,fi,2,FALSE),"")
C16: =IF(AND(D16<>0,D16>=$C$1,D16<=$C$3),D16,IF(SUM(H16:J26)<>0,C15,1)) -> 1 | M16: =IF(I16&K16<>"",VLOOKUP(I16&K16,fif,3,FALSE),"") | N16: =IF(I16&K16<>"",VLOOKUP(I16&K16,fi,2,FALSE),"")
C17: =IF(AND(D17<>0,D17>=$C$1,D17<=$C$3),D17,IF(SUM(H17:J27)<>0,C16,1)) -> 1 | M17: =IF(I17&K17<>"",VLOOKUP(I17&K17,fif,3,FALSE),"") | N17: =IF(I17&K17<>"",VLOOKUP(I17&K17,fi,2,FALSE),"")
C18: =IF(AND(D18<>0,D18>=$C$1,D18<=$C$3),D18,IF(SUM(H18:J28)<>0,C17,1)) -> 1 | M18: =IF(I18&K18<>"",VLOOKUP(I18&K18,fif,3,FALSE),"") | N18: =IF(I18&K18<>"",VLOOKUP(I18&K18,fi,2,FALSE),"")
C19: =IF(AND(D19<>0,D19>=$C$1,D19<=$C$3),D19,IF(SUM(H19:J29)<>0,C18,1)) -> 1 | M19: =IF(I19&K19<>"",VLOOKUP(I19&K19,fif,3,FALSE),"") | N19: =IF(I19&K19<>"",VLOOKUP(I19&K19,fi,2,FALSE),"")
... C500: =IF(AND(D500<>0,D500>=$C$1,D500<=$C$3),D500,IF(SUM(H500:J510)<>0,C499,1)) -> 1 | M500: =IF(I500&K500<>"",VLOOKUP(I500&K500,fif,3,FALSE),"") | N500: =IF(I500&K500<>"",VLOOKUP(I500&K500,fi,2,FALSE),"")

Sheet C
C1: =DATE(Hibak!$A$1,1,1) -> 46023 | D1: =A!D1 -> Református Egyházközség | G1: Napi bevétel: | H1: =SUMIF($C$7:$C$10000,$C$2,$H$7:$H$10000) -> 0 | J1: =C2 -> 46023 | N1: A másolás, kivágás, beillesztés
C2: =IF(MAX(C7:C10000)>C1,MAX(C7:C10000),C1) -> 46023 | G2: Napi kiadás: | H2: =SUMIF($C$7:$C$10000,$C$2,$J$7:$J$10000) -> 0 | N2: műveleteket lehetőleg ne használd!
C3: =DATE(Hibak!$A$1,12,31) -> 46387 | G3: Egyenleg: | H3: =SUM(SUM(H6:H10000),-SUM(J7:J10000)) -> 0
D4: =Hibak!AC3 | N4: Költségvetési
D5: Dátum | E5: Iratszám | F5: Irattip. | G5: Név | H5: Bev. - Összeg | I5: Bevétel - Költ.vet. név | J5: Kiad. - Összeg | K5: Kiadás - költ.vet. név | L5: Megjegyzés | M5: Magyarázat | N5: szám
G6: Előző évi egyenleg:
C7: =IF(AND(D7<>0,D7>=$C$1,D7<=$C$3),D7,IF(SUM(H7:J17)<>0,C1,1)) -> 1 | M7: =IF(I7&K7<>"",VLOOKUP(I7&K7,fif,3,FALSE),"") | N7: =IF(I7&K7<>"",VLOOKUP(I7&K7,fi,2,FALSE),"")
C8: =IF(AND(D8<>0,D8>=$C$1,D8<=$C$3),D8,IF(SUM(H8:J18)<>0,C7,1)) -> 1 | M8: =IF(I8&K8<>"",VLOOKUP(I8&K8,fif,3,FALSE),"") | N8: =IF(I8&K8<>"",VLOOKUP(I8&K8,fi,2,FALSE),"")
C9: =IF(AND(D9<>0,D9>=$C$1,D9<=$C$3),D9,IF(SUM(H9:J19)<>0,C8,1)) -> 1 | M9: =IF(I9&K9<>"",VLOOKUP(I9&K9,fif,3,FALSE),"") | N9: =IF(I9&K9<>"",VLOOKUP(I9&K9,fi,2,FALSE),"")
C10: =IF(AND(D10<>0,D10>=$C$1,D10<=$C$3),D10,IF(SUM(H10:J20)<>0,C9,1)) -> 1 | M10: =IF(I10&K10<>"",VLOOKUP(I10&K10,fif,3,FALSE),"") | N10: =IF(I10&K10<>"",VLOOKUP(I10&K10,fi,2,FALSE),"")
C11: =IF(AND(D11<>0,D11>=$C$1,D11<=$C$3),D11,IF(SUM(H11:J21)<>0,C10,1)) -> 1 | M11: =IF(I11&K11<>"",VLOOKUP(I11&K11,fif,3,FALSE),"") | N11: =IF(I11&K11<>"",VLOOKUP(I11&K11,fi,2,FALSE),"")
C12: =IF(AND(D12<>0,D12>=$C$1,D12<=$C$3),D12,IF(SUM(H12:J22)<>0,C11,1)) -> 1 | M12: =IF(I12&K12<>"",VLOOKUP(I12&K12,fif,3,FALSE),"") | N12: =IF(I12&K12<>"",VLOOKUP(I12&K12,fi,2,FALSE),"")
C13: =IF(AND(D13<>0,D13>=$C$1,D13<=$C$3),D13,IF(SUM(H13:J23)<>0,C12,1)) -> 1 | M13: =IF(I13&K13<>"",VLOOKUP(I13&K13,fif,3,FALSE),"") | N13: =IF(I13&K13<>"",VLOOKUP(I13&K13,fi,2,FALSE),"")
C14: =IF(AND(D14<>0,D14>=$C$1,D14<=$C$3),D14,IF(SUM(H14:J24)<>0,C13,1)) -> 1 | M14: =IF(I14&K14<>"",VLOOKUP(I14&K14,fif,3,FALSE),"") | N14: =IF(I14&K14<>"",VLOOKUP(I14&K14,fi,2,FALSE),"")
C15: =IF(AND(D15<>0,D15>=$C$1,D15<=$C$3),D15,IF(SUM(H15:J25)<>0,C14,1)) -> 1 | M15: =IF(I15&K15<>"",VLOOKUP(I15&K15,fif,3,FALSE),"") | N15: =IF(I15&K15<>"",VLOOKUP(I15&K15,fi,2,FALSE),"")
C16: =IF(AND(D16<>0,D16>=$C$1,D16<=$C$3),D16,IF(SUM(H16:J26)<>0,C15,1)) -> 1 | M16: =IF(I16&K16<>"",VLOOKUP(I16&K16,fif,3,FALSE),"") | N16: =IF(I16&K16<>"",VLOOKUP(I16&K16,fi,2,FALSE),"")
C17: =IF(AND(D17<>0,D17>=$C$1,D17<=$C$3),D17,IF(SUM(H17:J27)<>0,C16,1)) -> 1 | M17: =IF(I17&K17<>"",VLOOKUP(I17&K17,fif,3,FALSE),"") | N17: =IF(I17&K17<>"",VLOOKUP(I17&K17,fi,2,FALSE),"")
C18: =IF(AND(D18<>0,D18>=$C$1,D18<=$C$3),D18,IF(SUM(H18:J28)<>0,C17,1)) -> 1 | M18: =IF(I18&K18<>"",VLOOKUP(I18&K18,fif,3,FALSE),"") | N18: =IF(I18&K18<>"",VLOOKUP(I18&K18,fi,2,FALSE),"")
C19: =IF(AND(D19<>0,D19>=$C$1,D19<=$C$3),D19,IF(SUM(H19:J29)<>0,C18,1)) -> 1 | M19: =IF(I19&K19<>"",VLOOKUP(I19&K19,fif,3,FALSE),"") | N19: =IF(I19&K19<>"",VLOOKUP(I19&K19,fi,2,FALSE),"")
... C500: =IF(AND(D500<>0,D500>=$C$1,D500<=$C$3),D500,IF(SUM(H500:J510)<>0,C499,1)) -> 1 | M500: =IF(I500&K500<>"",VLOOKUP(I500&K500,fif,3,FALSE),"") | N500: =IF(I500&K500<>"",VLOOKUP(I500&K500,fi,2,FALSE),"")

Sheet D
C1: =DATE(Hibak!$A$1,1,1) -> 46023 | D1: =A!D1 -> Református Egyházközség | G1: Napi bevétel: | H1: =SUMIF($C$7:$C$10000,$C$2,$H$7:$H$10000) -> 0 | J1: =C2 -> 46023 | N1: A másolás, kivágás, beillesztés
C2: =IF(MAX(C7:C10000)>C1,MAX(C7:C10000),C1) -> 46023 | G2: Napi kiadás: | H2: =SUMIF($C$7:$C$10000,$C$2,$J$7:$J$10000) -> 0 | N2: műveleteket lehetőleg ne használd!
C3: =DATE(Hibak!$A$1,12,31) -> 46387 | G3: Egyenleg: | H3: =SUM(SUM(H6:H10000),-SUM(J7:J10000)) -> 0
D4: =Hibak!AD3 | N4: Költségvetési
D5: Dátum | E5: Iratszám | F5: Irattip. | G5: Név | H5: Bev. - Összeg | I5: Bevétel - Költ.vet. név | J5: Kiad. - Összeg | K5: Kiadás - költ.vet. név | L5: Megjegyzés | M5: Magyarázat | N5: szám
G6: Előző évi egyenleg:
C7: =IF(AND(D7<>0,D7>=$C$1,D7<=$C$3),D7,IF(SUM(H7:J17)<>0,C1,1)) -> 1 | M7: =IF(I7&K7<>"",VLOOKUP(I7&K7,fif,3,FALSE),"") | N7: =IF(I7&K7<>"",VLOOKUP(I7&K7,fi,2,FALSE),"")
C8: =IF(AND(D8<>0,D8>=$C$1,D8<=$C$3),D8,IF(SUM(H8:J18)<>0,C7,1)) -> 1 | M8: =IF(I8&K8<>"",VLOOKUP(I8&K8,fif,3,FALSE),"") | N8: =IF(I8&K8<>"",VLOOKUP(I8&K8,fi,2,FALSE),"")
C9: =IF(AND(D9<>0,D9>=$C$1,D9<=$C$3),D9,IF(SUM(H9:J19)<>0,C8,1)) -> 1 | M9: =IF(I9&K9<>"",VLOOKUP(I9&K9,fif,3,FALSE),"") | N9: =IF(I9&K9<>"",VLOOKUP(I9&K9,fi,2,FALSE),"")
C10: =IF(AND(D10<>0,D10>=$C$1,D10<=$C$3),D10,IF(SUM(H10:J20)<>0,C9,1)) -> 1 | M10: =IF(I10&K10<>"",VLOOKUP(I10&K10,fif,3,FALSE),"") | N10: =IF(I10&K10<>"",VLOOKUP(I10&K10,fi,2,FALSE),"")
C11: =IF(AND(D11<>0,D11>=$C$1,D11<=$C$3),D11,IF(SUM(H11:J21)<>0,C10,1)) -> 1 | M11: =IF(I11&K11<>"",VLOOKUP(I11&K11,fif,3,FALSE),"") | N11: =IF(I11&K11<>"",VLOOKUP(I11&K11,fi,2,FALSE),"")
C12: =IF(AND(D12<>0,D12>=$C$1,D12<=$C$3),D12,IF(SUM(H12:J22)<>0,C11,1)) -> 1 | M12: =IF(I12&K12<>"",VLOOKUP(I12&K12,fif,3,FALSE),"") | N12: =IF(I12&K12<>"",VLOOKUP(I12&K12,fi,2,FALSE),"")
C13: =IF(AND(D13<>0,D13>=$C$1,D13<=$C$3),D13,IF(SUM(H13:J23)<>0,C12,1)) -> 1 | M13: =IF(I13&K13<>"",VLOOKUP(I13&K13,fif,3,FALSE),"") | N13: =IF(I13&K13<>"",VLOOKUP(I13&K13,fi,2,FALSE),"")
C14: =IF(AND(D14<>0,D14>=$C$1,D14<=$C$3),D14,IF(SUM(H14:J24)<>0,C13,1)) -> 1 | M14: =IF(I14&K14<>"",VLOOKUP(I14&K14,fif,3,FALSE),"") | N14: =IF(I14&K14<>"",VLOOKUP(I14&K14,fi,2,FALSE),"")
C15: =IF(AND(D15<>0,D15>=$C$1,D15<=$C$3),D15,IF(SUM(H15:J25)<>0,C14,1)) -> 1 | M15: =IF(I15&K15<>"",VLOOKUP(I15&K15,fif,3,FALSE),"") | N15: =IF(I15&K15<>"",VLOOKUP(I15&K15,fi,2,FALSE),"")
C16: =IF(AND(D16<>0,D16>=$C$1,D16<=$C$3),D16,IF(SUM(H16:J26)<>0,C15,1)) -> 1 | M16: =IF(I16&K16<>"",VLOOKUP(I16&K16,fif,3,FALSE),"") | N16: =IF(I16&K16<>"",VLOOKUP(I16&K16,fi,2,FALSE),"")
C17: =IF(AND(D17<>0,D17>=$C$1,D17<=$C$3),D17,IF(SUM(H17:J27)<>0,C16,1)) -> 1 | M17: =IF(I17&K17<>"",VLOOKUP(I17&K17,fif,3,FALSE),"") | N17: =IF(I17&K17<>"",VLOOKUP(I17&K17,fi,2,FALSE),"")
C18: =IF(AND(D18<>0,D18>=$C$1,D18<=$C$3),D18,IF(SUM(H18:J28)<>0,C17,1)) -> 1 | M18: =IF(I18&K18<>"",VLOOKUP(I18&K18,fif,3,FALSE),"") | N18: =IF(I18&K18<>"",VLOOKUP(I18&K18,fi,2,FALSE),"")
C19: =IF(AND(D19<>0,D19>=$C$1,D19<=$C$3),D19,IF(SUM(H19:J29)<>0,C18,1)) -> 1 | M19: =IF(I19&K19<>"",VLOOKUP(I19&K19,fif,3,FALSE),"") | N19: =IF(I19&K19<>"",VLOOKUP(I19&K19,fi,2,FALSE),"")
... C200: =IF(AND(D200<>0,D200>=$C$1,D200<=$C$3),D200,IF(SUM(H200:J210)<>0,C199,1)) -> 1 | M200: =IF(I200&K200<>"",VLOOKUP(I200&K200,fif,3,FALSE),"") | N200: =IF(I200&K200<>"",VLOOKUP(I200&K200,fi,2,FALSE),"")

Sheet E
C1: =DATE(Hibak!$A$1,1,1) -> 46023 | D1: =A!D1 -> Református Egyházközség | G1: Napi bevétel: | H1: =SUMIF($C$7:$C$10000,$C$2,$H$7:$H$10000) -> 0 | J1: =C2 -> 46023 | N1: A másolás, kivágás, beillesztés
C2: =IF(MAX(C7:C10000)>C1,MAX(C7:C10000),C1) -> 46023 | G2: Napi kiadás: | H2: =SUMIF($C$7:$C$10000,$C$2,$J$7:$J$10000) -> 0 | N2: műveleteket lehetőleg ne használd!
C3: =DATE(Hibak!$A$1,12,31) -> 46387 | G3: Egyenleg: | H3: =SUM(SUM(H6:H10000),-SUM(J7:J10000)) -> 0
D4: =Hibak!AE3 | N4: Költségvetési
D5: Dátum | E5: Iratszám | F5: Irattip. | G5: Név | H5: Bev. - Összeg | I5: Bevétel - Költ.vet. név | J5: Kiad. - Összeg | K5: Kiadás - költ.vet. név | L5: Megjegyzés | M5: Magyarázat | N5: szám
G6: Előző évi egyenleg:
C7: =IF(AND(D7<>0,D7>=$C$1,D7<=$C$3),D7,IF(SUM(H7:J17)<>0,C1,1)) -> 1 | M7: =IF(I7&K7<>"",VLOOKUP(I7&K7,fif,3,FALSE),"") | N7: =IF(I7&K7<>"",VLOOKUP(I7&K7,fi,2,FALSE),"")
C8: =IF(AND(D8<>0,D8>=$C$1,D8<=$C$3),D8,IF(SUM(H8:J18)<>0,C7,1)) -> 1 | M8: =IF(I8&K8<>"",VLOOKUP(I8&K8,fif,3,FALSE),"") | N8: =IF(I8&K8<>"",VLOOKUP(I8&K8,fi,2,FALSE),"")
C9: =IF(AND(D9<>0,D9>=$C$1,D9<=$C$3),D9,IF(SUM(H9:J19)<>0,C8,1)) -> 1 | M9: =IF(I9&K9<>"",VLOOKUP(I9&K9,fif,3,FALSE),"") | N9: =IF(I9&K9<>"",VLOOKUP(I9&K9,fi,2,FALSE),"")
C10: =IF(AND(D10<>0,D10>=$C$1,D10<=$C$3),D10,IF(SUM(H10:J20)<>0,C9,1)) -> 1 | M10: =IF(I10&K10<>"",VLOOKUP(I10&K10,fif,3,FALSE),"") | N10: =IF(I10&K10<>"",VLOOKUP(I10&K10,fi,2,FALSE),"")
C11: =IF(AND(D11<>0,D11>=$C$1,D11<=$C$3),D11,IF(SUM(H11:J21)<>0,C10,1)) -> 1 | M11: =IF(I11&K11<>"",VLOOKUP(I11&K11,fif,3,FALSE),"") | N11: =IF(I11&K11<>"",VLOOKUP(I11&K11,fi,2,FALSE),"")
C12: =IF(AND(D12<>0,D12>=$C$1,D12<=$C$3),D12,IF(SUM(H12:J22)<>0,C11,1)) -> 1 | M12: =IF(I12&K12<>"",VLOOKUP(I12&K12,fif,3,FALSE),"") | N12: =IF(I12&K12<>"",VLOOKUP(I12&K12,fi,2,FALSE),"")
C13: =IF(AND(D13<>0,D13>=$C$1,D13<=$C$3),D13,IF(SUM(H13:J23)<>0,C12,1)) -> 1 | M13: =IF(I13&K13<>"",VLOOKUP(I13&K13,fif,3,FALSE),"") | N13: =IF(I13&K13<>"",VLOOKUP(I13&K13,fi,2,FALSE),"")
C14: =IF(AND(D14<>0,D14>=$C$1,D14<=$C$3),D14,IF(SUM(H14:J24)<>0,C13,1)) -> 1 | M14: =IF(I14&K14<>"",VLOOKUP(I14&K14,fif,3,FALSE),"") | N14: =IF(I14&K14<>"",VLOOKUP(I14&K14,fi,2,FALSE),"")
C15: =IF(AND(D15<>0,D15>=$C$1,D15<=$C$3),D15,IF(SUM(H15:J25)<>0,C14,1)) -> 1 | M15: =IF(I15&K15<>"",VLOOKUP(I15&K15,fif,3,FALSE),"") | N15: =IF(I15&K15<>"",VLOOKUP(I15&K15,fi,2,FALSE),"")
C16: =IF(AND(D16<>0,D16>=$C$1,D16<=$C$3),D16,IF(SUM(H16:J26)<>0,C15,1)) -> 1 | M16: =IF(I16&K16<>"",VLOOKUP(I16&K16,fif,3,FALSE),"") | N16: =IF(I16&K16<>"",VLOOKUP(I16&K16,fi,2,FALSE),"")
C17: =IF(AND(D17<>0,D17>=$C$1,D17<=$C$3),D17,IF(SUM(H17:J27)<>0,C16,1)) -> 1 | M17: =IF(I17&K17<>"",VLOOKUP(I17&K17,fif,3,FALSE),"") | N17: =IF(I17&K17<>"",VLOOKUP(I17&K17,fi,2,FALSE),"")
C18: =IF(AND(D18<>0,D18>=$C$1,D18<=$C$3),D18,IF(SUM(H18:J28)<>0,C17,1)) -> 1 | M18: =IF(I18&K18<>"",VLOOKUP(I18&K18,fif,3,FALSE),"") | N18: =IF(I18&K18<>"",VLOOKUP(I18&K18,fi,2,FALSE),"")
C19: =IF(AND(D19<>0,D19>=$C$1,D19<=$C$3),D19,IF(SUM(H19:J29)<>0,C18,1)) -> 1 | M19: =IF(I19&K19<>"",VLOOKUP(I19&K19,fif,3,FALSE),"") | N19: =IF(I19&K19<>"",VLOOKUP(I19&K19,fi,2,FALSE),"")
... C200: =IF(AND(D200<>0,D200>=$C$1,D200<=$C$3),D200,IF(SUM(H200:J210)<>0,C199,1)) -> 1 | M200: =IF(I200&K200<>"",VLOOKUP(I200&K200,fif,3,FALSE),"") | N200: =IF(I200&K200<>"",VLOOKUP(I200&K200,fi,2,FALSE),"")

Sheet F
C1: =DATE(Hibak!$A$1,1,1) -> 46023 | D1: =A!D1 -> Református Egyházközség | G1: Napi bevétel: | H1: =SUMIF($C$7:$C$10000,$C$2,$H$7:$H$10000) -> 0 | J1: =C2 -> 46023 | N1: A másolás, kivágás, beillesztés
C2: =IF(MAX(C7:C10000)>C1,MAX(C7:C10000),C1) -> 46023 | G2: Napi kiadás: | H2: =SUMIF($C$7:$C$10000,$C$2,$J$7:$J$10000) -> 0 | N2: műveleteket lehetőleg ne használd!
C3: =DATE(Hibak!$A$1,12,31) -> 46387 | G3: Egyenleg: | H3: =SUM(SUM(H6:H10000),-SUM(J7:J10000)) -> 0
D4: =Hibak!AF3 | N4: Költségvetési
D5: Dátum | E5: Iratszám | F5: Irattip. | G5: Név | H5: Bev. - Összeg | I5: Bevétel - Költ.vet. név | J5: Kiad. - Összeg | K5: Kiadás - költ.vet. név | L5: Megjegyzés | M5: Magyarázat | N5: szám
G6: Előző évi egyenleg:
C7: =IF(AND(D7<>0,D7>=$C$1,D7<=$C$3),D7,IF(SUM(H7:J17)<>0,C1,1)) -> 1 | M7: =IF(I7&K7<>"",VLOOKUP(I7&K7,fif,3,FALSE),"") | N7: =IF(I7&K7<>"",VLOOKUP(I7&K7,fi,2,FALSE),"")
C8: =IF(AND(D8<>0,D8>=$C$1,D8<=$C$3),D8,IF(SUM(H8:J18)<>0,C7,1)) -> 1 | M8: =IF(I8&K8<>"",VLOOKUP(I8&K8,fif,3,FALSE),"") | N8: =IF(I8&K8<>"",VLOOKUP(I8&K8,fi,2,FALSE),"")
C9: =IF(AND(D9<>0,D9>=$C$1,D9<=$C$3),D9,IF(SUM(H9:J19)<>0,C8,1)) -> 1 | M9: =IF(I9&K9<>"",VLOOKUP(I9&K9,fif,3,FALSE),"") | N9: =IF(I9&K9<>"",VLOOKUP(I9&K9,fi,2,FALSE),"")
C10: =IF(AND(D10<>0,D10>=$C$1,D10<=$C$3),D10,IF(SUM(H10:J20)<>0,C9,1)) -> 1 | M10: =IF(I10&K10<>"",VLOOKUP(I10&K10,fif,3,FALSE),"") | N10: =IF(I10&K10<>"",VLOOKUP(I10&K10,fi,2,FALSE),"")
C11: =IF(AND(D11<>0,D11>=$C$1,D11<=$C$3),D11,IF(SUM(H11:J21)<>0,C10,1)) -> 1 | M11: =IF(I11&K11<>"",VLOOKUP(I11&K11,fif,3,FALSE),"") | N11: =IF(I11&K11<>"",VLOOKUP(I11&K11,fi,2,FALSE),"")
C12: =IF(AND(D12<>0,D12>=$C$1,D12<=$C$3),D12,IF(SUM(H12:J22)<>0,C11,1)) -> 1 | M12: =IF(I12&K12<>"",VLOOKUP(I12&K12,fif,3,FALSE),"") | N12: =IF(I12&K12<>"",VLOOKUP(I12&K12,fi,2,FALSE),"")
C13: =IF(AND(D13<>0,D13>=$C$1,D13<=$C$3),D13,IF(SUM(H13:J23)<>0,C12,1)) -> 1 | M13: =IF(I13&K13<>"",VLOOKUP(I13&K13,fif,3,FALSE),"") | N13: =IF(I13&K13<>"",VLOOKUP(I13&K13,fi,2,FALSE),"")
C14: =IF(AND(D14<>0,D14>=$C$1,D14<=$C$3),D14,IF(SUM(H14:J24)<>0,C13,1)) -> 1 | M14: =IF(I14&K14<>"",VLOOKUP(I14&K14,fif,3,FALSE),"") | N14: =IF(I14&K14<>"",VLOOKUP(I14&K14,fi,2,FALSE),"")
C15: =IF(AND(D15<>0,D15>=$C$1,D15<=$C$3),D15,IF(SUM(H15:J25)<>0,C14,1)) -> 1 | M15: =IF(I15&K15<>"",VLOOKUP(I15&K15,fif,3,FALSE),"") | N15: =IF(I15&K15<>"",VLOOKUP(I15&K15,fi,2,FALSE),"")
C16: =IF(AND(D16<>0,D16>=$C$1,D16<=$C$3),D16,IF(SUM(H16:J26)<>0,C15,1)) -> 1 | M16: =IF(I16&K16<>"",VLOOKUP(I16&K16,fif,3,FALSE),"") | N16: =IF(I16&K16<>"",VLOOKUP(I16&K16,fi,2,FALSE),"")
C17: =IF(AND(D17<>0,D17>=$C$1,D17<=$C$3),D17,IF(SUM(H17:J27)<>0,C16,1)) -> 1 | M17: =IF(I17&K17<>"",VLOOKUP(I17&K17,fif,3,FALSE),"") | N17: =IF(I17&K17<>"",VLOOKUP(I17&K17,fi,2,FALSE),"")
C18: =IF(AND(D18<>0,D18>=$C$1,D18<=$C$3),D18,IF(SUM(H18:J28)<>0,C17,1)) -> 1 | M18: =IF(I18&K18<>"",VLOOKUP(I18&K18,fif,3,FALSE),"") | N18: =IF(I18&K18<>"",VLOOKUP(I18&K18,fi,2,FALSE),"")
C19: =IF(AND(D19<>0,D19>=$C$1,D19<=$C$3),D19,IF(SUM(H19:J29)<>0,C18,1)) -> 1 | M19: =IF(I19&K19<>"",VLOOKUP(I19&K19,fif,3,FALSE),"") | N19: =IF(I19&K19<>"",VLOOKUP(I19&K19,fi,2,FALSE),"")
... C200: =IF(AND(D200<>0,D200>=$C$1,D200<=$C$3),D200,IF(SUM(H200:J210)<>0,C199,1)) -> 1 | M200: =IF(I200&K200<>"",VLOOKUP(I200&K200,fif,3,FALSE),"") | N200: =IF(I200&K200<>"",VLOOKUP(I200&K200,fi,2,FALSE),"")

Sheet G
C1: =DATE(Hibak!$A$1,1,1) -> 46023 | D1: =A!D1 -> Református Egyházközség | G1: Napi bevétel: | H1: =SUMIF($C$7:$C$10000,$C$2,$H$7:$H$10000) -> 0 | J1: =C2 -> 46023 | N1: A másolás, kivágás, beillesztés
C2: =IF(MAX(C7:C10000)>C1,MAX(C7:C10000),C1) -> 46023 | G2: Napi kiadás: | H2: =SUMIF($C$7:$C$10000,$C$2,$J$7:$J$10000) -> 0 | N2: műveleteket lehetőleg ne használd!
C3: =DATE(Hibak!$A$1,12,31) -> 46387 | G3: Egyenleg: | H3: =SUM(SUM(H6:H10000),-SUM(J7:J10000)) -> 0
D4: =Hibak!AG3 | N4: Költségvetési
D5: Dátum | E5: Iratszám | F5: Irattip. | G5: Név | H5: Bev. - Összeg | I5: Bevétel - Költ.vet. név | J5: Kiad. - Összeg | K5: Kiadás - költ.vet. név | L5: Megjegyzés | M5: Magyarázat | N5: szám
G6: Előző évi egyenleg:
C7: =IF(AND(D7<>0,D7>=$C$1,D7<=$C$3),D7,IF(SUM(H7:J17)<>0,C1,1)) -> 1 | M7: =IF(I7&K7<>"",VLOOKUP(I7&K7,fif,3,FALSE),"") | N7: =IF(I7&K7<>"",VLOOKUP(I7&K7,fi,2,FALSE),"")
C8: =IF(AND(D8<>0,D8>=$C$1,D8<=$C$3),D8,IF(SUM(H8:J18)<>0,C7,1)) -> 1 | M8: =IF(I8&K8<>"",VLOOKUP(I8&K8,fif,3,FALSE),"") | N8: =IF(I8&K8<>"",VLOOKUP(I8&K8,fi,2,FALSE),"")
C9: =IF(AND(D9<>0,D9>=$C$1,D9<=$C$3),D9,IF(SUM(H9:J19)<>0,C8,1)) -> 1 | M9: =IF(I9&K9<>"",VLOOKUP(I9&K9,fif,3,FALSE),"") | N9: =IF(I9&K9<>"",VLOOKUP(I9&K9,fi,2,FALSE),"")
C10: =IF(AND(D10<>0,D10>=$C$1,D10<=$C$3),D10,IF(SUM(H10:J20)<>0,C9,1)) -> 1 | M10: =IF(I10&K10<>"",VLOOKUP(I10&K10,fif,3,FALSE),"") | N10: =IF(I10&K10<>"",VLOOKUP(I10&K10,fi,2,FALSE),"")
C11: =IF(AND(D11<>0,D11>=$C$1,D11<=$C$3),D11,IF(SUM(H11:J21)<>0,C10,1)) -> 1 | M11: =IF(I11&K11<>"",VLOOKUP(I11&K11,fif,3,FALSE),"") | N11: =IF(I11&K11<>"",VLOOKUP(I11&K11,fi,2,FALSE),"")
C12: =IF(AND(D12<>0,D12>=$C$1,D12<=$C$3),D12,IF(SUM(H12:J22)<>0,C11,1)) -> 1 | M12: =IF(I12&K12<>"",VLOOKUP(I12&K12,fif,3,FALSE),"") | N12: =IF(I12&K12<>"",VLOOKUP(I12&K12,fi,2,FALSE),"")
C13: =IF(AND(D13<>0,D13>=$C$1,D13<=$C$3),D13,IF(SUM(H13:J23)<>0,C12,1)) -> 1 | M13: =IF(I13&K13<>"",VLOOKUP(I13&K13,fif,3,FALSE),"") | N13: =IF(I13&K13<>"",VLOOKUP(I13&K13,fi,2,FALSE),"")
C14: =IF(AND(D14<>0,D14>=$C$1,D14<=$C$3),D14,IF(SUM(H14:J24)<>0,C13,1)) -> 1 | M14: =IF(I14&K14<>"",VLOOKUP(I14&K14,fif,3,FALSE),"") | N14: =IF(I14&K14<>"",VLOOKUP(I14&K14,fi,2,FALSE),"")
C15: =IF(AND(D15<>0,D15>=$C$1,D15<=$C$3),D15,IF(SUM(H15:J25)<>0,C14,1)) -> 1 | M15: =IF(I15&K15<>"",VLOOKUP(I15&K15,fif,3,FALSE),"") | N15: =IF(I15&K15<>"",VLOOKUP(I15&K15,fi,2,FALSE),"")
C16: =IF(AND(D16<>0,D16>=$C$1,D16<=$C$3),D16,IF(SUM(H16:J26)<>0,C15,1)) -> 1 | M16: =IF(I16&K16<>"",VLOOKUP(I16&K16,fif,3,FALSE),"") | N16: =IF(I16&K16<>"",VLOOKUP(I16&K16,fi,2,FALSE),"")
C17: =IF(AND(D17<>0,D17>=$C$1,D17<=$C$3),D17,IF(SUM(H17:J27)<>0,C16,1)) -> 1 | M17: =IF(I17&K17<>"",VLOOKUP(I17&K17,fif,3,FALSE),"") | N17: =IF(I17&K17<>"",VLOOKUP(I17&K17,fi,2,FALSE),"")
C18: =IF(AND(D18<>0,D18>=$C$1,D18<=$C$3),D18,IF(SUM(H18:J28)<>0,C17,1)) -> 1 | M18: =IF(I18&K18<>"",VLOOKUP(I18&K18,fif,3,FALSE),"") | N18: =IF(I18&K18<>"",VLOOKUP(I18&K18,fi,2,FALSE),"")
C19: =IF(AND(D19<>0,D19>=$C$1,D19<=$C$3),D19,IF(SUM(H19:J29)<>0,C18,1)) -> 1 | M19: =IF(I19&K19<>"",VLOOKUP(I19&K19,fif,3,FALSE),"") | N19: =IF(I19&K19<>"",VLOOKUP(I19&K19,fi,2,FALSE),"")
... C200: =IF(AND(D200<>0,D200>=$C$1,D200<=$C$3),D200,IF(SUM(H200:J210)<>0,C199,1)) -> 1 | M200: =IF(I200&K200<>"",VLOOKUP(I200&K200,fif,3,FALSE),"") | N200: =IF(I200&K200<>"",VLOOKUP(I200&K200,fi,2,FALSE),"")

Sheet H
C1: =DATE(Hibak!$A$1,1,1) -> 46023 | D1: =A!D1 -> Református Egyházközség | G1: Napi bevétel: | H1: =SUMIF($C$7:$C$10000,$C$2,$H$7:$H$10000) -> 0 | J1: =C2 -> 46023 | N1: A másolás, kivágás, beillesztés
C2: =IF(MAX(C7:C10000)>C1,MAX(C7:C10000),C1) -> 46023 | G2: Napi kiadás: | H2: =SUMIF($C$7:$C$10000,$C$2,$J$7:$J$10000) -> 0 | N2: műveleteket lehetőleg ne használd!
C3: =DATE(Hibak!$A$1,12,31) -> 46387 | G3: Egyenleg: | H3: =SUM(SUM(H6:H10000),-SUM(J7:J10000)) -> 0
D4: =Hibak!AH3 | N4: Költségvetési
D5: Dátum | E5: Iratszám | F5: Irattip. | G5: Név | H5: Bev. - Összeg | I5: Bevétel - Költ.vet. név | J5: Kiad. - Összeg | K5: Kiadás - költ.vet. név | L5: Megjegyzés | M5: Magyarázat | N5: szám
G6: Előző évi egyenleg:
C7: =IF(AND(D7<>0,D7>=$C$1,D7<=$C$3),D7,IF(SUM(H7:J17)<>0,C1,1)) -> 1 | M7: =IF(I7&K7<>"",VLOOKUP(I7&K7,fif,3,FALSE),"") | N7: =IF(I7&K7<>"",VLOOKUP(I7&K7,fi,2,FALSE),"")
C8: =IF(AND(D8<>0,D8>=$C$1,D8<=$C$3),D8,IF(SUM(H8:J18)<>0,C7,1)) -> 1 | M8: =IF(I8&K8<>"",VLOOKUP(I8&K8,fif,3,FALSE),"") | N8: =IF(I8&K8<>"",VLOOKUP(I8&K8,fi,2,FALSE),"")
C9: =IF(AND(D9<>0,D9>=$C$1,D9<=$C$3),D9,IF(SUM(H9:J19)<>0,C8,1)) -> 1 | M9: =IF(I9&K9<>"",VLOOKUP(I9&K9,fif,3,FALSE),"") | N9: =IF(I9&K9<>"",VLOOKUP(I9&K9,fi,2,FALSE),"")
C10: =IF(AND(D10<>0,D10>=$C$1,D10<=$C$3),D10,IF(SUM(H10:J20)<>0,C9,1)) -> 1 | M10: =IF(I10&K10<>"",VLOOKUP(I10&K10,fif,3,FALSE),"") | N10: =IF(I10&K10<>"",VLOOKUP(I10&K10,fi,2,FALSE),"")
C11: =IF(AND(D11<>0,D11>=$C$1,D11<=$C$3),D11,IF(SUM(H11:J21)<>0,C10,1)) -> 1 | M11: =IF(I11&K11<>"",VLOOKUP(I11&K11,fif,3,FALSE),"") | N11: =IF(I11&K11<>"",VLOOKUP(I11&K11,fi,2,FALSE),"")
C12: =IF(AND(D12<>0,D12>=$C$1,D12<=$C$3),D12,IF(SUM(H12:J22)<>0,C11,1)) -> 1 | M12: =IF(I12&K12<>"",VLOOKUP(I12&K12,fif,3,FALSE),"") | N12: =IF(I12&K12<>"",VLOOKUP(I12&K12,fi,2,FALSE),"")
C13: =IF(AND(D13<>0,D13>=$C$1,D13<=$C$3),D13,IF(SUM(H13:J23)<>0,C12,1)) -> 1 | M13: =IF(I13&K13<>"",VLOOKUP(I13&K13,fif,3,FALSE),"") | N13: =IF(I13&K13<>"",VLOOKUP(I13&K13,fi,2,FALSE),"")
C14: =IF(AND(D14<>0,D14>=$C$1,D14<=$C$3),D14,IF(SUM(H14:J24)<>0,C13,1)) -> 1 | M14: =IF(I14&K14<>"",VLOOKUP(I14&K14,fif,3,FALSE),"") | N14: =IF(I14&K14<>"",VLOOKUP(I14&K14,fi,2,FALSE),"")
C15: =IF(AND(D15<>0,D15>=$C$1,D15<=$C$3),D15,IF(SUM(H15:J25)<>0,C14,1)) -> 1 | M15: =IF(I15&K15<>"",VLOOKUP(I15&K15,fif,3,FALSE),"") | N15: =IF(I15&K15<>"",VLOOKUP(I15&K15,fi,2,FALSE),"")
C16: =IF(AND(D16<>0,D16>=$C$1,D16<=$C$3),D16,IF(SUM(H16:J26)<>0,C15,1)) -> 1 | M16: =IF(I16&K16<>"",VLOOKUP(I16&K16,fif,3,FALSE),"") | N16: =IF(I16&K16<>"",VLOOKUP(I16&K16,fi,2,FALSE),"")
C17: =IF(AND(D17<>0,D17>=$C$1,D17<=$C$3),D17,IF(SUM(H17:J27)<>0,C16,1)) -> 1 | M17: =IF(I17&K17<>"",VLOOKUP(I17&K17,fif,3,FALSE),"") | N17: =IF(I17&K17<>"",VLOOKUP(I17&K17,fi,2,FALSE),"")
C18: =IF(AND(D18<>0,D18>=$C$1,D18<=$C$3),D18,IF(SUM(H18:J28)<>0,C17,1)) -> 1 | M18: =IF(I18&K18<>"",VLOOKUP(I18&K18,fif,3,FALSE),"") | N18: =IF(I18&K18<>"",VLOOKUP(I18&K18,fi,2,FALSE),"")
C19: =IF(AND(D19<>0,D19>=$C$1,D19<=$C$3),D19,IF(SUM(H19:J29)<>0,C18,1)) -> 1 | M19: =IF(I19&K19<>"",VLOOKUP(I19&K19,fif,3,FALSE),"") | N19: =IF(I19&K19<>"",VLOOKUP(I19&K19,fi,2,FALSE),"")
... C100: =IF(AND(D100<>0,D100>=$C$1,D100<=$C$3),D100,IF(SUM(H100:J110)<>0,C99,1)) -> 1 | M100: =IF(I100&K100<>"",VLOOKUP(I100&K100,fif,3,FALSE),"") | N100: =IF(I100&K100<>"",VLOOKUP(I100&K100,fi,2,FALSE),"")

Sheet I
C1: =DATE(Hibak!$A$1,1,1) -> 46023 | D1: =A!D1 -> Református Egyházközség | G1: Napi bevétel: | H1: =SUMIF($C$7:$C$10000,$C$2,$H$7:$H$10000) -> 0 | J1: =C2 -> 46023 | N1: A másolás, kivágás, beillesztés
C2: =IF(MAX(C7:C10000)>C1,MAX(C7:C10000),C1) -> 46023 | G2: Napi kiadás: | H2: =SUMIF($C$7:$C$10000,$C$2,$J$7:$J$10000) -> 0 | N2: műveleteket lehetőleg ne használd!
C3: =DATE(Hibak!$A$1,12,31) -> 46387 | G3: Egyenleg: | H3: =SUM(SUM(H6:H10000),-SUM(J7:J10000)) -> 0
D4: =Hibak!AI3 | N4: Költségvetési
D5: Dátum | E5: Iratszám | F5: Irattip. | G5: Név | H5: Bev. - Összeg | I5: Bevétel - Költ.vet. név | J5: Kiad. - Összeg | K5: Kiadás - költ.vet. név | L5: Megjegyzés | M5: Magyarázat | N5: szám
G6: Előző évi egyenleg:
C7: =IF(AND(D7<>0,D7>=$C$1,D7<=$C$3),D7,IF(SUM(H7:J17)<>0,C1,1)) -> 1 | M7: =IF(I7&K7<>"",VLOOKUP(I7&K7,fif,3,FALSE),"") | N7: =IF(I7&K7<>"",VLOOKUP(I7&K7,fi,2,FALSE),"")
C8: =IF(AND(D8<>0,D8>=$C$1,D8<=$C$3),D8,IF(SUM(H8:J18)<>0,C7,1)) -> 1 | M8: =IF(I8&K8<>"",VLOOKUP(I8&K8,fif,3,FALSE),"") | N8: =IF(I8&K8<>"",VLOOKUP(I8&K8,fi,2,FALSE),"")
C9: =IF(AND(D9<>0,D9>=$C$1,D9<=$C$3),D9,IF(SUM(H9:J19)<>0,C8,1)) -> 1 | M9: =IF(I9&K9<>"",VLOOKUP(I9&K9,fif,3,FALSE),"") | N9: =IF(I9&K9<>"",VLOOKUP(I9&K9,fi,2,FALSE),"")
C10: =IF(AND(D10<>0,D10>=$C$1,D10<=$C$3),D10,IF(SUM(H10:J20)<>0,C9,1)) -> 1 | M10: =IF(I10&K10<>"",VLOOKUP(I10&K10,fif,3,FALSE),"") | N10: =IF(I10&K10<>"",VLOOKUP(I10&K10,fi,2,FALSE),"")
C11: =IF(AND(D11<>0,D11>=$C$1,D11<=$C$3),D11,IF(SUM(H11:J21)<>0,C10,1)) -> 1 | M11: =IF(I11&K11<>"",VLOOKUP(I11&K11,fif,3,FALSE),"") | N11: =IF(I11&K11<>"",VLOOKUP(I11&K11,fi,2,FALSE),"")
C12: =IF(AND(D12<>0,D12>=$C$1,D12<=$C$3),D12,IF(SUM(H12:J22)<>0,C11,1)) -> 1 | M12: =IF(I12&K12<>"",VLOOKUP(I12&K12,fif,3,FALSE),"") | N12: =IF(I12&K12<>"",VLOOKUP(I12&K12,fi,2,FALSE),"")
C13: =IF(AND(D13<>0,D13>=$C$1,D13<=$C$3),D13,IF(SUM(H13:J23)<>0,C12,1)) -> 1 | M13: =IF(I13&K13<>"",VLOOKUP(I13&K13,fif,3,FALSE),"") | N13: =IF(I13&K13<>"",VLOOKUP(I13&K13,fi,2,FALSE),"")
C14: =IF(AND(D14<>0,D14>=$C$1,D14<=$C$3),D14,IF(SUM(H14:J24)<>0,C13,1)) -> 1 | M14: =IF(I14&K14<>"",VLOOKUP(I14&K14,fif,3,FALSE),"") | N14: =IF(I14&K14<>"",VLOOKUP(I14&K14,fi,2,FALSE),"")
C15: =IF(AND(D15<>0,D15>=$C$1,D15<=$C$3),D15,IF(SUM(H15:J25)<>0,C14,1)) -> 1 | M15: =IF(I15&K15<>"",VLOOKUP(I15&K15,fif,3,FALSE),"") | N15: =IF(I15&K15<>"",VLOOKUP(I15&K15,fi,2,FALSE),"")
C16: =IF(AND(D16<>0,D16>=$C$1,D16<=$C$3),D16,IF(SUM(H16:J26)<>0,C15,1)) -> 1 | M16: =IF(I16&K16<>"",VLOOKUP(I16&K16,fif,3,FALSE),"") | N16: =IF(I16&K16<>"",VLOOKUP(I16&K16,fi,2,FALSE),"")
C17: =IF(AND(D17<>0,D17>=$C$1,D17<=$C$3),D17,IF(SUM(H17:J27)<>0,C16,1)) -> 1 | M17: =IF(I17&K17<>"",VLOOKUP(I17&K17,fif,3,FALSE),"") | N17: =IF(I17&K17<>"",VLOOKUP(I17&K17,fi,2,FALSE),"")
C18: =IF(AND(D18<>0,D18>=$C$1,D18<=$C$3),D18,IF(SUM(H18:J28)<>0,C17,1)) -> 1 | M18: =IF(I18&K18<>"",VLOOKUP(I18&K18,fif,3,FALSE),"") | N18: =IF(I18&K18<>"",VLOOKUP(I18&K18,fi,2,FALSE),"")
C19: =IF(AND(D19<>0,D19>=$C$1,D19<=$C$3),D19,IF(SUM(H19:J29)<>0,C18,1)) -> 1 | M19: =IF(I19&K19<>"",VLOOKUP(I19&K19,fif,3,FALSE),"") | N19: =IF(I19&K19<>"",VLOOKUP(I19&K19,fi,2,FALSE),"")
... C100: =IF(AND(D100<>0,D100>=$C$1,D100<=$C$3),D100,IF(SUM(H100:J110)<>0,C99,1)) -> 1 | M100: =IF(I100&K100<>"",VLOOKUP(I100&K100,fif,3,FALSE),"") | N100: =IF(I100&K100<>"",VLOOKUP(I100&K100,fi,2,FALSE),"")

Sheet J
C1: =DATE(Hibak!$A$1,1,1) -> 46023 | D1: =A!D1 -> Református Egyházközség | G1: Napi bevétel: | H1: =SUMIF($C$7:$C$10000,$C$2,$H$7:$H$10000) -> 0 | J1: =C2 -> 46023 | N1: A másolás, kivágás, beillesztés
C2: =IF(MAX(C7:C10000)>C1,MAX(C7:C10000),C1) -> 46023 | G2: Napi kiadás: | H2: =SUMIF($C$7:$C$10000,$C$2,$J$7:$J$10000) -> 0 | N2: műveleteket lehetőleg ne használd!
C3: =DATE(Hibak!$A$1,12,31) -> 46387 | G3: Egyenleg: | H3: =SUM(SUM(H6:H10000),-SUM(J7:J10000)) -> 0
D4: =Hibak!AJ3 | N4: Költségvetési
D5: Dátum | E5: Iratszám | F5: Irattip. | G5: Név | H5: Bev. - Összeg | I5: Bevétel - Költ.vet. név | J5: Kiad. - Összeg | K5: Kiadás - költ.vet. név | L5: Megjegyzés | M5: Magyarázat | N5: szám
G6: Előző évi egyenleg:
C7: =IF(AND(D7<>0,D7>=$C$1,D7<=$C$3),D7,IF(SUM(H7:J17)<>0,C1,1)) -> 1 | M7: =IF(I7&K7<>"",VLOOKUP(I7&K7,fif,3,FALSE),"") | N7: =IF(I7&K7<>"",VLOOKUP(I7&K7,fi,2,FALSE),"")
C8: =IF(AND(D8<>0,D8>=$C$1,D8<=$C$3),D8,IF(SUM(H8:J18)<>0,C7,1)) -> 1 | M8: =IF(I8&K8<>"",VLOOKUP(I8&K8,fif,3,FALSE),"") | N8: =IF(I8&K8<>"",VLOOKUP(I8&K8,fi,2,FALSE),"")
C9: =IF(AND(D9<>0,D9>=$C$1,D9<=$C$3),D9,IF(SUM(H9:J19)<>0,C8,1)) -> 1 | M9: =IF(I9&K9<>"",VLOOKUP(I9&K9,fif,3,FALSE),"") | N9: =IF(I9&K9<>"",VLOOKUP(I9&K9,fi,2,FALSE),"")
C10: =IF(AND(D10<>0,D10>=$C$1,D10<=$C$3),D10,IF(SUM(H10:J20)<>0,C9,1)) -> 1 | M10: =IF(I10&K10<>"",VLOOKUP(I10&K10,fif,3,FALSE),"") | N10: =IF(I10&K10<>"",VLOOKUP(I10&K10,fi,2,FALSE),"")
C11: =IF(AND(D11<>0,D11>=$C$1,D11<=$C$3),D11,IF(SUM(H11:J21)<>0,C10,1)) -> 1 | M11: =IF(I11&K11<>"",VLOOKUP(I11&K11,fif,3,FALSE),"") | N11: =IF(I11&K11<>"",VLOOKUP(I11&K11,fi,2,FALSE),"")
C12: =IF(AND(D12<>0,D12>=$C$1,D12<=$C$3),D12,IF(SUM(H12:J22)<>0,C11,1)) -> 1 | M12: =IF(I12&K12<>"",VLOOKUP(I12&K12,fif,3,FALSE),"") | N12: =IF(I12&K12<>"",VLOOKUP(I12&K12,fi,2,FALSE),"")
C13: =IF(AND(D13<>0,D13>=$C$1,D13<=$C$3),D13,IF(SUM(H13:J23)<>0,C12,1)) -> 1 | M13: =IF(I13&K13<>"",VLOOKUP(I13&K13,fif,3,FALSE),"") | N13: =IF(I13&K13<>"",VLOOKUP(I13&K13,fi,2,FALSE),"")
C14: =IF(AND(D14<>0,D14>=$C$1,D14<=$C$3),D14,IF(SUM(H14:J24)<>0,C13,1)) -> 1 | M14: =IF(I14&K14<>"",VLOOKUP(I14&K14,fif,3,FALSE),"") | N14: =IF(I14&K14<>"",VLOOKUP(I14&K14,fi,2,FALSE),"")
C15: =IF(AND(D15<>0,D15>=$C$1,D15<=$C$3),D15,IF(SUM(H15:J25)<>0,C14,1)) -> 1 | M15: =IF(I15&K15<>"",VLOOKUP(I15&K15,fif,3,FALSE),"") | N15: =IF(I15&K15<>"",VLOOKUP(I15&K15,fi,2,FALSE),"")
C16: =IF(AND(D16<>0,D16>=$C$1,D16<=$C$3),D16,IF(SUM(H16:J26)<>0,C15,1)) -> 1 | M16: =IF(I16&K16<>"",VLOOKUP(I16&K16,fif,3,FALSE),"") | N16: =IF(I16&K16<>"",VLOOKUP(I16&K16,fi,2,FALSE),"")
C17: =IF(AND(D17<>0,D17>=$C$1,D17<=$C$3),D17,IF(SUM(H17:J27)<>0,C16,1)) -> 1 | M17: =IF(I17&K17<>"",VLOOKUP(I17&K17,fif,3,FALSE),"") | N17: =IF(I17&K17<>"",VLOOKUP(I17&K17,fi,2,FALSE),"")
C18: =IF(AND(D18<>0,D18>=$C$1,D18<=$C$3),D18,IF(SUM(H18:J28)<>0,C17,1)) -> 1 | M18: =IF(I18&K18<>"",VLOOKUP(I18&K18,fif,3,FALSE),"") | N18: =IF(I18&K18<>"",VLOOKUP(I18&K18,fi,2,FALSE),"")
C19: =IF(AND(D19<>0,D19>=$C$1,D19<=$C$3),D19,IF(SUM(H19:J29)<>0,C18,1)) -> 1 | M19: =IF(I19&K19<>"",VLOOKUP(I19&K19,fif,3,FALSE),"") | N19: =IF(I19&K19<>"",VLOOKUP(I19&K19,fi,2,FALSE),"")
... C100: =IF(AND(D100<>0,D100>=$C$1,D100<=$C$3),D100,IF(SUM(H100:J110)<>0,C99,1)) -> 1 | M100: =IF(I100&K100<>"",VLOOKUP(I100&K100,fif,3,FALSE),"") | N100: =IF(I100&K100<>"",VLOOKUP(I100&K100,fi,2,FALSE),"")

Sheet K
C1: =DATE(Hibak!$A$1,1,1) -> 46023 | D1: =A!D1 -> Református Egyházközség | G1: Napi bevétel: | H1: =SUMIF($C$7:$C$10000,$C$2,$H$7:$H$10000) -> 0 | J1: =C2 -> 46023 | N1: A másolás, kivágás, beillesztés
C2: =IF(MAX(C7:C10000)>C1,MAX(C7:C10000),C1) -> 46023 | G2: Napi kiadás: | H2: =SUMIF($C$7:$C$10000,$C$2,$J$7:$J$10000) -> 0 | N2: műveleteket lehetőleg ne használd!
C3: =DATE(Hibak!$A$1,12,31) -> 46387 | G3: Egyenleg: | H3: =SUM(SUM(H6:H10000),-SUM(J7:J10000)) -> 0
D4: =Hibak!AK3 | N4: Költségvetési
D5: Dátum | E5: Iratszám | F5: Irattip. | G5: Név | H5: Bev. - Összeg | I5: Bevétel - Költ.vet. név | J5: Kiad. - Összeg | K5: Kiadás - költ.vet. név | L5: Megjegyzés | M5: Magyarázat | N5: szám
G6: Előző évi egyenleg:
C7: =IF(AND(D7<>0,D7>=$C$1,D7<=$C$3),D7,IF(SUM(H7:J17)<>0,C1,1)) -> 1 | M7: =IF(I7&K7<>"",VLOOKUP(I7&K7,fif,3,FALSE),"") | N7: =IF(I7&K7<>"",VLOOKUP(I7&K7,fi,2,FALSE),"")
C8: =IF(AND(D8<>0,D8>=$C$1,D8<=$C$3),D8,IF(SUM(H8:J18)<>0,C7,1)) -> 1 | M8: =IF(I8&K8<>"",VLOOKUP(I8&K8,fif,3,FALSE),"") | N8: =IF(I8&K8<>"",VLOOKUP(I8&K8,fi,2,FALSE),"")
C9: =IF(AND(D9<>0,D9>=$C$1,D9<=$C$3),D9,IF(SUM(H9:J19)<>0,C8,1)) -> 1 | M9: =IF(I9&K9<>"",VLOOKUP(I9&K9,fif,3,FALSE),"") | N9: =IF(I9&K9<>"",VLOOKUP(I9&K9,fi,2,FALSE),"")
C10: =IF(AND(D10<>0,D10>=$C$1,D10<=$C$3),D10,IF(SUM(H10:J20)<>0,C9,1)) -> 1 | M10: =IF(I10&K10<>"",VLOOKUP(I10&K10,fif,3,FALSE),"") | N10: =IF(I10&K10<>"",VLOOKUP(I10&K10,fi,2,FALSE),"")
C11: =IF(AND(D11<>0,D11>=$C$1,D11<=$C$3),D11,IF(SUM(H11:J21)<>0,C10,1)) -> 1 | M11: =IF(I11&K11<>"",VLOOKUP(I11&K11,fif,3,FALSE),"") | N11: =IF(I11&K11<>"",VLOOKUP(I11&K11,fi,2,FALSE),"")
C12: =IF(AND(D12<>0,D12>=$C$1,D12<=$C$3),D12,IF(SUM(H12:J22)<>0,C11,1)) -> 1 | M12: =IF(I12&K12<>"",VLOOKUP(I12&K12,fif,3,FALSE),"") | N12: =IF(I12&K12<>"",VLOOKUP(I12&K12,fi,2,FALSE),"")
C13: =IF(AND(D13<>0,D13>=$C$1,D13<=$C$3),D13,IF(SUM(H13:J23)<>0,C12,1)) -> 1 | M13: =IF(I13&K13<>"",VLOOKUP(I13&K13,fif,3,FALSE),"") | N13: =IF(I13&K13<>"",VLOOKUP(I13&K13,fi,2,FALSE),"")
C14: =IF(AND(D14<>0,D14>=$C$1,D14<=$C$3),D14,IF(SUM(H14:J24)<>0,C13,1)) -> 1 | M14: =IF(I14&K14<>"",VLOOKUP(I14&K14,fif,3,FALSE),"") | N14: =IF(I14&K14<>"",VLOOKUP(I14&K14,fi,2,FALSE),"")
C15: =IF(AND(D15<>0,D15>=$C$1,D15<=$C$3),D15,IF(SUM(H15:J25)<>0,C14,1)) -> 1 | M15: =IF(I15&K15<>"",VLOOKUP(I15&K15,fif,3,FALSE),"") | N15: =IF(I15&K15<>"",VLOOKUP(I15&K15,fi,2,FALSE),"")
C16: =IF(AND(D16<>0,D16>=$C$1,D16<=$C$3),D16,IF(SUM(H16:J26)<>0,C15,1)) -> 1 | M16: =IF(I16&K16<>"",VLOOKUP(I16&K16,fif,3,FALSE),"") | N16: =IF(I16&K16<>"",VLOOKUP(I16&K16,fi,2,FALSE),"")
C17: =IF(AND(D17<>0,D17>=$C$1,D17<=$C$3),D17,IF(SUM(H17:J27)<>0,C16,1)) -> 1 | M17: =IF(I17&K17<>"",VLOOKUP(I17&K17,fif,3,FALSE),"") | N17: =IF(I17&K17<>"",VLOOKUP(I17&K17,fi,2,FALSE),"")
C18: =IF(AND(D18<>0,D18>=$C$1,D18<=$C$3),D18,IF(SUM(H18:J28)<>0,C17,1)) -> 1 | M18: =IF(I18&K18<>"",VLOOKUP(I18&K18,fif,3,FALSE),"") | N18: =IF(I18&K18<>"",VLOOKUP(I18&K18,fi,2,FALSE),"")
C19: =IF(AND(D19<>0,D19>=$C$1,D19<=$C$3),D19,IF(SUM(H19:J29)<>0,C18,1)) -> 1 | M19: =IF(I19&K19<>"",VLOOKUP(I19&K19,fif,3,FALSE),"") | N19: =IF(I19&K19<>"",VLOOKUP(I19&K19,fi,2,FALSE),"")
... C100: =IF(AND(D100<>0,D100>=$C$1,D100<=$C$3),D100,IF(SUM(H100:J110)<>0,C99,1)) -> 1 | M100: =IF(I100&K100<>"",VLOOKUP(I100&K100,fif,3,FALSE),"") | N100: =IF(I100&K100<>"",VLOOKUP(I100&K100,fi,2,FALSE),"")

Sheet L
C1: =DATE(Hibak!$A$1,1,1) -> 46023 | D1: =A!D1 -> Református Egyházközség | G1: Napi bevétel: | H1: =SUMIF($C$7:$C$10000,$C$2,$H$7:$H$10000) -> 0 | J1: =C2 -> 46023 | N1: A másolás, kivágás, beillesztés
C2: =IF(MAX(C7:C10000)>C1,MAX(C7:C10000),C1) -> 46023 | G2: Napi kiadás: | H2: =SUMIF($C$7:$C$10000,$C$2,$J$7:$J$10000) -> 0 | N2: műveleteket lehetőleg ne használd!
C3: =DATE(Hibak!$A$1,12,31) -> 46387 | G3: Egyenleg: | H3: =SUM(SUM(H6:H10000),-SUM(J7:J10000)) -> 0
D4: =Hibak!AL3 | N4: Költségvetési
D5: Dátum | E5: Iratszám | F5: Irattip. | G5: Név | H5: Bev. - Összeg | I5: Bevétel - Költ.vet. név | J5: Kiad. - Összeg | K5: Kiadás - költ.vet. név | L5: Megjegyzés | M5: Magyarázat | N5: szám
G6: Előző évi egyenleg:
C7: =IF(AND(D7<>0,D7>=$C$1,D7<=$C$3),D7,IF(SUM(H7:J17)<>0,C1,1)) -> 1 | M7: =IF(I7&K7<>"",VLOOKUP(I7&K7,fif,3,FALSE),"") | N7: =IF(I7&K7<>"",VLOOKUP(I7&K7,fi,2,FALSE),"")
C8: =IF(AND(D8<>0,D8>=$C$1,D8<=$C$3),D8,IF(SUM(H8:J18)<>0,C7,1)) -> 1 | M8: =IF(I8&K8<>"",VLOOKUP(I8&K8,fif,3,FALSE),"") | N8: =IF(I8&K8<>"",VLOOKUP(I8&K8,fi,2,FALSE),"")
C9: =IF(AND(D9<>0,D9>=$C$1,D9<=$C$3),D9,IF(SUM(H9:J19)<>0,C8,1)) -> 1 | M9: =IF(I9&K9<>"",VLOOKUP(I9&K9,fif,3,FALSE),"") | N9: =IF(I9&K9<>"",VLOOKUP(I9&K9,fi,2,FALSE),"")
C10: =IF(AND(D10<>0,D10>=$C$1,D10<=$C$3),D10,IF(SUM(H10:J20)<>0,C9,1)) -> 1 | M10: =IF(I10&K10<>"",VLOOKUP(I10&K10,fif,3,FALSE),"") | N10: =IF(I10&K10<>"",VLOOKUP(I10&K10,fi,2,FALSE),"")
C11: =IF(AND(D11<>0,D11>=$C$1,D11<=$C$3),D11,IF(SUM(H11:J21)<>0,C10,1)) -> 1 | M11: =IF(I11&K11<>"",VLOOKUP(I11&K11,fif,3,FALSE),"") | N11: =IF(I11&K11<>"",VLOOKUP(I11&K11,fi,2,FALSE),"")
C12: =IF(AND(D12<>0,D12>=$C$1,D12<=$C$3),D12,IF(SUM(H12:J22)<>0,C11,1)) -> 1 | M12: =IF(I12&K12<>"",VLOOKUP(I12&K12,fif,3,FALSE),"") | N12: =IF(I12&K12<>"",VLOOKUP(I12&K12,fi,2,FALSE),"")
C13: =IF(AND(D13<>0,D13>=$C$1,D13<=$C$3),D13,IF(SUM(H13:J23)<>0,C12,1)) -> 1 | M13: =IF(I13&K13<>"",VLOOKUP(I13&K13,fif,3,FALSE),"") | N13: =IF(I13&K13<>"",VLOOKUP(I13&K13,fi,2,FALSE),"")
C14: =IF(AND(D14<>0,D14>=$C$1,D14<=$C$3),D14,IF(SUM(H14:J24)<>0,C13,1)) -> 1 | M14: =IF(I14&K14<>"",VLOOKUP(I14&K14,fif,3,FALSE),"") | N14: =IF(I14&K14<>"",VLOOKUP(I14&K14,fi,2,FALSE),"")
C15: =IF(AND(D15<>0,D15>=$C$1,D15<=$C$3),D15,IF(SUM(H15:J25)<>0,C14,1)) -> 1 | M15: =IF(I15&K15<>"",VLOOKUP(I15&K15,fif,3,FALSE),"") | N15: =IF(I15&K15<>"",VLOOKUP(I15&K15,fi,2,FALSE),"")
C16: =IF(AND(D16<>0,D16>=$C$1,D16<=$C$3),D16,IF(SUM(H16:J26)<>0,C15,1)) -> 1 | M16: =IF(I16&K16<>"",VLOOKUP(I16&K16,fif,3,FALSE),"") | N16: =IF(I16&K16<>"",VLOOKUP(I16&K16,fi,2,FALSE),"")
C17: =IF(AND(D17<>0,D17>=$C$1,D17<=$C$3),D17,IF(SUM(H17:J27)<>0,C16,1)) -> 1 | M17: =IF(I17&K17<>"",VLOOKUP(I17&K17,fif,3,FALSE),"") | N17: =IF(I17&K17<>"",VLOOKUP(I17&K17,fi,2,FALSE),"")
C18: =IF(AND(D18<>0,D18>=$C$1,D18<=$C$3),D18,IF(SUM(H18:J28)<>0,C17,1)) -> 1 | M18: =IF(I18&K18<>"",VLOOKUP(I18&K18,fif,3,FALSE),"") | N18: =IF(I18&K18<>"",VLOOKUP(I18&K18,fi,2,FALSE),"")
C19: =IF(AND(D19<>0,D19>=$C$1,D19<=$C$3),D19,IF(SUM(H19:J29)<>0,C18,1)) -> 1 | M19: =IF(I19&K19<>"",VLOOKUP(I19&K19,fif,3,FALSE),"") | N19: =IF(I19&K19<>"",VLOOKUP(I19&K19,fi,2,FALSE),"")
... C100: =IF(AND(D100<>0,D100>=$C$1,D100<=$C$3),D100,IF(SUM(H100:J110)<>0,C99,1)) -> 1 | M100: =IF(I100&K100<>"",VLOOKUP(I100&K100,fif,3,FALSE),"") | N100: =IF(I100&K100<>"",VLOOKUP(I100&K100,fi,2,FALSE),"")

Sheet M
C1: =DATE(Hibak!$A$1,1,1) -> 46023 | D1: =A!D1 -> Református Egyházközség | G1: Napi bevétel: | H1: =SUMIF($C$7:$C$10000,$C$2,$H$6:$H$10000) -> 0 | J1: =C2 -> 46023 | N1: A másolás, kivágás, beillesztés
C2: =IF(MAX(C7:C10000)>C1,MAX(C7:C10000),C1) -> 46023 | G2: Napi kiadás: | H2: =SUMIF($C$7:$C$10000,$C$2,$J$6:$J$10000) -> 0 | N2: műveleteket lehetőleg ne használd!
C3: =DATE(Hibak!$A$1,12,31) -> 46387 | G3: Egyenleg: | H3: =SUM(SUM(H6:H10000),-SUM(J7:J10000)) -> 0
D4: =Hibak!AM3 | N4: Költségvetési
D5: Dátum | E5: Iratszám | F5: Irattip. | G5: Név | H5: Bev. - Összeg | I5: Bevétel - Költ.vet. név | J5: Kiad. - Összeg | K5: Kiadás - költ.vet. név | L5: Magyarázat | N5: szám
G6: Előző évi készpénzegyenleg:
C7: =IF(AND(D7<>0,D7>=$C$1,D7<=$C$3),D7,IF(SUM(H7:J17)<>0,C6,1)) -> 1 | N7: =IF(I7&K7<>"",VLOOKUP(I7&K7,fi,2,FALSE),"")
C8: =IF(AND(D8<>0,D8>=$C$1,D8<=$C$3),D8,IF(SUM(H8:J18)<>0,C7,1)) -> 1 | N8: =IF(I8&K8<>"",VLOOKUP(I8&K8,fi,2,FALSE),"")
C9: =IF(AND(D9<>0,D9>=$C$1,D9<=$C$3),D9,IF(SUM(H9:J19)<>0,C8,1)) -> 1 | N9: =IF(I9&K9<>"",VLOOKUP(I9&K9,fi,2,FALSE),"")
C10: =IF(AND(D10<>0,D10>=$C$1,D10<=$C$3),D10,IF(SUM(H10:J20)<>0,C9,1)) -> 1 | N10: =IF(I10&K10<>"",VLOOKUP(I10&K10,fi,2,FALSE),"")
C11: =IF(AND(D11<>0,D11>=$C$1,D11<=$C$3),D11,IF(SUM(H11:J21)<>0,C10,1)) -> 1 | N11: =IF(I11&K11<>"",VLOOKUP(I11&K11,fi,2,FALSE),"")
C12: =IF(AND(D12<>0,D12>=$C$1,D12<=$C$3),D12,IF(SUM(H12:J22)<>0,C11,1)) -> 1 | N12: =IF(I12&K12<>"",VLOOKUP(I12&K12,fi,2,FALSE),"")
C13: =IF(AND(D13<>0,D13>=$C$1,D13<=$C$3),D13,IF(SUM(H13:J23)<>0,C12,1)) -> 1 | N13: =IF(I13&K13<>"",VLOOKUP(I13&K13,fi,2,FALSE),"")
C14: =IF(AND(D14<>0,D14>=$C$1,D14<=$C$3),D14,IF(SUM(H14:J24)<>0,C13,1)) -> 1 | N14: =IF(I14&K14<>"",VLOOKUP(I14&K14,fi,2,FALSE),"")
C15: =IF(AND(D15<>0,D15>=$C$1,D15<=$C$3),D15,IF(SUM(H15:J25)<>0,C14,1)) -> 1 | N15: =IF(I15&K15<>"",VLOOKUP(I15&K15,fi,2,FALSE),"")
C16: =IF(AND(D16<>0,D16>=$C$1,D16<=$C$3),D16,IF(SUM(H16:J26)<>0,C15,1)) -> 1 | N16: =IF(I16&K16<>"",VLOOKUP(I16&K16,fi,2,FALSE),"")
C17: =IF(AND(D17<>0,D17>=$C$1,D17<=$C$3),D17,IF(SUM(H17:J27)<>0,C16,1)) -> 1 | N17: =IF(I17&K17<>"",VLOOKUP(I17&K17,fi,2,FALSE),"")
C18: =IF(AND(D18<>0,D18>=$C$1,D18<=$C$3),D18,IF(SUM(H18:J28)<>0,C17,1)) -> 1 | N18: =IF(I18&K18<>"",VLOOKUP(I18&K18,fi,2,FALSE),"")
... C100: =IF(AND(D100<>0,D100>=$C$1,D100<=$C$3),D100,IF(SUM(H100:J110)<>0,C99,1)) -> 1 | N100: =IF(I100&K100<>"",VLOOKUP(I100&K100,fi,2,FALSE),"")

Sheet N
C1: =DATE(Hibak!$A$1,1,1) -> 46023 | D1: =A!D1 -> Református Egyházközség | G1: Napi bevétel: | H1: =SUMIF($C$7:$C$10000,$C$2,$H$6:$H$10000) -> 0 | J1: =C2 -> 46023 | N1: A másolás, kivágás, beillesztés
C2: =IF(MAX(C7:C10000)>C1,MAX(C7:C10000),C1) -> 46023 | G2: Napi kiadás: | H2: =SUMIF($C$7:$C$10000,$C$2,$J$6:$J$10000) -> 0 | N2: műveleteket lehetőleg ne használd!
C3: =DATE(Hibak!$A$1,12,31) -> 46387 | G3: Egyenleg: | H3: =SUM(SUM(H6:H10000),-SUM(J7:J10000)) -> 0
D4: =Hibak!AN3 | N4: Költségvetési
D5: Dátum | E5: Iratszám | F5: Irattip. | G5: Név | H5: Bev. - Összeg | I5: Bevétel - Költ.vet. név | J5: Kiad. - Összeg | K5: Kiadás - költ.vet. név | L5: Magyarázat | N5: szám
G6: Előző évi készpénzegyenleg:
C7: =IF(AND(D7<>0,D7>=$C$1,D7<=$C$3),D7,IF(SUM(H7:J17)<>0,C6,1)) -> 1 | N7: =IF(I7&K7<>"",VLOOKUP(I7&K7,fi,2,FALSE),"")
C8: =IF(AND(D8<>0,D8>=$C$1,D8<=$C$3),D8,IF(SUM(H8:J18)<>0,C7,1)) -> 1 | N8: =IF(I8&K8<>"",VLOOKUP(I8&K8,fi,2,FALSE),"")
C9: =IF(AND(D9<>0,D9>=$C$1,D9<=$C$3),D9,IF(SUM(H9:J19)<>0,C8,1)) -> 1 | N9: =IF(I9&K9<>"",VLOOKUP(I9&K9,fi,2,FALSE),"")
C10: =IF(AND(D10<>0,D10>=$C$1,D10<=$C$3),D10,IF(SUM(H10:J20)<>0,C9,1)) -> 1 | N10: =IF(I10&K10<>"",VLOOKUP(I10&K10,fi,2,FALSE),"")
C11: =IF(AND(D11<>0,D11>=$C$1,D11<=$C$3),D11,IF(SUM(H11:J21)<>0,C10,1)) -> 1 | N11: =IF(I11&K11<>"",VLOOKUP(I11&K11,fi,2,FALSE),"")
C12: =IF(AND(D12<>0,D12>=$C$1,D12<=$C$3),D12,IF(SUM(H12:J22)<>0,C11,1)) -> 1 | N12: =IF(I12&K12<>"",VLOOKUP(I12&K12,fi,2,FALSE),"")
C13: =IF(AND(D13<>0,D13>=$C$1,D13<=$C$3),D13,IF(SUM(H13:J23)<>0,C12,1)) -> 1 | N13: =IF(I13&K13<>"",VLOOKUP(I13&K13,fi,2,FALSE),"")
C14: =IF(AND(D14<>0,D14>=$C$1,D14<=$C$3),D14,IF(SUM(H14:J24)<>0,C13,1)) -> 1 | N14: =IF(I14&K14<>"",VLOOKUP(I14&K14,fi,2,FALSE),"")
C15: =IF(AND(D15<>0,D15>=$C$1,D15<=$C$3),D15,IF(SUM(H15:J25)<>0,C14,1)) -> 1 | N15: =IF(I15&K15<>"",VLOOKUP(I15&K15,fi,2,FALSE),"")
C16: =IF(AND(D16<>0,D16>=$C$1,D16<=$C$3),D16,IF(SUM(H16:J26)<>0,C15,1)) -> 1 | N16: =IF(I16&K16<>"",VLOOKUP(I16&K16,fi,2,FALSE),"")
C17: =IF(AND(D17<>0,D17>=$C$1,D17<=$C$3),D17,IF(SUM(H17:J27)<>0,C16,1)) -> 1 | N17: =IF(I17&K17<>"",VLOOKUP(I17&K17,fi,2,FALSE),"")
C18: =IF(AND(D18<>0,D18>=$C$1,D18<=$C$3),D18,IF(SUM(H18:J28)<>0,C17,1)) -> 1 | N18: =IF(I18&K18<>"",VLOOKUP(I18&K18,fi,2,FALSE),"")
... C100: =IF(AND(D100<>0,D100>=$C$1,D100<=$C$3),D100,IF(SUM(H100:J110)<>0,C99,1)) -> 1 | N100: =IF(I100&K100<>"",VLOOKUP(I100&K100,fi,2,FALSE),"")

Sheet O
C1: =DATE(Hibak!$A$1,1,1) -> 46023 | D1: =A!D1 -> Református Egyházközség | G1: Napi bevétel: | H1: =SUMIF($C$7:$C$10000,$C$2,$H$6:$H$10000) -> 0 | J1: =C2 -> 46023 | N1: A másolás, kivágás, beillesztés
C2: =IF(MAX(C7:C10000)>C1,MAX(C7:C10000),C1) -> 46023 | G2: Napi kiadás: | H2: =SUMIF($C$7:$C$10000,$C$2,$J$6:$J$10000) -> 0 | N2: műveleteket lehetőleg ne használd!
C3: =DATE(Hibak!$A$1,12,31) -> 46387 | G3: Egyenleg: | H3: =SUM(SUM(H6:H10000),-SUM(J7:J10000)) -> 0
D4: =Hibak!AO3 | N4: Költségvetési
D5: Dátum | E5: Iratszám | F5: Irattip. | G5: Név | H5: Bev. - Összeg | I5: Bevétel - Költ.vet. név | J5: Kiad. - Összeg | K5: Kiadás - költ.vet. név | L5: Magyarázat | N5: szám
G6: Előző évi készpénzegyenleg:
C7: =IF(AND(D7<>0,D7>=$C$1,D7<=$C$3),D7,IF(SUM(H7:J17)<>0,C6,1)) -> 1 | N7: =IF(I7&K7<>"",VLOOKUP(I7&K7,fi,2,FALSE),"")
C8: =IF(AND(D8<>0,D8>=$C$1,D8<=$C$3),D8,IF(SUM(H8:J18)<>0,C7,1)) -> 1 | N8: =IF(I8&K8<>"",VLOOKUP(I8&K8,fi,2,FALSE),"")
C9: =IF(AND(D9<>0,D9>=$C$1,D9<=$C$3),D9,IF(SUM(H9:J19)<>0,C8,1)) -> 1 | N9: =IF(I9&K9<>"",VLOOKUP(I9&K9,fi,2,FALSE),"")
C10: =IF(AND(D10<>0,D10>=$C$1,D10<=$C$3),D10,IF(SUM(H10:J20)<>0,C9,1)) -> 1 | N10: =IF(I10&K10<>"",VLOOKUP(I10&K10,fi,2,FALSE),"")
C11: =IF(AND(D11<>0,D11>=$C$1,D11<=$C$3),D11,IF(SUM(H11:J21)<>0,C10,1)) -> 1 | N11: =IF(I11&K11<>"",VLOOKUP(I11&K11,fi,2,FALSE),"")
C12: =IF(AND(D12<>0,D12>=$C$1,D12<=$C$3),D12,IF(SUM(H12:J22)<>0,C11,1)) -> 1 | N12: =IF(I12&K12<>"",VLOOKUP(I12&K12,fi,2,FALSE),"")
C13: =IF(AND(D13<>0,D13>=$C$1,D13<=$C$3),D13,IF(SUM(H13:J23)<>0,C12,1)) -> 1 | N13: =IF(I13&K13<>"",VLOOKUP(I13&K13,fi,2,FALSE),"")
C14: =IF(AND(D14<>0,D14>=$C$1,D14<=$C$3),D14,IF(SUM(H14:J24)<>0,C13,1)) -> 1 | N14: =IF(I14&K14<>"",VLOOKUP(I14&K14,fi,2,FALSE),"")
C15: =IF(AND(D15<>0,D15>=$C$1,D15<=$C$3),D15,IF(SUM(H15:J25)<>0,C14,1)) -> 1 | N15: =IF(I15&K15<>"",VLOOKUP(I15&K15,fi,2,FALSE),"")
C16: =IF(AND(D16<>0,D16>=$C$1,D16<=$C$3),D16,IF(SUM(H16:J26)<>0,C15,1)) -> 1 | N16: =IF(I16&K16<>"",VLOOKUP(I16&K16,fi,2,FALSE),"")
C17: =IF(AND(D17<>0,D17>=$C$1,D17<=$C$3),D17,IF(SUM(H17:J27)<>0,C16,1)) -> 1 | N17: =IF(I17&K17<>"",VLOOKUP(I17&K17,fi,2,FALSE),"")
C18: =IF(AND(D18<>0,D18>=$C$1,D18<=$C$3),D18,IF(SUM(H18:J28)<>0,C17,1)) -> 1 | N18: =IF(I18&K18<>"",VLOOKUP(I18&K18,fi,2,FALSE),"")
... C100: =IF(AND(D100<>0,D100>=$C$1,D100<=$C$3),D100,IF(SUM(H100:J110)<>0,C99,1)) -> 1 | N100: =IF(I100&K100<>"",VLOOKUP(I100&K100,fi,2,FALSE),"")

Sheet P
C1: =DATE(Hibak!$A$1,1,1) -> 46023 | D1: =A!D1 -> Református Egyházközség | G1: Napi bevétel: | H1: =SUMIF($C$7:$C$10000,$C$2,$H$6:$H$10000) -> 0 | J1: =C2 -> 46023 | N1: A másolás, kivágás, beillesztés
C2: =IF(MAX(C7:C10000)>C1,MAX(C7:C10000),C1) -> 46023 | G2: Napi kiadás: | H2: =SUMIF($C$7:$C$10000,$C$2,$J$6:$J$10000) -> 0 | N2: műveleteket lehetőleg ne használd!
C3: =DATE(Hibak!$A$1,12,31) -> 46387 | G3: Egyenleg: | H3: =SUM(SUM(H6:H10000),-SUM(J7:J10000)) -> 0
D4: =Hibak!AP3 | N4: Költségvetési
D5: Dátum | E5: Iratszám | F5: Irattip. | G5: Név | H5: Bev. - Összeg | I5: Bevétel - Költ.vet. név | J5: Kiad. - Összeg | K5: Kiadás - költ.vet. név | L5: Magyarázat | N5: szám
G6: Előző évi készpénzegyenleg:
C7: =IF(AND(D7<>0,D7>=$C$1,D7<=$C$3),D7,IF(SUM(H7:J17)<>0,C6,1)) -> 1 | N7: =IF(I7&K7<>"",VLOOKUP(I7&K7,fi,2,FALSE),"")
C8: =IF(AND(D8<>0,D8>=$C$1,D8<=$C$3),D8,IF(SUM(H8:J18)<>0,C7,1)) -> 1 | N8: =IF(I8&K8<>"",VLOOKUP(I8&K8,fi,2,FALSE),"")
C9: =IF(AND(D9<>0,D9>=$C$1,D9<=$C$3),D9,IF(SUM(H9:J19)<>0,C8,1)) -> 1 | N9: =IF(I9&K9<>"",VLOOKUP(I9&K9,fi,2,FALSE),"")
C10: =IF(AND(D10<>0,D10>=$C$1,D10<=$C$3),D10,IF(SUM(H10:J20)<>0,C9,1)) -> 1 | N10: =IF(I10&K10<>"",VLOOKUP(I10&K10,fi,2,FALSE),"")
C11: =IF(AND(D11<>0,D11>=$C$1,D11<=$C$3),D11,IF(SUM(H11:J21)<>0,C10,1)) -> 1 | N11: =IF(I11&K11<>"",VLOOKUP(I11&K11,fi,2,FALSE),"")
C12: =IF(AND(D12<>0,D12>=$C$1,D12<=$C$3),D12,IF(SUM(H12:J22)<>0,C11,1)) -> 1 | N12: =IF(I12&K12<>"",VLOOKUP(I12&K12,fi,2,FALSE),"")
C13: =IF(AND(D13<>0,D13>=$C$1,D13<=$C$3),D13,IF(SUM(H13:J23)<>0,C12,1)) -> 1 | N13: =IF(I13&K13<>"",VLOOKUP(I13&K13,fi,2,FALSE),"")
C14: =IF(AND(D14<>0,D14>=$C$1,D14<=$C$3),D14,IF(SUM(H14:J24)<>0,C13,1)) -> 1 | N14: =IF(I14&K14<>"",VLOOKUP(I14&K14,fi,2,FALSE),"")
C15: =IF(AND(D15<>0,D15>=$C$1,D15<=$C$3),D15,IF(SUM(H15:J25)<>0,C14,1)) -> 1 | N15: =IF(I15&K15<>"",VLOOKUP(I15&K15,fi,2,FALSE),"")
C16: =IF(AND(D16<>0,D16>=$C$1,D16<=$C$3),D16,IF(SUM(H16:J26)<>0,C15,1)) -> 1 | N16: =IF(I16&K16<>"",VLOOKUP(I16&K16,fi,2,FALSE),"")
C17: =IF(AND(D17<>0,D17>=$C$1,D17<=$C$3),D17,IF(SUM(H17:J27)<>0,C16,1)) -> 1 | N17: =IF(I17&K17<>"",VLOOKUP(I17&K17,fi,2,FALSE),"")
C18: =IF(AND(D18<>0,D18>=$C$1,D18<=$C$3),D18,IF(SUM(H18:J28)<>0,C17,1)) -> 1 | N18: =IF(I18&K18<>"",VLOOKUP(I18&K18,fi,2,FALSE),"")
... C100: =IF(AND(D100<>0,D100>=$C$1,D100<=$C$3),D100,IF(SUM(H100:J110)<>0,C99,1)) -> 1 | N100: =IF(I100&K100<>"",VLOOKUP(I100&K100,fi,2,FALSE),"")

Sheet Q
C1: =DATE(Hibak!$A$1,1,1) -> 46023 | D1: =A!D1 -> Református Egyházközség | G1: Napi bevétel: | H1: =SUMIF($C$7:$C$10000,$C$2,$H$6:$H$10000) -> 0 | J1: =C2 -> 46023 | N1: A másolás, kivágás, beillesztés
C2: =IF(MAX(C7:C10000)>C1,MAX(C7:C10000),C1) -> 46023 | G2: Napi kiadás: | H2: =SUMIF($C$7:$C$10000,$C$2,$J$6:$J$10000) -> 0 | N2: műveleteket lehetőleg ne használd!
C3: =DATE(Hibak!$A$1,12,31) -> 46387 | G3: Egyenleg: | H3: =SUM(SUM(H6:H10000),-SUM(J7:J10000)) -> 0
D4: =Hibak!AQ3 | N4: Költségvetési
D5: Dátum | E5: Iratszám | F5: Irattip. | G5: Név | H5: Bev. - Összeg | I5: Bevétel - Költ.vet. név | J5: Kiad. - Összeg | K5: Kiadás - költ.vet. név | L5: Magyarázat | N5: szám
G6: Előző évi készpénzegyenleg:
C7: =IF(AND(D7<>0,D7>=$C$1,D7<=$C$3),D7,IF(SUM(H7:J17)<>0,C6,1)) -> 1 | N7: =IF(I7&K7<>"",VLOOKUP(I7&K7,fi,2,FALSE),"")
C8: =IF(AND(D8<>0,D8>=$C$1,D8<=$C$3),D8,IF(SUM(H8:J18)<>0,C7,1)) -> 1 | N8: =IF(I8&K8<>"",VLOOKUP(I8&K8,fi,2,FALSE),"")
C9: =IF(AND(D9<>0,D9>=$C$1,D9<=$C$3),D9,IF(SUM(H9:J19)<>0,C8,1)) -> 1 | N9: =IF(I9&K9<>"",VLOOKUP(I9&K9,fi,2,FALSE),"")
C10: =IF(AND(D10<>0,D10>=$C$1,D10<=$C$3),D10,IF(SUM(H10:J20)<>0,C9,1)) -> 1 | N10: =IF(I10&K10<>"",VLOOKUP(I10&K10,fi,2,FALSE),"")
C11: =IF(AND(D11<>0,D11>=$C$1,D11<=$C$3),D11,IF(SUM(H11:J21)<>0,C10,1)) -> 1 | N11: =IF(I11&K11<>"",VLOOKUP(I11&K11,fi,2,FALSE),"")
C12: =IF(AND(D12<>0,D12>=$C$1,D12<=$C$3),D12,IF(SUM(H12:J22)<>0,C11,1)) -> 1 | N12: =IF(I12&K12<>"",VLOOKUP(I12&K12,fi,2,FALSE),"")
C13: =IF(AND(D13<>0,D13>=$C$1,D13<=$C$3),D13,IF(SUM(H13:J23)<>0,C12,1)) -> 1 | N13: =IF(I13&K13<>"",VLOOKUP(I13&K13,fi,2,FALSE),"")
C14: =IF(AND(D14<>0,D14>=$C$1,D14<=$C$3),D14,IF(SUM(H14:J24)<>0,C13,1)) -> 1 | N14: =IF(I14&K14<>"",VLOOKUP(I14&K14,fi,2,FALSE),"")
C15: =IF(AND(D15<>0,D15>=$C$1,D15<=$C$3),D15,IF(SUM(H15:J25)<>0,C14,1)) -> 1 | N15: =IF(I15&K15<>"",VLOOKUP(I15&K15,fi,2,FALSE),"")
C16: =IF(AND(D16<>0,D16>=$C$1,D16<=$C$3),D16,IF(SUM(H16:J26)<>0,C15,1)) -> 1 | N16: =IF(I16&K16<>"",VLOOKUP(I16&K16,fi,2,FALSE),"")
C17: =IF(AND(D17<>0,D17>=$C$1,D17<=$C$3),D17,IF(SUM(H17:J27)<>0,C16,1)) -> 1 | N17: =IF(I17&K17<>"",VLOOKUP(I17&K17,fi,2,FALSE),"")
C18: =IF(AND(D18<>0,D18>=$C$1,D18<=$C$3),D18,IF(SUM(H18:J28)<>0,C17,1)) -> 1 | N18: =IF(I18&K18<>"",VLOOKUP(I18&K18,fi,2,FALSE),"")
... C100: =IF(AND(D100<>0,D100>=$C$1,D100<=$C$3),D100,IF(SUM(H100:J110)<>0,C99,1)) -> 1 | N100: =IF(I100&K100<>"",VLOOKUP(I100&K100,fi,2,FALSE),"")

Sheet R
C1: =DATE(Hibak!$A$1,1,1) -> 46023 | D1: =A!D1 -> Református Egyházközség | G1: Napi bevétel: | H1: =SUMIF($C$7:$C$10000,$C$2,$H$6:$H$10000) -> 0 | J1: =C2 -> 46023 | N1: A másolás, kivágás, beillesztés
C2: =IF(MAX(C7:C10000)>C1,MAX(C7:C10000),C1) -> 46023 | G2: Napi kiadás: | H2: =SUMIF($C$7:$C$10000,$C$2,$J$6:$J$10000) -> 0 | N2: műveleteket lehetőleg ne használd!
C3: =DATE(Hibak!$A$1,12,31) -> 46387 | G3: Egyenleg: | H3: =SUM(SUM(H6:H10000),-SUM(J7:J10000)) -> 0
D4: =Hibak!AR3 | N4: Költségvetési
D5: Dátum | E5: Iratszám | F5: Irattip. | G5: Név | H5: Bev. - Összeg | I5: Bevétel - Költ.vet. név | J5: Kiad. - Összeg | K5: Kiadás - költ.vet. név | L5: Magyarázat | N5: szám
G6: Előző évi készpénzegyenleg:
C7: =IF(AND(D7<>0,D7>=$C$1,D7<=$C$3),D7,IF(SUM(H7:J17)<>0,C6,1)) -> 1 | N7: =IF(I7&K7<>"",VLOOKUP(I7&K7,fi,2,FALSE),"")
C8: =IF(AND(D8<>0,D8>=$C$1,D8<=$C$3),D8,IF(SUM(H8:J18)<>0,C7,1)) -> 1 | N8: =IF(I8&K8<>"",VLOOKUP(I8&K8,fi,2,FALSE),"")
C9: =IF(AND(D9<>0,D9>=$C$1,D9<=$C$3),D9,IF(SUM(H9:J19)<>0,C8,1)) -> 1 | N9: =IF(I9&K9<>"",VLOOKUP(I9&K9,fi,2,FALSE),"")
C10: =IF(AND(D10<>0,D10>=$C$1,D10<=$C$3),D10,IF(SUM(H10:J20)<>0,C9,1)) -> 1 | N10: =IF(I10&K10<>"",VLOOKUP(I10&K10,fi,2,FALSE),"")
C11: =IF(AND(D11<>0,D11>=$C$1,D11<=$C$3),D11,IF(SUM(H11:J21)<>0,C10,1)) -> 1 | N11: =IF(I11&K11<>"",VLOOKUP(I11&K11,fi,2,FALSE),"")
C12: =IF(AND(D12<>0,D12>=$C$1,D12<=$C$3),D12,IF(SUM(H12:J22)<>0,C11,1)) -> 1 | N12: =IF(I12&K12<>"",VLOOKUP(I12&K12,fi,2,FALSE),"")
C13: =IF(AND(D13<>0,D13>=$C$1,D13<=$C$3),D13,IF(SUM(H13:J23)<>0,C12,1)) -> 1 | N13: =IF(I13&K13<>"",VLOOKUP(I13&K13,fi,2,FALSE),"")
C14: =IF(AND(D14<>0,D14>=$C$1,D14<=$C$3),D14,IF(SUM(H14:J24)<>0,C13,1)) -> 1 | N14: =IF(I14&K14<>"",VLOOKUP(I14&K14,fi,2,FALSE),"")
C15: =IF(AND(D15<>0,D15>=$C$1,D15<=$C$3),D15,IF(SUM(H15:J25)<>0,C14,1)) -> 1 | N15: =IF(I15&K15<>"",VLOOKUP(I15&K15,fi,2,FALSE),"")
C16: =IF(AND(D16<>0,D16>=$C$1,D16<=$C$3),D16,IF(SUM(H16:J26)<>0,C15,1)) -> 1 | N16: =IF(I16&K16<>"",VLOOKUP(I16&K16,fi,2,FALSE),"")
C17: =IF(AND(D17<>0,D17>=$C$1,D17<=$C$3),D17,IF(SUM(H17:J27)<>0,C16,1)) -> 1 | N17: =IF(I17&K17<>"",VLOOKUP(I17&K17,fi,2,FALSE),"")
C18: =IF(AND(D18<>0,D18>=$C$1,D18<=$C$3),D18,IF(SUM(H18:J28)<>0,C17,1)) -> 1 | N18: =IF(I18&K18<>"",VLOOKUP(I18&K18,fi,2,FALSE),"")
... C100: =IF(AND(D100<>0,D100>=$C$1,D100<=$C$3),D100,IF(SUM(H100:J110)<>0,C99,1)) -> 1 | N100: =IF(I100&K100<>"",VLOOKUP(I100&K100,fi,2,FALSE),"")

Sheet S
C1: =DATE(Hibak!$A$1,1,1) -> 46023 | D1: =A!D1 -> Református Egyházközség | G1: Napi bevétel: | H1: =SUMIF($C$7:$C$10000,$C$2,$H$6:$H$10000) -> 0 | J1: =C2 -> 46023 | N1: A másolás, kivágás, beillesztés
C2: =IF(MAX(C7:C10000)>C1,MAX(C7:C10000),C1) -> 46023 | G2: Napi kiadás: | H2: =SUMIF($C$7:$C$10000,$C$2,$J$6:$J$10000) -> 0 | N2: műveleteket lehetőleg ne használd!
C3: =DATE(Hibak!$A$1,12,31) -> 46387 | G3: Egyenleg: | H3: =SUM(SUM(H6:H10000),-SUM(J7:J10000)) -> 0
D4: =Hibak!AS3 | N4: Költségvetési
D5: Dátum | E5: Iratszám | F5: Irattip. | G5: Név | H5: Bev. - Összeg | I5: Bevétel - Költ.vet. név | J5: Kiad. - Összeg | K5: Kiadás - költ.vet. név | L5: Magyarázat | N5: szám
G6: Előző évi készpénzegyenleg:
C7: =IF(AND(D7<>0,D7>=$C$1,D7<=$C$3),D7,IF(SUM(H7:J17)<>0,C6,1)) -> 1 | N7: =IF(I7&K7<>"",VLOOKUP(I7&K7,fi,2,FALSE),"")
C8: =IF(AND(D8<>0,D8>=$C$1,D8<=$C$3),D8,IF(SUM(H8:J18)<>0,C7,1)) -> 1 | N8: =IF(I8&K8<>"",VLOOKUP(I8&K8,fi,2,FALSE),"")
C9: =IF(AND(D9<>0,D9>=$C$1,D9<=$C$3),D9,IF(SUM(H9:J19)<>0,C8,1)) -> 1 | N9: =IF(I9&K9<>"",VLOOKUP(I9&K9,fi,2,FALSE),"")
C10: =IF(AND(D10<>0,D10>=$C$1,D10<=$C$3),D10,IF(SUM(H10:J20)<>0,C9,1)) -> 1 | N10: =IF(I10&K10<>"",VLOOKUP(I10&K10,fi,2,FALSE),"")
C11: =IF(AND(D11<>0,D11>=$C$1,D11<=$C$3),D11,IF(SUM(H11:J21)<>0,C10,1)) -> 1 | N11: =IF(I11&K11<>"",VLOOKUP(I11&K11,fi,2,FALSE),"")
C12: =IF(AND(D12<>0,D12>=$C$1,D12<=$C$3),D12,IF(SUM(H12:J22)<>0,C11,1)) -> 1 | N12: =IF(I12&K12<>"",VLOOKUP(I12&K12,fi,2,FALSE),"")
C13: =IF(AND(D13<>0,D13>=$C$1,D13<=$C$3),D13,IF(SUM(H13:J23)<>0,C12,1)) -> 1 | N13: =IF(I13&K13<>"",VLOOKUP(I13&K13,fi,2,FALSE),"")
C14: =IF(AND(D14<>0,D14>=$C$1,D14<=$C$3),D14,IF(SUM(H14:J24)<>0,C13,1)) -> 1 | N14: =IF(I14&K14<>"",VLOOKUP(I14&K14,fi,2,FALSE),"")
C15: =IF(AND(D15<>0,D15>=$C$1,D15<=$C$3),D15,IF(SUM(H15:J25)<>0,C14,1)) -> 1 | N15: =IF(I15&K15<>"",VLOOKUP(I15&K15,fi,2,FALSE),"")
C16: =IF(AND(D16<>0,D16>=$C$1,D16<=$C$3),D16,IF(SUM(H16:J26)<>0,C15,1)) -> 1 | N16: =IF(I16&K16<>"",VLOOKUP(I16&K16,fi,2,FALSE),"")
C17: =IF(AND(D17<>0,D17>=$C$1,D17<=$C$3),D17,IF(SUM(H17:J27)<>0,C16,1)) -> 1 | N17: =IF(I17&K17<>"",VLOOKUP(I17&K17,fi,2,FALSE),"")
C18: =IF(AND(D18<>0,D18>=$C$1,D18<=$C$3),D18,IF(SUM(H18:J28)<>0,C17,1)) -> 1 | N18: =IF(I18&K18<>"",VLOOKUP(I18&K18,fi,2,FALSE),"")
... C100: =IF(AND(D100<>0,D100>=$C$1,D100<=$C$3),D100,IF(SUM(H100:J110)<>0,C99,1)) -> 1 | N100: =IF(I100&K100<>"",VLOOKUP(I100&K100,fi,2,FALSE),"")

Sheet T
C1: =DATE(Hibak!$A$1,1,1) -> 46023 | D1: =A!D1 -> Református Egyházközség | G1: Napi bevétel: | H1: =SUMIF($C$7:$C$10000,$C$2,$H$6:$H$10000) -> 0 | J1: =C2 -> 46023 | N1: A másolás, kivágás, beillesztés
C2: =IF(MAX(C7:C10000)>C1,MAX(C7:C10000),C1) -> 46023 | G2: Napi kiadás: | H2: =SUMIF($C$7:$C$10000,$C$2,$J$6:$J$10000) -> 0 | N2: műveleteket lehetőleg ne használd!
C3: =DATE(Hibak!$A$1,12,31) -> 46387 | G3: Egyenleg: | H3: =SUM(SUM(H6:H10000),-SUM(J7:J10000)) -> 0
D4: =Hibak!AT3 | N4: Költségvetési
D5: Dátum | E5: Iratszám | F5: Irattip. | G5: Név | H5: Bev. - Összeg | I5: Bevétel - Költ.vet. név | J5: Kiad. - Összeg | K5: Kiadás - költ.vet. név | L5: Magyarázat | N5: szám
G6: Előző évi készpénzegyenleg:
C7: =IF(AND(D7<>0,D7>=$C$1,D7<=$C$3),D7,IF(SUM(H7:J17)<>0,C6,1)) -> 1 | N7: =IF(I7&K7<>"",VLOOKUP(I7&K7,fi,2,FALSE),"")
C8: =IF(AND(D8<>0,D8>=$C$1,D8<=$C$3),D8,IF(SUM(H8:J18)<>0,C7,1)) -> 1 | N8: =IF(I8&K8<>"",VLOOKUP(I8&K8,fi,2,FALSE),"")
C9: =IF(AND(D9<>0,D9>=$C$1,D9<=$C$3),D9,IF(SUM(H9:J19)<>0,C8,1)) -> 1 | N9: =IF(I9&K9<>"",VLOOKUP(I9&K9,fi,2,FALSE),"")
C10: =IF(AND(D10<>0,D10>=$C$1,D10<=$C$3),D10,IF(SUM(H10:J20)<>0,C9,1)) -> 1 | N10: =IF(I10&K10<>"",VLOOKUP(I10&K10,fi,2,FALSE),"")
C11: =IF(AND(D11<>0,D11>=$C$1,D11<=$C$3),D11,IF(SUM(H11:J21)<>0,C10,1)) -> 1 | N11: =IF(I11&K11<>"",VLOOKUP(I11&K11,fi,2,FALSE),"")
C12: =IF(AND(D12<>0,D12>=$C$1,D12<=$C$3),D12,IF(SUM(H12:J22)<>0,C11,1)) -> 1 | N12: =IF(I12&K12<>"",VLOOKUP(I12&K12,fi,2,FALSE),"")
C13: =IF(AND(D13<>0,D13>=$C$1,D13<=$C$3),D13,IF(SUM(H13:J23)<>0,C12,1)) -> 1 | N13: =IF(I13&K13<>"",VLOOKUP(I13&K13,fi,2,FALSE),"")
C14: =IF(AND(D14<>0,D14>=$C$1,D14<=$C$3),D14,IF(SUM(H14:J24)<>0,C13,1)) -> 1 | N14: =IF(I14&K14<>"",VLOOKUP(I14&K14,fi,2,FALSE),"")
C15: =IF(AND(D15<>0,D15>=$C$1,D15<=$C$3),D15,IF(SUM(H15:J25)<>0,C14,1)) -> 1 | N15: =IF(I15&K15<>"",VLOOKUP(I15&K15,fi,2,FALSE),"")
C16: =IF(AND(D16<>0,D16>=$C$1,D16<=$C$3),D16,IF(SUM(H16:J26)<>0,C15,1)) -> 1 | N16: =IF(I16&K16<>"",VLOOKUP(I16&K16,fi,2,FALSE),"")
C17: =IF(AND(D17<>0,D17>=$C$1,D17<=$C$3),D17,IF(SUM(H17:J27)<>0,C16,1)) -> 1 | N17: =IF(I17&K17<>"",VLOOKUP(I17&K17,fi,2,FALSE),"")
C18: =IF(AND(D18<>0,D18>=$C$1,D18<=$C$3),D18,IF(SUM(H18:J28)<>0,C17,1)) -> 1 | N18: =IF(I18&K18<>"",VLOOKUP(I18&K18,fi,2,FALSE),"")
... C100: =IF(AND(D100<>0,D100>=$C$1,D100<=$C$3),D100,IF(SUM(H100:J110)<>0,C99,1)) -> 1 | N100: =IF(I100&K100<>"",VLOOKUP(I100&K100,fi,2,FALSE),"")

Sheet Hibak
A1: 2026 | B1: =IF(ROUND(Szamadas!G213,2)<>ROUND(SUM(Szamadas!G214:G215),2),Y3&Y4&Y5&Y6&" lej","") | Y1: Figyelem! | Z1: Kassza | AA1: 1 | AB1: 2 | AC1: 3 | AD1: 4 | AE1: 5 | AF1: 6 | AG1: 7 | AH1: 8 | AI1: 9 | AJ1: 10 | AK1: 11 | AL1: 12 | AM1: 13 | AN1: 14 | AO1: 15 | AP1: 16 | AQ1: 17 | AR1: 18 | AS1: 19 | AT1: 20 | BA1: 1 | BB1: 2 | BC1: 3 | BD1: 4 | BE1: 5 | BF1: 6 | BG1: 7 | BH1: 8 | BI1: 9 | BJ1: 10 | BK1: 11 | BL1: 12 | BM1: 13 | BN1: 14 | BO1: 15 | BP1: 16 | BQ1: 17 | BR1: 18 | BS1: 19 | BT1: 20
A2: 7.4a | Y2: hibajelzés a "Hibák" munkalapon! | Z2: kassza | AA2: A | AB2: B | AC2: C | AD2: D | AE2: E | AF2: F | AG2: G | AH2: H | AI2: I | AJ2: J | AK2: K | AL2: L | AM2: M | AN2: N | AO2: O | AP2: P | AQ2: Q | AR2: R | AS2: S | AT2: T | BA2: A | BB2: B | BC2: C | BD2: D | BE2: E | BF2: F | BG2: G | BH2: H | BI2: I | BJ2: J | BK2: K | BL2: L | BM2: M | BN2: N | BO2: O | BP2: P | BQ2: Q | BR2: R | BS2: S | BT2: T | BW2: a a a a
X3: =LEN(Y3) -> 181 | Y3: A számadási egyenleg nem egyenlő a készpénz és a banki egyenleggel. (az előző évi egyenleg + összbevétel - összkiadás nem egyenlő a kassza és a bankszámlák egyenlegének összegével. | Z3: =IF(SUM(C41:C42)<>0,$Y$1&SUM(C41:C42)&$Y$2,"") | AA3: =IF(SUM(D41:D42)<>0,$Y$1&SUM(D41:D42)&$Y$2,"") | AB3: =IF(SUM(E41:E42)<>0,$Y$1&SUM(E41:E42)&$Y$2,"") | AC3: =IF(SUM(F41:F42)<>0,$Y$1&SUM(F41:F42)&$Y$2,"") | AD3: =IF(SUM(G41:G42)<>0,$Y$1&SUM(G41:G42)&$Y$2,"") | AE3: =IF(SUM(H41:H42)<>0,$Y$1&SUM(H41:H42)&$Y$2,"") | AF3: =IF(SUM(I41:I42)<>0,$Y$1&SUM(I41:I42)&$Y$2,"") | AG3: =IF(SUM(J41:J42)<>0,$Y$1&SUM(J41:J42)&$Y$2,"") | ... AT3: =IF(SUM(W41:W42)<>0,$Y$1&SUM(W41:W42)&$Y$2,"")
X4: =LEN(Y4) -> 158 | Y4: Ennek oka lehet, hogy valamelyik munkalapon az összeg mellett nincs kitöltve a költségvetési tétel (keresd a zöld cellákat), vagy pedig rosszul van kitöltve
Y5: (keresd az N oszlopok piros celláit). Mielőtt ezeket keresnéd, ellenőrízd a többi hibajelzést a lenti táblázatban. Az egyenlegek közti különbség:
C6: kassza | D6: A | E6: B | F6: C | G6: D | H6: E | I6: F | J6: G | K6: H | L6: I | M6: J | N6: K | O6: L | P6: M | Q6: N | R6: O | S6: P | T6: Q | U6: R | V6: S | W6: T | Y6: =ROUND(ROUND(Szamadas!G213,2)-ROUND(SUM(Szamadas!G214:G215),2),2) -> 0
B7: kassza | C7: X | D7: =IF(ROUND(SUM(AA131,-AA160),2)<>0,ROUND(SUM(AA131,-AA160),2),"") | E7: =IF(ROUND(SUM(AB131,-AB160),2)<>0,ROUND(SUM(AB131,-AB160),2),"") | F7: =IF(ROUND(SUM(AC131,-AC160),2)<>0,ROUND(SUM(AC131,-AC160),2),"") | G7: =IF(ROUND(SUM(AD131,-AD160),2)<>0,ROUND(SUM(AD131,-AD160),2),"") | H7: =IF(ROUND(SUM(AE131,-AE160),2)<>0,ROUND(SUM(AE131,-AE160),2),"") | I7: =IF(ROUND(SUM(AF131,-AF160),2)<>0,ROUND(SUM(AF131,-AF160),2),"") | J7: =IF(ROUND(SUM(AG131,-AG160),2)<>0,ROUND(SUM(AG131,-AG160),2),"") | K7: =IF(ROUND(SUM(AH131,-AH160),2)<>0,ROUND(SUM(AH131,-AH160),2),"") | ... W7: =IF(ROUND(SUM(AT131,-AT160),2)<>0,ROUND(SUM(AT131,-AT160),2),"") | Y7: =ROUND(COUNTIF($C$7:$W$7,">0"),0) -> 0
B8: A | C8: =IF(ROUND(SUM(Z132,-Z161),2)<>0,ROUND(SUM(Z132,-Z161),2),"") | D8: X | E8: =IF(ROUND(SUM(AB132,-AB161),2)<>0,ROUND(SUM(AB132,-AB161),2),"") | F8: =IF(ROUND(SUM(AC132,-AC161),2)<>0,ROUND(SUM(AC132,-AC161),2),"") | G8: =IF(ROUND(SUM(AD132,-AD161),2)<>0,ROUND(SUM(AD132,-AD161),2),"") | H8: =IF(ROUND(SUM(AE132,-AE161),2)<>0,ROUND(SUM(AE132,-AE161),2),"") | I8: =IF(ROUND(SUM(AF132,-AF161),2)<>0,ROUND(SUM(AF132,-AF161),2),"") | J8: =IF(ROUND(SUM(AG132,-AG161),2)<>0,ROUND(SUM(AG132,-AG161),2),"") | K8: =IF(ROUND(SUM(AH132,-AH161),2)<>0,ROUND(SUM(AH132,-AH161),2),"") | L8: =IF(ROUND(SUM(AI132,-AI161),2)<>0,ROUND(SUM(AI132,-AI161),2),"") | ... W8: =IF(ROUND(SUM(AT132,-AT161),2)<>0,ROUND(SUM(AT132,-AT161),2),"") | Y8: =ROUND(COUNTIF($C$8:$W$8,">0"),0) -> 0
B9: B | C9: =IF(ROUND(SUM(Z133,-Z162),2)<>0,ROUND(SUM(Z133,-Z162),2),"") | D9: =IF(ROUND(SUM(AA133,-AA162),2)<>0,ROUND(SUM(AA133,-AA162),2),"") | E9: X | F9: =IF(ROUND(SUM(AC133,-AC162),2)<>0,ROUND(SUM(AC133,-AC162),2),"") | G9: =IF(ROUND(SUM(AD133,-AD162),2)<>0,ROUND(SUM(AD133,-AD162),2),"") | H9: =IF(ROUND(SUM(AE133,-AE162),2)<>0,ROUND(SUM(AE133,-AE162),2),"") | I9: =IF(ROUND(SUM(AF133,-AF162),2)<>0,ROUND(SUM(AF133,-AF162),2),"") | J9: =IF(ROUND(SUM(AG133,-AG162),2)<>0,ROUND(SUM(AG133,-AG162),2),"") | K9: =IF(ROUND(SUM(AH133,-AH162),2)<>0,ROUND(SUM(AH133,-AH162),2),"") | L9: =IF(ROUND(SUM(AI133,-AI162),2)<>0,ROUND(SUM(AI133,-AI162),2),"") | M9: =IF(ROUND(SUM(AJ133,-AJ162),2)<>0,ROUND(SUM(AJ133,-AJ162),2),"") | ... W9: =IF(ROUND(SUM(AT133,-AT162),2)<>0,ROUND(SUM(AT133,-AT162),2),"") | Y9: =ROUND(COUNTIF($C$9:$W$9,">0"),0) -> 0
B10: C | C10: =IF(ROUND(SUM(Z134,-Z163),2)<>0,ROUND(SUM(Z134,-Z163),2),"") | D10: =IF(ROUND(SUM(AA134,-AA163),2)<>0,ROUND(SUM(AA134,-AA163),2),"") | E10: =IF(ROUND(SUM(AB134,-AB163),2)<>0,ROUND(SUM(AB134,-AB163),2),"") | F10: X | G10: =IF(ROUND(SUM(AD134,-AD163),2)<>0,ROUND(SUM(AD134,-AD163),2),"") | H10: =IF(ROUND(SUM(AE134,-AE163),2)<>0,ROUND(SUM(AE134,-AE163),2),"") | I10: =IF(ROUND(SUM(AF134,-AF163),2)<>0,ROUND(SUM(AF134,-AF163),2),"") | J10: =IF(ROUND(SUM(AG134,-AG163),2)<>0,ROUND(SUM(AG134,-AG163),2),"") | K10: =IF(ROUND(SUM(AH134,-AH163),2)<>0,ROUND(SUM(AH134,-AH163),2),"") | L10: =IF(ROUND(SUM(AI134,-AI163),2)<>0,ROUND(SUM(AI134,-AI163),2),"") | M10: =IF(ROUND(SUM(AJ134,-AJ163),2)<>0,ROUND(SUM(AJ134,-AJ163),2),"") | N10: =IF(ROUND(SUM(AK134,-AK163),2)<>0,ROUND(SUM(AK134,-AK163),2),"") | ... W10: =IF(ROUND(SUM(AT134,-AT163),2)<>0,ROUND(SUM(AT134,-AT163),2),"") | Y10: =ROUND(COUNTIF($C$10:$W$10,">0"),0) -> 0
B11: D | C11: =IF(ROUND(SUM(Z135,-Z164),2)<>0,ROUND(SUM(Z135,-Z164),2),"") | D11: =IF(ROUND(SUM(AA135,-AA164),2)<>0,ROUND(SUM(AA135,-AA164),2),"") | E11: =IF(ROUND(SUM(AB135,-AB164),2)<>0,ROUND(SUM(AB135,-AB164),2),"") | F11: =IF(ROUND(SUM(AC135,-AC164),2)<>0,ROUND(SUM(AC135,-AC164),2),"") | G11: X | H11: =IF(ROUND(SUM(AE135,-AE164),2)<>0,ROUND(SUM(AE135,-AE164),2),"") | I11: =IF(ROUND(SUM(AF135,-AF164),2)<>0,ROUND(SUM(AF135,-AF164),2),"") | J11: =IF(ROUND(SUM(AG135,-AG164),2)<>0,ROUND(SUM(AG135,-AG164),2),"") | K11: =IF(ROUND(SUM(AH135,-AH164),2)<>0,ROUND(SUM(AH135,-AH164),2),"") | L11: =IF(ROUND(SUM(AI135,-AI164),2)<>0,ROUND(SUM(AI135,-AI164),2),"") | M11: =IF(ROUND(SUM(AJ135,-AJ164),2)<>0,ROUND(SUM(AJ135,-AJ164),2),"") | N11: =IF(ROUND(SUM(AK135,-AK164),2)<>0,ROUND(SUM(AK135,-AK164),2),"") | O11: =IF(ROUND(SUM(AL135,-AL164),2)<>0,ROUND(SUM(AL135,-AL164),2),"") | ... W11: =IF(ROUND(SUM(AT135,-AT164),2)<>0,ROUND(SUM(AT135,-AT164),2),"") | Y11: =ROUND(COUNTIF($C$11:$W$11,">0"),0) -> 0
B12: E | C12: =IF(ROUND(SUM(Z136,-Z165),2)<>0,ROUND(SUM(Z136,-Z165),2),"") | D12: =IF(ROUND(SUM(AA136,-AA165),2)<>0,ROUND(SUM(AA136,-AA165),2),"") | E12: =IF(ROUND(SUM(AB136,-AB165),2)<>0,ROUND(SUM(AB136,-AB165),2),"") | F12: =IF(ROUND(SUM(AC136,-AC165),2)<>0,ROUND(SUM(AC136,-AC165),2),"") | G12: =IF(ROUND(SUM(AD136,-AD165),2)<>0,ROUND(SUM(AD136,-AD165),2),"") | H12: X | I12: =IF(ROUND(SUM(AF136,-AF165),2)<>0,ROUND(SUM(AF136,-AF165),2),"") | J12: =IF(ROUND(SUM(AG136,-AG165),2)<>0,ROUND(SUM(AG136,-AG165),2),"") | K12: =IF(ROUND(SUM(AH136,-AH165),2)<>0,ROUND(SUM(AH136,-AH165),2),"") | L12: =IF(ROUND(SUM(AI136,-AI165),2)<>0,ROUND(SUM(AI136,-AI165),2),"") | M12: =IF(ROUND(SUM(AJ136,-AJ165),2)<>0,ROUND(SUM(AJ136,-AJ165),2),"") | N12: =IF(ROUND(SUM(AK136,-AK165),2)<>0,ROUND(SUM(AK136,-AK165),2),"") | O12: =IF(ROUND(SUM(AL136,-AL165),2)<>0,ROUND(SUM(AL136,-AL165),2),"") | P12: =IF(ROUND(SUM(AM136,-AM165),2)<>0,ROUND(SUM(AM136,-AM165),2),"") | ... W12: =IF(ROUND(SUM(AT136,-AT165),2)<>0,ROUND(SUM(AT136,-AT165),2),"") | Y12: =ROUND(COUNTIF($C$12:$W$12,">0"),0) -> 0
B13: F | C13: =IF(ROUND(SUM(Z137,-Z166),2)<>0,ROUND(SUM(Z137,-Z166),2),"") | D13: =IF(ROUND(SUM(AA137,-AA166),2)<>0,ROUND(SUM(AA137,-AA166),2),"") | E13: =IF(ROUND(SUM(AB137,-AB166),2)<>0,ROUND(SUM(AB137,-AB166),2),"") | F13: =IF(ROUND(SUM(AC137,-AC166),2)<>0,ROUND(SUM(AC137,-AC166),2),"") | G13: =IF(ROUND(SUM(AD137,-AD166),2)<>0,ROUND(SUM(AD137,-AD166),2),"") | H13: =IF(ROUND(SUM(AE137,-AE166),2)<>0,ROUND(SUM(AE137,-AE166),2),"") | I13: X | J13: =IF(ROUND(SUM(AG137,-AG166),2)<>0,ROUND(SUM(AG137,-AG166),2),"") | K13: =IF(ROUND(SUM(AH137,-AH166),2)<>0,ROUND(SUM(AH137,-AH166),2),"") | L13: =IF(ROUND(SUM(AI137,-AI166),2)<>0,ROUND(SUM(AI137,-AI166),2),"") | M13: =IF(ROUND(SUM(AJ137,-AJ166),2)<>0,ROUND(SUM(AJ137,-AJ166),2),"") | N13: =IF(ROUND(SUM(AK137,-AK166),2)<>0,ROUND(SUM(AK137,-AK166),2),"") | O13: =IF(ROUND(SUM(AL137,-AL166),2)<>0,ROUND(SUM(AL137,-AL166),2),"") | P13: =IF(ROUND(SUM(AM137,-AM166),2)<>0,ROUND(SUM(AM137,-AM166),2),"") | Q13: =IF(ROUND(SUM(AN137,-AN166),2)<>0,ROUND(SUM(AN137,-AN166),2),"") | ... W13: =IF(ROUND(SUM(AT137,-AT166),2)<>0,ROUND(SUM(AT137,-AT166),2),"") | Y13: =ROUND(COUNTIF($C$13:$W$13,">0"),0) -> 0
B14: G | C14: =IF(ROUND(SUM(Z138,-Z167),2)<>0,ROUND(SUM(Z138,-Z167),2),"") | D14: =IF(ROUND(SUM(AA138,-AA167),2)<>0,ROUND(SUM(AA138,-AA167),2),"") | E14: =IF(ROUND(SUM(AB138,-AB167),2)<>0,ROUND(SUM(AB138,-AB167),2),"") | F14: =IF(ROUND(SUM(AC138,-AC167),2)<>0,ROUND(SUM(AC138,-AC167),2),"") | G14: =IF(ROUND(SUM(AD138,-AD167),2)<>0,ROUND(SUM(AD138,-AD167),2),"") | H14: =IF(ROUND(SUM(AE138,-AE167),2)<>0,ROUND(SUM(AE138,-AE167),2),"") | I14: =IF(ROUND(SUM(AF138,-AF167),2)<>0,ROUND(SUM(AF138,-AF167),2),"") | J14: X | K14: =IF(ROUND(SUM(AH138,-AH167),2)<>0,ROUND(SUM(AH138,-AH167),2),"") | L14: =IF(ROUND(SUM(AI138,-AI167),2)<>0,ROUND(SUM(AI138,-AI167),2),"") | M14: =IF(ROUND(SUM(AJ138,-AJ167),2)<>0,ROUND(SUM(AJ138,-AJ167),2),"") | N14: =IF(ROUND(SUM(AK138,-AK167),2)<>0,ROUND(SUM(AK138,-AK167),2),"") | O14: =IF(ROUND(SUM(AL138,-AL167),2)<>0,ROUND(SUM(AL138,-AL167),2),"") | P14: =IF(ROUND(SUM(AM138,-AM167),2)<>0,ROUND(SUM(AM138,-AM167),2),"") | Q14: =IF(ROUND(SUM(AN138,-AN167),2)<>0,ROUND(SUM(AN138,-AN167),2),"") | R14: =IF(ROUND(SUM(AO138,-AO167),2)<>0,ROUND(SUM(AO138,-AO167),2),"") | ... W14: =IF(ROUND(SUM(AT138,-AT167),2)<>0,ROUND(SUM(AT138,-AT167),2),"") | Y14: =ROUND(COUNTIF($C$14:$W$14,">0"),0) -> 0
B15: H | C15: =IF(ROUND(SUM(Z139,-Z168),2)<>0,ROUND(SUM(Z139,-Z168),2),"") | D15: =IF(ROUND(SUM(AA139,-AA168),2)<>0,ROUND(SUM(AA139,-AA168),2),"") | E15: =IF(ROUND(SUM(AB139,-AB168),2)<>0,ROUND(SUM(AB139,-AB168),2),"") | F15: =IF(ROUND(SUM(AC139,-AC168),2)<>0,ROUND(SUM(AC139,-AC168),2),"") | G15: =IF(ROUND(SUM(AD139,-AD168),2)<>0,ROUND(SUM(AD139,-AD168),2),"") | H15: =IF(ROUND(SUM(AE139,-AE168),2)<>0,ROUND(SUM(AE139,-AE168),2),"") | I15: =IF(ROUND(SUM(AF139,-AF168),2)<>0,ROUND(SUM(AF139,-AF168),2),"") | J15: =IF(ROUND(SUM(AG139,-AG168),2)<>0,ROUND(SUM(AG139,-AG168),2),"") | K15: X | L15: =IF(ROUND(SUM(AI139,-AI168),2)<>0,ROUND(SUM(AI139,-AI168),2),"") | M15: =IF(ROUND(SUM(AJ139,-AJ168),2)<>0,ROUND(SUM(AJ139,-AJ168),2),"") | N15: =IF(ROUND(SUM(AK139,-AK168),2)<>0,ROUND(SUM(AK139,-AK168),2),"") | O15: =IF(ROUND(SUM(AL139,-AL168),2)<>0,ROUND(SUM(AL139,-AL168),2),"") | P15: =IF(ROUND(SUM(AM139,-AM168),2)<>0,ROUND(SUM(AM139,-AM168),2),"") | Q15: =IF(ROUND(SUM(AN139,-AN168),2)<>0,ROUND(SUM(AN139,-AN168),2),"") | R15: =IF(ROUND(SUM(AO139,-AO168),2)<>0,ROUND(SUM(AO139,-AO168),2),"") | S15: =IF(ROUND(SUM(AP139,-AP168),2)<>0,ROUND(SUM(AP139,-AP168),2),"") | ... W15: =IF(ROUND(SUM(AT139,-AT168),2)<>0,ROUND(SUM(AT139,-AT168),2),"") | Y15: =ROUND(COUNTIF($C$15:$W$15,">0"),0) -> 0
B16: I | C16: =IF(ROUND(SUM(Z140,-Z169),2)<>0,ROUND(SUM(Z140,-Z169),2),"") | D16: =IF(ROUND(SUM(AA140,-AA169),2)<>0,ROUND(SUM(AA140,-AA169),2),"") | E16: =IF(ROUND(SUM(AB140,-AB169),2)<>0,ROUND(SUM(AB140,-AB169),2),"") | F16: =IF(ROUND(SUM(AC140,-AC169),2)<>0,ROUND(SUM(AC140,-AC169),2),"") | G16: =IF(ROUND(SUM(AD140,-AD169),2)<>0,ROUND(SUM(AD140,-AD169),2),"") | H16: =IF(ROUND(SUM(AE140,-AE169),2)<>0,ROUND(SUM(AE140,-AE169),2),"") | I16: =IF(ROUND(SUM(AF140,-AF169),2)<>0,ROUND(SUM(AF140,-AF169),2),"") | J16: =IF(ROUND(SUM(AG140,-AG169),2)<>0,ROUND(SUM(AG140,-AG169),2),"") | K16: =IF(ROUND(SUM(AH140,-AH169),2)<>0,ROUND(SUM(AH140,-AH169),2),"") | L16: X | M16: =IF(ROUND(SUM(AJ140,-AJ169),2)<>0,ROUND(SUM(AJ140,-AJ169),2),"") | N16: =IF(ROUND(SUM(AK140,-AK169),2)<>0,ROUND(SUM(AK140,-AK169),2),"") | O16: =IF(ROUND(SUM(AL140,-AL169),2)<>0,ROUND(SUM(AL140,-AL169),2),"") | P16: =IF(ROUND(SUM(AM140,-AM169),2)<>0,ROUND(SUM(AM140,-AM169),2),"") | Q16: =IF(ROUND(SUM(AN140,-AN169),2)<>0,ROUND(SUM(AN140,-AN169),2),"") | R16: =IF(ROUND(SUM(AO140,-AO169),2)<>0,ROUND(SUM(AO140,-AO169),2),"") | S16: =IF(ROUND(SUM(AP140,-AP169),2)<>0,ROUND(SUM(AP140,-AP169),2),"") | T16: =IF(ROUND(SUM(AQ140,-AQ169),2)<>0,ROUND(SUM(AQ140,-AQ169),2),"") | ... W16: =IF(ROUND(SUM(AT140,-AT169),2)<>0,ROUND(SUM(AT140,-AT169),2),"") | Y16: =ROUND(COUNTIF($C$16:$W$16,">0"),0) -> 0
B17: J | C17: =IF(ROUND(SUM(Z141,-Z170),2)<>0,ROUND(SUM(Z141,-Z170),2),"") | D17: =IF(ROUND(SUM(AA141,-AA170),2)<>0,ROUND(SUM(AA141,-AA170),2),"") | E17: =IF(ROUND(SUM(AB141,-AB170),2)<>0,ROUND(SUM(AB141,-AB170),2),"") | F17: =IF(ROUND(SUM(AC141,-AC170),2)<>0,ROUND(SUM(AC141,-AC170),2),"") | G17: =IF(ROUND(SUM(AD141,-AD170),2)<>0,ROUND(SUM(AD141,-AD170),2),"") | H17: =IF(ROUND(SUM(AE141,-AE170),2)<>0,ROUND(SUM(AE141,-AE170),2),"") | I17: =IF(ROUND(SUM(AF141,-AF170),2)<>0,ROUND(SUM(AF141,-AF170),2),"") | J17: =IF(ROUND(SUM(AG141,-AG170),2)<>0,ROUND(SUM(AG141,-AG170),2),"") | ... L17: =IF(ROUND(SUM(AI141,-AI170),2)<>0,ROUND(SUM(AI141,-AI170),2),"") | M17: X | N17: =IF(ROUND(SUM(AK141,-AK170),2)<>0,ROUND(SUM(AK141,-AK170),2),"") | O17: =IF(ROUND(SUM(AL141,-AL170),2)<>0,ROUND(SUM(AL141,-AL170),2),"") | P17: =IF(ROUND(SUM(AM141,-AM170),2)<>0,ROUND(SUM(AM141,-AM170),2),"") | Q17: =IF(ROUND(SUM(AN141,-AN170),2)<>0,ROUND(SUM(AN141,-AN170),2),"") | R17: =IF(ROUND(SUM(AO141,-AO170),2)<>0,ROUND(SUM(AO141,-AO170),2),"") | S17: =IF(ROUND(SUM(AP141,-AP170),2)<>0,ROUND(SUM(AP141,-AP170),2),"") | T17: =IF(ROUND(SUM(AQ141,-AQ170),2)<>0,ROUND(SUM(AQ141,-AQ170),2),"") | U17: =IF(ROUND(SUM(AR141,-AR170),2)<>0,ROUND(SUM(AR141,-AR170),2),"") | ... W17: =IF(ROUND(SUM(AT141,-AT170),2)<>0,ROUND(SUM(AT141,-AT170),2),"") | Y17: =ROUND(COUNTIF($C$17:$W$17,">0"),0) -> 0
B18: K | C18: =IF(ROUND(SUM(Z142,-Z171),2)<>0,ROUND(SUM(Z142,-Z171),2),"") | D18: =IF(ROUND(SUM(AA142,-AA171),2)<>0,ROUND(SUM(AA142,-AA171),2),"") | E18: =IF(ROUND(SUM(AB142,-AB171),2)<>0,ROUND(SUM(AB142,-AB171),2),"") | F18: =IF(ROUND(SUM(AC142,-AC171),2)<>0,ROUND(SUM(AC142,-AC171),2),"") | G18: =IF(ROUND(SUM(AD142,-AD171),2)<>0,ROUND(SUM(AD142,-AD171),2),"") | H18: =IF(ROUND(SUM(AE142,-AE171),2)<>0,ROUND(SUM(AE142,-AE171),2),"") | I18: =IF(ROUND(SUM(AF142,-AF171),2)<>0,ROUND(SUM(AF142,-AF171),2),"") | J18: =IF(ROUND(SUM(AG142,-AG171),2)<>0,ROUND(SUM(AG142,-AG171),2),"") | ... M18: =IF(ROUND(SUM(AJ142,-AJ171),2)<>0,ROUND(SUM(AJ142,-AJ171),2),"") | N18: X | O18: =IF(ROUND(SUM(AL142,-AL171),2)<>0,ROUND(SUM(AL142,-AL171),2),"") | P18: =IF(ROUND(SUM(AM142,-AM171),2)<>0,ROUND(SUM(AM142,-AM171),2),"") | Q18: =IF(ROUND(SUM(AN142,-AN171),2)<>0,ROUND(SUM(AN142,-AN171),2),"") | R18: =IF(ROUND(SUM(AO142,-AO171),2)<>0,ROUND(SUM(AO142,-AO171),2),"") | S18: =IF(ROUND(SUM(AP142,-AP171),2)<>0,ROUND(SUM(AP142,-AP171),2),"") | T18: =IF(ROUND(SUM(AQ142,-AQ171),2)<>0,ROUND(SUM(AQ142,-AQ171),2),"") | U18: =IF(ROUND(SUM(AR142,-AR171),2)<>0,ROUND(SUM(AR142,-AR171),2),"") | V18: =IF(ROUND(SUM(AS142,-AS171),2)<>0,ROUND(SUM(AS142,-AS171),2),"") | W18: =IF(ROUND(SUM(AT142,-AT171),2)<>0,ROUND(SUM(AT142,-AT171),2),"") | Y18: =ROUND(COUNTIF($C$18:$W$18,">0"),0) -> 0
B19: L | C19: =IF(ROUND(SUM(Z143,-Z172),2)<>0,ROUND(SUM(Z143,-Z172),2),"") | D19: =IF(ROUND(SUM(AA143,-AA172),2)<>0,ROUND(SUM(AA143,-AA172),2),"") | E19: =IF(ROUND(SUM(AB143,-AB172),2)<>0,ROUND(SUM(AB143,-AB172),2),"") | F19: =IF(ROUND(SUM(AC143,-AC172),2)<>0,ROUND(SUM(AC143,-AC172),2),"") | G19: =IF(ROUND(SUM(AD143,-AD172),2)<>0,ROUND(SUM(AD143,-AD172),2),"") | H19: =IF(ROUND(SUM(AE143,-AE172),2)<>0,ROUND(SUM(AE143,-AE172),2),"") | I19: =IF(ROUND(SUM(AF143,-AF172),2)<>0,ROUND(SUM(AF143,-AF172),2),"") | J19: =IF(ROUND(SUM(AG143,-AG172),2)<>0,ROUND(SUM(AG143,-AG172),2),"") | ... N19: =IF(ROUND(SUM(AK143,-AK172),2)<>0,ROUND(SUM(AK143,-AK172),2),"") | O19: X | P19: =IF(ROUND(SUM(AM143,-AM172),2)<>0,ROUND(SUM(AM143,-AM172),2),"") | Q19: =IF(ROUND(SUM(AN143,-AN172),2)<>0,ROUND(SUM(AN143,-AN172),2),"") | R19: =IF(ROUND(SUM(AO143,-AO172),2)<>0,ROUND(SUM(AO143,-AO172),2),"") | S19: =IF(ROUND(SUM(AP143,-AP172),2)<>0,ROUND(SUM(AP143,-AP172),2),"") | T19: =IF(ROUND(SUM(AQ143,-AQ172),2)<>0,ROUND(SUM(AQ143,-AQ172),2),"") | U19: =IF(ROUND(SUM(AR143,-AR172),2)<>0,ROUND(SUM(AR143,-AR172),2),"") | V19: =IF(ROUND(SUM(AS143,-AS172),2)<>0,ROUND(SUM(AS143,-AS172),2),"") | W19: =IF(ROUND(SUM(AT143,-AT172),2)<>0,ROUND(SUM(AT143,-AT172),2),"") | Y19: =ROUND(COUNTIF($C$19:$W$19,">0"),0) -> 0
B20: M | C20: =IF(ROUND(SUM(Z144,-Z173),2)<>0,ROUND(SUM(Z144,-Z173),2),"") | D20: =IF(ROUND(SUM(AA144,-AA173),2)<>0,ROUND(SUM(AA144,-AA173),2),"") | E20: =IF(ROUND(SUM(AB144,-AB173),2)<>0,ROUND(SUM(AB144,-AB173),2),"") | F20: =IF(ROUND(SUM(AC144,-AC173),2)<>0,ROUND(SUM(AC144,-AC173),2),"") | G20: =IF(ROUND(SUM(AD144,-AD173),2)<>0,ROUND(SUM(AD144,-AD173),2),"") | H20: =IF(ROUND(SUM(AE144,-AE173),2)<>0,ROUND(SUM(AE144,-AE173),2),"") | I20: =IF(ROUND(SUM(AF144,-AF173),2)<>0,ROUND(SUM(AF144,-AF173),2),"") | J20: =IF(ROUND(SUM(AG144,-AG173),2)<>0,ROUND(SUM(AG144,-AG173),2),"") | ... O20: =IF(ROUND(SUM(AL144,-AL173),2)<>0,ROUND(SUM(AL144,-AL173),2),"") | P20: X | Q20: =IF(ROUND(SUM(AN144,-AN173),2)<>0,ROUND(SUM(AN144,-AN173),2),"") | R20: =IF(ROUND(SUM(AO144,-AO173),2)<>0,ROUND(SUM(AO144,-AO173),2),"") | S20: =IF(ROUND(SUM(AP144,-AP173),2)<>0,ROUND(SUM(AP144,-AP173),2),"") | T20: =IF(ROUND(SUM(AQ144,-AQ173),2)<>0,ROUND(SUM(AQ144,-AQ173),2),"") | U20: =IF(ROUND(SUM(AR144,-AR173),2)<>0,ROUND(SUM(AR144,-AR173),2),"") | V20: =IF(ROUND(SUM(AS144,-AS173),2)<>0,ROUND(SUM(AS144,-AS173),2),"") | W20: =IF(ROUND(SUM(AT144,-AT173),2)<>0,ROUND(SUM(AT144,-AT173),2),"") | Y20: =ROUND(COUNTIF($C$20:$W$20,">0"),0) -> 0
B21: N | C21: =IF(ROUND(SUM(Z145,-Z174),2)<>0,ROUND(SUM(Z145,-Z174),2),"") | D21: =IF(ROUND(SUM(AA145,-AA174),2)<>0,ROUND(SUM(AA145,-AA174),2),"") | E21: =IF(ROUND(SUM(AB145,-AB174),2)<>0,ROUND(SUM(AB145,-AB174),2),"") | F21: =IF(ROUND(SUM(AC145,-AC174),2)<>0,ROUND(SUM(AC145,-AC174),2),"") | G21: =IF(ROUND(SUM(AD145,-AD174),2)<>0,ROUND(SUM(AD145,-AD174),2),"") | H21: =IF(ROUND(SUM(AE145,-AE174),2)<>0,ROUND(SUM(AE145,-AE174),2),"") | I21: =IF(ROUND(SUM(AF145,-AF174),2)<>0,ROUND(SUM(AF145,-AF174),2),"") | J21: =IF(ROUND(SUM(AG145,-AG174),2)<>0,ROUND(SUM(AG145,-AG174),2),"") | ... P21: =IF(ROUND(SUM(AM145,-AM174),2)<>0,ROUND(SUM(AM145,-AM174),2),"") | Q21: X | R21: =IF(ROUND(SUM(AO145,-AO174),2)<>0,ROUND(SUM(AO145,-AO174),2),"") | S21: =IF(ROUND(SUM(AP145,-AP174),2)<>0,ROUND(SUM(AP145,-AP174),2),"") | T21: =IF(ROUND(SUM(AQ145,-AQ174),2)<>0,ROUND(SUM(AQ145,-AQ174),2),"") | U21: =IF(ROUND(SUM(AR145,-AR174),2)<>0,ROUND(SUM(AR145,-AR174),2),"") | V21: =IF(ROUND(SUM(AS145,-AS174),2)<>0,ROUND(SUM(AS145,-AS174),2),"") | W21: =IF(ROUND(SUM(AT145,-AT174),2)<>0,ROUND(SUM(AT145,-AT174),2),"") | Y21: =ROUND(COUNTIF($C$21:$W$21,">0"),0) -> 0
B22: O | C22: =IF(ROUND(SUM(Z146,-Z175),2)<>0,ROUND(SUM(Z146,-Z175),2),"") | D22: =IF(ROUND(SUM(AA146,-AA175),2)<>0,ROUND(SUM(AA146,-AA175),2),"") | E22: =IF(ROUND(SUM(AB146,-AB175),2)<>0,ROUND(SUM(AB146,-AB175),2),"") | F22: =IF(ROUND(SUM(AC146,-AC175),2)<>0,ROUND(SUM(AC146,-AC175),2),"") | G22: =IF(ROUND(SUM(AD146,-AD175),2)<>0,ROUND(SUM(AD146,-AD175),2),"") | H22: =IF(ROUND(SUM(AE146,-AE175),2)<>0,ROUND(SUM(AE146,-AE175),2),"") | I22: =IF(ROUND(SUM(AF146,-AF175),2)<>0,ROUND(SUM(AF146,-AF175),2),"") | J22: =IF(ROUND(SUM(AG146,-AG175),2)<>0,ROUND(SUM(AG146,-AG175),2),"") | ... Q22: =IF(ROUND(SUM(AN146,-AN175),2)<>0,ROUND(SUM(AN146,-AN175),2),"") | R22: X | S22: =IF(ROUND(SUM(AP146,-AP175),2)<>0,ROUND(SUM(AP146,-AP175),2),"") | T22: =IF(ROUND(SUM(AQ146,-AQ175),2)<>0,ROUND(SUM(AQ146,-AQ175),2),"") | U22: =IF(ROUND(SUM(AR146,-AR175),2)<>0,ROUND(SUM(AR146,-AR175),2),"") | V22: =IF(ROUND(SUM(AS146,-AS175),2)<>0,ROUND(SUM(AS146,-AS175),2),"") | W22: =IF(ROUND(SUM(AT146,-AT175),2)<>0,ROUND(SUM(AT146,-AT175),2),"") | Y22: =ROUND(COUNTIF($C$22:$W$22,">0"),0) -> 0
B23: P | C23: =IF(ROUND(SUM(Z147,-Z176),2)<>0,ROUND(SUM(Z147,-Z176),2),"") | D23: =IF(ROUND(SUM(AA147,-AA176),2)<>0,ROUND(SUM(AA147,-AA176),2),"") | E23: =IF(ROUND(SUM(AB147,-AB176),2)<>0,ROUND(SUM(AB147,-AB176),2),"") | F23: =IF(ROUND(SUM(AC147,-AC176),2)<>0,ROUND(SUM(AC147,-AC176),2),"") | G23: =IF(ROUND(SUM(AD147,-AD176),2)<>0,ROUND(SUM(AD147,-AD176),2),"") | H23: =IF(ROUND(SUM(AE147,-AE176),2)<>0,ROUND(SUM(AE147,-AE176),2),"") | I23: =IF(ROUND(SUM(AF147,-AF176),2)<>0,ROUND(SUM(AF147,-AF176),2),"") | J23: =IF(ROUND(SUM(AG147,-AG176),2)<>0,ROUND(SUM(AG147,-AG176),2),"") | ... R23: =IF(ROUND(SUM(AO147,-AO176),2)<>0,ROUND(SUM(AO147,-AO176),2),"") | S23: X | T23: =IF(ROUND(SUM(AQ147,-AQ176),2)<>0,ROUND(SUM(AQ147,-AQ176),2),"") | U23: =IF(ROUND(SUM(AR147,-AR176),2)<>0,ROUND(SUM(AR147,-AR176),2),"") | V23: =IF(ROUND(SUM(AS147,-AS176),2)<>0,ROUND(SUM(AS147,-AS176),2),"") | W23: =IF(ROUND(SUM(AT147,-AT176),2)<>0,ROUND(SUM(AT147,-AT176),2),"") | Y23: =ROUND(COUNTIF($C$23:$W$23,">0"),0) -> 0
B24: Q | C24: =IF(ROUND(SUM(Z148,-Z177),2)<>0,ROUND(SUM(Z148,-Z177),2),"") | D24: =IF(ROUND(SUM(AA148,-AA177),2)<>0,ROUND(SUM(AA148,-AA177),2),"") | E24: =IF(ROUND(SUM(AB148,-AB177),2)<>0,ROUND(SUM(AB148,-AB177),2),"") | F24: =IF(ROUND(SUM(AC148,-AC177),2)<>0,ROUND(SUM(AC148,-AC177),2),"") | G24: =IF(ROUND(SUM(AD148,-AD177),2)<>0,ROUND(SUM(AD148,-AD177),2),"") | H24: =IF(ROUND(SUM(AE148,-AE177),2)<>0,ROUND(SUM(AE148,-AE177),2),"") | I24: =IF(ROUND(SUM(AF148,-AF177),2)<>0,ROUND(SUM(AF148,-AF177),2),"") | J24: =IF(ROUND(SUM(AG148,-AG177),2)<>0,ROUND(SUM(AG148,-AG177),2),"") | ... S24: =IF(ROUND(SUM(AP148,-AP177),2)<>0,ROUND(SUM(AP148,-AP177),2),"") | T24: X | U24: =IF(ROUND(SUM(AR148,-AR177),2)<>0,ROUND(SUM(AR148,-AR177),2),"") | V24: =IF(ROUND(SUM(AS148,-AS177),2)<>0,ROUND(SUM(AS148,-AS177),2),"") | W24: =IF(ROUND(SUM(AT148,-AT177),2)<>0,ROUND(SUM(AT148,-AT177),2),"") | Y24: =ROUND(COUNTIF($C$24:$W$24,">0"),0) -> 0
B25: R | C25: =IF(ROUND(SUM(Z149,-Z178),2)<>0,ROUND(SUM(Z149,-Z178),2),"") | D25: =IF(ROUND(SUM(AA149,-AA178),2)<>0,ROUND(SUM(AA149,-AA178),2),"") | E25: =IF(ROUND(SUM(AB149,-AB178),2)<>0,ROUND(SUM(AB149,-AB178),2),"") | F25: =IF(ROUND(SUM(AC149,-AC178),2)<>0,ROUND(SUM(AC149,-AC178),2),"") | G25: =IF(ROUND(SUM(AD149,-AD178),2)<>0,ROUND(SUM(AD149,-AD178),2),"") | H25: =IF(ROUND(SUM(AE149,-AE178),2)<>0,ROUND(SUM(AE149,-AE178),2),"") | I25: =IF(ROUND(SUM(AF149,-AF178),2)<>0,ROUND(SUM(AF149,-AF178),2),"") | J25: =IF(ROUND(SUM(AG149,-AG178),2)<>0,ROUND(SUM(AG149,-AG178),2),"") | ... T25: =IF(ROUND(SUM(AQ149,-AQ178),2)<>0,ROUND(SUM(AQ149,-AQ178),2),"") | U25: X | V25: =IF(ROUND(SUM(AS149,-AS178),2)<>0,ROUND(SUM(AS149,-AS178),2),"") | W25: =IF(ROUND(SUM(AT149,-AT178),2)<>0,ROUND(SUM(AT149,-AT178),2),"") | Y25: =ROUND(COUNTIF($C$25:$W$25,">0"),0) -> 0
B26: S | C26: =IF(ROUND(SUM(Z150,-Z179),2)<>0,ROUND(SUM(Z150,-Z179),2),"") | D26: =IF(ROUND(SUM(AA150,-AA179),2)<>0,ROUND(SUM(AA150,-AA179),2),"") | E26: =IF(ROUND(SUM(AB150,-AB179),2)<>0,ROUND(SUM(AB150,-AB179),2),"") | F26: =IF(ROUND(SUM(AC150,-AC179),2)<>0,ROUND(SUM(AC150,-AC179),2),"") | G26: =IF(ROUND(SUM(AD150,-AD179),2)<>0,ROUND(SUM(AD150,-AD179),2),"") | H26: =IF(ROUND(SUM(AE150,-AE179),2)<>0,ROUND(SUM(AE150,-AE179),2),"") | I26: =IF(ROUND(SUM(AF150,-AF179),2)<>0,ROUND(SUM(AF150,-AF179),2),"") | J26: =IF(ROUND(SUM(AG150,-AG179),2)<>0,ROUND(SUM(AG150,-AG179),2),"") | ... U26: =IF(ROUND(SUM(AR150,-AR179),2)<>0,ROUND(SUM(AR150,-AR179),2),"") | V26: X | W26: =IF(ROUND(SUM(AT150,-AT179),2)<>0,ROUND(SUM(AT150,-AT179),2),"") | Y26: =ROUND(COUNTIF($C$26:$W$26,">0"),0) -> 0
B27: T | C27: =IF(ROUND(SUM(Z151,-Z180),2)<>0,ROUND(SUM(Z151,-Z180),2),"") | D27: =IF(ROUND(SUM(AA151,-AA180),2)<>0,ROUND(SUM(AA151,-AA180),2),"") | E27: =IF(ROUND(SUM(AB151,-AB180),2)<>0,ROUND(SUM(AB151,-AB180),2),"") | F27: =IF(ROUND(SUM(AC151,-AC180),2)<>0,ROUND(SUM(AC151,-AC180),2),"") | G27: =IF(ROUND(SUM(AD151,-AD180),2)<>0,ROUND(SUM(AD151,-AD180),2),"") | H27: =IF(ROUND(SUM(AE151,-AE180),2)<>0,ROUND(SUM(AE151,-AE180),2),"") | I27: =IF(ROUND(SUM(AF151,-AF180),2)<>0,ROUND(SUM(AF151,-AF180),2),"") | J27: =IF(ROUND(SUM(AG151,-AG180),2)<>0,ROUND(SUM(AG151,-AG180),2),"") | ... V27: =IF(ROUND(SUM(AS151,-AS180),2)<>0,ROUND(SUM(AS151,-AS180),2),"") | W27: X | Y27: =ROUND(COUNTIF($C$27:$W$27,">0"),0) -> 0
B29: Hibajelzések magyarázata
C30: Ha egy jelzés kisebb mint 0: az adott oszlop bankszámlájára nincs bevezetve az az összeg, amit az adott sor számlájáról ki van vezetve
D31: pl C oszlop B sora = -10 ---- B számlára nincs bevezetve 10 lej, ami a C számláról ki van vezetve
C33: Ha egy jelzés nagyobb mint 0: az adott sor bankszámlájáról nincs kivezetve az az összeg, amit az adott oszlop számlájára be van vezetve
D34: pl B oszlop C sora = 10 ---- C számláról nincs kivezetve 10 lej, ami a B számlára be van vezetve
D36: A problémás oszlop vagy sor jelzése színesre vált
C41: =ROUND(COUNTIF(C7:C27,"<0"),0) -> 0 | D41: =ROUND(COUNTIF(D7:D27,"<0"),0) -> 0 | E41: =ROUND(COUNTIF(E7:E27,"<0"),0) -> 0 | F41: =ROUND(COUNTIF(F7:F27,"<0"),0) -> 0 | G41: =ROUND(COUNTIF(G7:G27,"<0"),0) -> 0 | H41: =ROUND(COUNTIF(H7:H27,"<0"),0) -> 0 | I41: =ROUND(COUNTIF(I7:I27,"<0"),0) -> 0 | J41: =ROUND(COUNTIF(J7:J27,"<0"),0) -> 0 | ... W41: =ROUND(COUNTIF(W7:W27,"<0"),0) -> 0
C42: =ROUND(COUNTIF($C$7:$W$7,">0"),0) -> 0 | D42: =ROUND(COUNTIF($C$8:$W$8,">0"),0) -> 0 | E42: =ROUND(COUNTIF($C$9:$W$9,">0"),0) -> 0 | F42: =ROUND(COUNTIF($C$10:$W$10,">0"),0) -> 0 | G42: =ROUND(COUNTIF($C$11:$W$11,">0"),0) -> 0 | H42: =ROUND(COUNTIF($C$12:$W$12,">0"),0) -> 0 | I42: =ROUND(COUNTIF($C$13:$W$13,">0"),0) -> 0 | J42: =ROUND(COUNTIF($C$14:$W$14,">0"),0) -> 0 | K42: =ROUND(COUNTIF($C$15:$W$15,">0"),0) -> 0 | L42: =ROUND(COUNTIF($C$16:$W$16,">0"),0) -> 0 | M42: =ROUND(COUNTIF($C$17:$W$17,">0"),0) -> 0 | N42: =ROUND(COUNTIF($C$18:$W$18,">0"),0) -> 0 | O42: =ROUND(COUNTIF($C$19:$W$19,">0"),0) -> 0 | P42: =ROUND(COUNTIF($C$20:$W$20,">0"),0) -> 0 | Q42: =ROUND(COUNTIF($C$21:$W$21,">0"),0) -> 0 | R42: =ROUND(COUNTIF($C$22:$W$22,">0"),0) -> 0 | S42: =ROUND(COUNTIF($C$23:$W$23,">0"),0) -> 0 | T42: =ROUND(COUNTIF($C$24:$W$24,">0"),0) -> 0 | U42: =ROUND(COUNTIF($C$25:$W$25,">0"),0) -> 0 | V42: =ROUND(COUNTIF($C$26:$W$26,">0"),0) -> 0 | W42: =ROUND(COUNTIF($C$27:$W$27,">0"),0) -> 0
C49: A megjegyzés oszlopban megjelenő román nyelvű nevek a költségvetési tételek szerint.
C51: =Szamadas!$C$105 -> Egyházfenntartói járulék | D51: =Szamadas!$E$105 -> 101.01 | E51: Contr. anuală a credincioşilor
C52: =Szamadas!$C$106 -> Bevételek a különböző egyházi szolgálatokért | D52: =Szamadas!$E$106 -> 101.02 | E52: Contribuţii pt. diverse servicii religioase
C53: =Szamadas!$C$107 -> Perselypénz | D53: =Szamadas!$E$107 -> 101.03 | E53: Contribuţii în lăcaşuri de cult - colecta | AY53: =AY54-1 -> -46 | AZ53: =IF(AY53>0,VLOOKUP(AY53,Szamadas!$P$154:$Q$211,2,FALSE),0) -> 0 | BA53: =$AZ53 -> 0 | BB53: =$AZ53 -> 0 | BC53: =$AZ53 -> 0 | BD53: =$AZ53 -> 0 | BE53: =$AZ53 -> 0 | BF53: =$AZ53 -> 0 | BG53: =$AZ53 -> 0 | BH53: =$AZ53 -> 0 | ... BT53: =$AZ53 -> 0
C54: =Szamadas!$C$108 -> Adományok hívektől, egyházi intézményektől | D54: =Szamadas!$E$108 -> 101.04 | E54: Ajutoare primite de la credincioşi şi organizaţii religioase | AY54: =AY55-1 -> -45 | AZ54: =IF(AY54>0,VLOOKUP(AY54,Szamadas!$P$154:$Q$211,2,FALSE),0) -> 0 | BA54: =$AZ54 -> 0 | BB54: =$AZ54 -> 0 | BC54: =$AZ54 -> 0 | BD54: =$AZ54 -> 0 | BE54: =$AZ54 -> 0 | BF54: =$AZ54 -> 0 | BG54: =$AZ54 -> 0 | BH54: =$AZ54 -> 0 | ... BT54: =$AZ54 -> 0
C55: =Szamadas!$C$109 -> Úrasztali adományok | D55: =Szamadas!$E$109 -> 101.05 | E55: Donații pt. masa domnului | AY55: =AY56-1 -> -44 | AZ55: =IF(AY55>0,VLOOKUP(AY55,Szamadas!$P$154:$Q$211,2,FALSE),0) -> 0 | BA55: =$AZ55 -> 0 | BB55: =$AZ55 -> 0 | BC55: =$AZ55 -> 0 | BD55: =$AZ55 -> 0 | BE55: =$AZ55 -> 0 | BF55: =$AZ55 -> 0 | BG55: =$AZ55 -> 0 | BH55: =$AZ55 -> 0 | ... BT55: =$AZ55 -> 0
C56: =Szamadas!$C$110 -> Sírhelyek eladásából, bérleti díjából, gondozásából származó bevételek | D56: =Szamadas!$E$110 -> 101.06 | E56: Cont. pt. concesionarea şi îngrijirea locurilor din cimitire | AY56: =AY57-1 -> -43 | AZ56: =IF(AY56>0,VLOOKUP(AY56,Szamadas!$P$154:$Q$211,2,FALSE),0) -> 0 | BA56: =$AZ56 -> 0 | BB56: =$AZ56 -> 0 | BC56: =$AZ56 -> 0 | BD56: =$AZ56 -> 0 | BE56: =$AZ56 -> 0 | BF56: =$AZ56 -> 0 | BG56: =$AZ56 -> 0 | BH56: =$AZ56 -> 0 | ... BT56: =$AZ56 -> 0
C57: =Szamadas!$C$111 -> Központi járulékok - egyházmegyei bevétel | D57: =Szamadas!$E$111 -> 101.07 | E57: Contribuţia pt. susţinerea unit. Ierarhic superioare | AY57: =AY58-1 -> -42 | AZ57: =IF(AY57>0,VLOOKUP(AY57,Szamadas!$P$154:$Q$211,2,FALSE),0) -> 0 | BA57: =$AZ57 -> 0 | BB57: =$AZ57 -> 0 | BC57: =$AZ57 -> 0 | BD57: =$AZ57 -> 0 | BE57: =$AZ57 -> 0 | BF57: =$AZ57 -> 0 | BG57: =$AZ57 -> 0 | BH57: =$AZ57 -> 0 | ... BT57: =$AZ57 -> 0
C58: =Szamadas!$C$112 -> Egyházközségek fizetésalapja - emei bevétel | D58: =Szamadas!$E$112 -> 101.08 | E58: Contr. pt. prestări servicii la parohii | AY58: =AY59-1 -> -41 | AZ58: =IF(AY58>0,VLOOKUP(AY58,Szamadas!$P$154:$Q$211,2,FALSE),0) -> 0 | BA58: =$AZ58 -> 0 | BB58: =$AZ58 -> 0 | BC58: =$AZ58 -> 0 | BD58: =$AZ58 -> 0 | BE58: =$AZ58 -> 0 | BF58: =$AZ58 -> 0 | BG58: =$AZ58 -> 0 | BH58: =$AZ58 -> 0 | ... BT58: =$AZ58 -> 0
C59: =Szamadas!$C$114 -> Gyerek és ifjúsági tevékenységek bevételei | D59: =Szamadas!$E$114 -> 102.01 | E59: Venituri cu scop misionar - tineret | AY59: =AY60-1 -> -40 | AZ59: =IF(AY59>0,VLOOKUP(AY59,Szamadas!$P$154:$Q$211,2,FALSE),0) -> 0 | BA59: =$AZ59 -> 0 | BB59: =$AZ59 -> 0 | BC59: =$AZ59 -> 0 | BD59: =$AZ59 -> 0 | BE59: =$AZ59 -> 0 | BF59: =$AZ59 -> 0 | BG59: =$AZ59 -> 0 | BH59: =$AZ59 -> 0 | ... BT59: =$AZ59 -> 0
C60: =Szamadas!$C$115 -> Nőszövetségi tevékenységek bevételei | D60: =Szamadas!$E$115 -> 102.02 | E60: Venituri cu scop misionar - asoc. femeilor crestine | AY60: =AY61-1 -> -39 | AZ60: =IF(AY60>0,VLOOKUP(AY60,Szamadas!$P$154:$Q$211,2,FALSE),0) -> 0 | BA60: =$AZ60 -> 0 | BB60: =$AZ60 -> 0 | BC60: =$AZ60 -> 0 | BD60: =$AZ60 -> 0 | BE60: =$AZ60 -> 0 | BF60: =$AZ60 -> 0 | BG60: =$AZ60 -> 0 | BH60: =$AZ60 -> 0 | ... BT60: =$AZ60 -> 0
C61: =Szamadas!$C$116 -> Presbiterszövetségi tevékenységek bevételei | D61: =Szamadas!$E$116 -> 102.03 | E61: Venituri cu scop misionar - asoc. presbiterilor | AY61: =AY62-1 -> -38 | AZ61: =IF(AY61>0,VLOOKUP(AY61,Szamadas!$P$154:$Q$211,2,FALSE),0) -> 0 | BA61: =$AZ61 -> 0 | BB61: =$AZ61 -> 0 | BC61: =$AZ61 -> 0 | BD61: =$AZ61 -> 0 | BE61: =$AZ61 -> 0 | BF61: =$AZ61 -> 0 | BG61: =$AZ61 -> 0 | BH61: =$AZ61 -> 0 | ... BT61: =$AZ61 -> 0
C62: =Szamadas!$C$117 -> Diakóniai célú adományok | D62: =Szamadas!$E$117 -> 102.04 | E62: Donaţii pt. scopuri diaconice | Y62: =Y63-1 -> -37 | Z62: =IF(Y62>0,VLOOKUP(Y62,Szamadas!$P$105:$Q$151,2,FALSE),0) -> 0 | AA62: =$Z62 -> 0 | AB62: =$Z62 -> 0 | AC62: =$Z62 -> 0 | AD62: =$Z62 -> 0 | AE62: =$Z62 -> 0 | AF62: =$Z62 -> 0 | AG62: =$Z62 -> 0 | AH62: =$Z62 -> 0 | ... AT62: =$Z62 -> 0 | AY62: =AY63-1 -> -37 | AZ62: =IF(AY62>0,VLOOKUP(AY62,Szamadas!$P$154:$Q$211,2,FALSE),0) -> 0 | BA62: =$AZ62 -> 0 | BB62: =$AZ62 -> 0 | BC62: =$AZ62 -> 0 | BD62: =$AZ62 -> 0 | BE62: =$AZ62 -> 0 | BF62: =$AZ62 -> 0 | BG62: =$AZ62 -> 0 | BH62: =$AZ62 -> 0 | ... BT62: =$AZ62 -> 0
C63: =Szamadas!$C$118 -> Missziós célú adományok | D63: =Szamadas!$E$118 -> 102.05 | E63: Donatii pt. scopuri misionare | Y63: =Y64-1 -> -36 | Z63: =IF(Y63>0,VLOOKUP(Y63,Szamadas!$P$105:$Q$151,2,FALSE),0) -> 0 | AA63: =$Z63 -> 0 | AB63: =$Z63 -> 0 | AC63: =$Z63 -> 0 | AD63: =$Z63 -> 0 | AE63: =$Z63 -> 0 | AF63: =$Z63 -> 0 | AG63: =$Z63 -> 0 | AH63: =$Z63 -> 0 | ... AT63: =$Z63 -> 0 | AY63: =AY64-1 -> -36 | AZ63: =IF(AY63>0,VLOOKUP(AY63,Szamadas!$P$154:$Q$211,2,FALSE),0) -> 0 | BA63: =$AZ63 -> 0 | BB63: =$AZ63 -> 0 | BC63: =$AZ63 -> 0 | BD63: =$AZ63 -> 0 | BE63: =$AZ63 -> 0 | BF63: =$AZ63 -> 0 | BG63: =$AZ63 -> 0 | BH63: =$AZ63 -> 0 | ... BT63: =$AZ63 -> 0
C64: =Szamadas!$C$119 -> Legátumok - adományok teológiai hallgatók támogatására | D64: =Szamadas!$E$119 -> 102.06 | E64: Donatii pt. studenti de la teologie | Y64: =Y65-1 -> -35 | Z64: =IF(Y64>0,VLOOKUP(Y64,Szamadas!$P$105:$Q$151,2,FALSE),0) -> 0 | AA64: =$Z64 -> 0 | AB64: =$Z64 -> 0 | AC64: =$Z64 -> 0 | AD64: =$Z64 -> 0 | AE64: =$Z64 -> 0 | AF64: =$Z64 -> 0 | AG64: =$Z64 -> 0 | AH64: =$Z64 -> 0 | ... AT64: =$Z64 -> 0 | AY64: =AY65-1 -> -35 | AZ64: =IF(AY64>0,VLOOKUP(AY64,Szamadas!$P$154:$Q$211,2,FALSE),0) -> 0 | BA64: =$AZ64 -> 0 | BB64: =$AZ64 -> 0 | BC64: =$AZ64 -> 0 | BD64: =$AZ64 -> 0 | BE64: =$AZ64 -> 0 | BF64: =$AZ64 -> 0 | BG64: =$AZ64 -> 0 | BH64: =$AZ64 -> 0 | ... BT64: =$AZ64 -> 0
C65: =Szamadas!$C$121 -> Segélyszervezetektől, alapítványoktól, helyi szervezetektől származó adományok | D65: =Szamadas!$E$121 -> 103.01 | E65: Alte donaţii | Y65: =Y66-1 -> -34 | Z65: =IF(Y65>0,VLOOKUP(Y65,Szamadas!$P$105:$Q$151,2,FALSE),0) -> 0 | AA65: =$Z65 -> 0 | AB65: =$Z65 -> 0 | AC65: =$Z65 -> 0 | AD65: =$Z65 -> 0 | AE65: =$Z65 -> 0 | AF65: =$Z65 -> 0 | AG65: =$Z65 -> 0 | AH65: =$Z65 -> 0 | ... AT65: =$Z65 -> 0 | AY65: =AY66-1 -> -34 | AZ65: =IF(AY65>0,VLOOKUP(AY65,Szamadas!$P$154:$Q$211,2,FALSE),0) -> 0 | BA65: =$AZ65 -> 0 | BB65: =$AZ65 -> 0 | BC65: =$AZ65 -> 0 | BD65: =$AZ65 -> 0 | BE65: =$AZ65 -> 0 | BF65: =$AZ65 -> 0 | BG65: =$AZ65 -> 0 | BH65: =$AZ65 -> 0 | ... BT65: =$AZ65 -> 0
C66: =Szamadas!$C$122 -> Pályázatokból | D66: =Szamadas!$E$122 -> 103.02 | E66: Incasări proiecte | Y66: =Y67-1 -> -33 | Z66: =IF(Y66>0,VLOOKUP(Y66,Szamadas!$P$105:$Q$151,2,FALSE),0) -> 0 | AA66: =$Z66 -> 0 | AB66: =$Z66 -> 0 | AC66: =$Z66 -> 0 | AD66: =$Z66 -> 0 | AE66: =$Z66 -> 0 | AF66: =$Z66 -> 0 | AG66: =$Z66 -> 0 | AH66: =$Z66 -> 0 | ... AT66: =$Z66 -> 0 | AY66: =AY67-1 -> -33 | AZ66: =IF(AY66>0,VLOOKUP(AY66,Szamadas!$P$154:$Q$211,2,FALSE),0) -> 0 | BA66: =$AZ66 -> 0 | BB66: =$AZ66 -> 0 | BC66: =$AZ66 -> 0 | BD66: =$AZ66 -> 0 | BE66: =$AZ66 -> 0 | BF66: =$AZ66 -> 0 | BG66: =$AZ66 -> 0 | BH66: =$AZ66 -> 0 | ... BT66: =$AZ66 -> 0
C67: =Szamadas!$C$123 -> Más bevételek | D67: =Szamadas!$E$123 -> 103.03 | E67: Din alte surse | Y67: =Y68-1 -> -32 | Z67: =IF(Y67>0,VLOOKUP(Y67,Szamadas!$P$105:$Q$151,2,FALSE),0) -> 0 | AA67: =$Z67 -> 0 | AB67: =$Z67 -> 0 | AC67: =$Z67 -> 0 | AD67: =$Z67 -> 0 | AE67: =$Z67 -> 0 | AF67: =$Z67 -> 0 | AG67: =$Z67 -> 0 | AH67: =$Z67 -> 0 | ... AT67: =$Z67 -> 0 | AY67: =AY68-1 -> -32 | AZ67: =IF(AY67>0,VLOOKUP(AY67,Szamadas!$P$154:$Q$211,2,FALSE),0) -> 0 | BA67: =$AZ67 -> 0 | BB67: =$AZ67 -> 0 | BC67: =$AZ67 -> 0 | BD67: =$AZ67 -> 0 | BE67: =$AZ67 -> 0 | BF67: =$AZ67 -> 0 | BG67: =$AZ67 -> 0 | BH67: =$AZ67 -> 0 | ... BT67: =$AZ67 -> 0
C68: =Szamadas!$C$124 -> Banki kamatok, árfolyam nyereségek, kötvények jövedelme, osztalékok | D68: =Szamadas!$E$124 -> 103.04 | E68: Dobândă bancară, diferentă curs valutar, venituri din dividende si obligatiuni | Y68: =Y69-1 -> -31 | Z68: =IF(Y68>0,VLOOKUP(Y68,Szamadas!$P$105:$Q$151,2,FALSE),0) -> 0 | AA68: =$Z68 -> 0 | AB68: =$Z68 -> 0 | AC68: =$Z68 -> 0 | AD68: =$Z68 -> 0 | AE68: =$Z68 -> 0 | AF68: =$Z68 -> 0 | AG68: =$Z68 -> 0 | AH68: =$Z68 -> 0 | ... AT68: =$Z68 -> 0 | AY68: =AY69-1 -> -31 | AZ68: =IF(AY68>0,VLOOKUP(AY68,Szamadas!$P$154:$Q$211,2,FALSE),0) -> 0 | BA68: =$AZ68 -> 0 | BB68: =$AZ68 -> 0 | BC68: =$AZ68 -> 0 | BD68: =$AZ68 -> 0 | BE68: =$AZ68 -> 0 | BF68: =$AZ68 -> 0 | BG68: =$AZ68 -> 0 | BH68: =$AZ68 -> 0 | ... BT68: =$AZ68 -> 0
C69: =Szamadas!$C$125 -> Hozzájárulás konferenciák és szeretetvendégségek szervezéséhez | D69: =Szamadas!$E$125 -> 103.05 | E69: Pt. participare la conferinţe | Y69: =Y70-1 -> -30 | Z69: =IF(Y69>0,VLOOKUP(Y69,Szamadas!$P$105:$Q$151,2,FALSE),0) -> 0 | AA69: =$Z69 -> 0 | AB69: =$Z69 -> 0 | AC69: =$Z69 -> 0 | AD69: =$Z69 -> 0 | AE69: =$Z69 -> 0 | AF69: =$Z69 -> 0 | AG69: =$Z69 -> 0 | AH69: =$Z69 -> 0 | ... AT69: =$Z69 -> 0 | AY69: =AY70-1 -> -30 | AZ69: =IF(AY69>0,VLOOKUP(AY69,Szamadas!$P$154:$Q$211,2,FALSE),0) -> 0 | BA69: =$AZ69 -> 0 | BB69: =$AZ69 -> 0 | BC69: =$AZ69 -> 0 | BD69: =$AZ69 -> 0 | BE69: =$AZ69 -> 0 | BF69: =$AZ69 -> 0 | BG69: =$AZ69 -> 0 | BH69: =$AZ69 -> 0 | ... BT69: =$AZ69 -> 0
C70: =Szamadas!$C$126 -> Iratterjesztés - bevétel | D70: =Szamadas!$E$126 -> 103.06 | E70: Distribuirea tipăriturilor | Y70: =Y71-1 -> -29 | Z70: =IF(Y70>0,VLOOKUP(Y70,Szamadas!$P$105:$Q$151,2,FALSE),0) -> 0 | AA70: =$Z70 -> 0 | AB70: =$Z70 -> 0 | AC70: =$Z70 -> 0 | AD70: =$Z70 -> 0 | AE70: =$Z70 -> 0 | AF70: =$Z70 -> 0 | AG70: =$Z70 -> 0 | AH70: =$Z70 -> 0 | ... AT70: =$Z70 -> 0 | AY70: =AY71-1 -> -29 | AZ70: =IF(AY70>0,VLOOKUP(AY70,Szamadas!$P$154:$Q$211,2,FALSE),0) -> 0 | BA70: =$AZ70 -> 0 | BB70: =$AZ70 -> 0 | BC70: =$AZ70 -> 0 | BD70: =$AZ70 -> 0 | BE70: =$AZ70 -> 0 | BF70: =$AZ70 -> 0 | BG70: =$AZ70 -> 0 | BH70: =$AZ70 -> 0 | ... BT70: =$AZ70 -> 0
C71: =Szamadas!$C$127 -> Javak és részvények értékesítéséből | D71: =Szamadas!$E$127 -> 103.07 | E71: Din valorificarea unor bunuri si vânzare unori actiuni | Y71: =Y72-1 -> -28 | Z71: =IF(Y71>0,VLOOKUP(Y71,Szamadas!$P$105:$Q$151,2,FALSE),0) -> 0 | AA71: =$Z71 -> 0 | AB71: =$Z71 -> 0 | AC71: =$Z71 -> 0 | AD71: =$Z71 -> 0 | AE71: =$Z71 -> 0 | AF71: =$Z71 -> 0 | AG71: =$Z71 -> 0 | AH71: =$Z71 -> 0 | ... AT71: =$Z71 -> 0 | AY71: =AY72-1 -> -28 | AZ71: =IF(AY71>0,VLOOKUP(AY71,Szamadas!$P$154:$Q$211,2,FALSE),0) -> 0 | BA71: =$AZ71 -> 0 | BB71: =$AZ71 -> 0 | BC71: =$AZ71 -> 0 | BD71: =$AZ71 -> 0 | BE71: =$AZ71 -> 0 | BF71: =$AZ71 -> 0 | BG71: =$AZ71 -> 0 | BH71: =$AZ71 -> 0 | ... BT71: =$AZ71 -> 0
C72: =Szamadas!$C$128 -> Számlavisszatérítések | D72: =Szamadas!$E$128 -> 103.08 | E72: Rambursări | Y72: =Y73-1 -> -27 | Z72: =IF(Y72>0,VLOOKUP(Y72,Szamadas!$P$105:$Q$151,2,FALSE),0) -> 0 | AA72: =$Z72 -> 0 | AB72: =$Z72 -> 0 | AC72: =$Z72 -> 0 | AD72: =$Z72 -> 0 | AE72: =$Z72 -> 0 | AF72: =$Z72 -> 0 | AG72: =$Z72 -> 0 | AH72: =$Z72 -> 0 | ... AT72: =$Z72 -> 0 | AY72: =AY73-1 -> -27 | AZ72: =IF(AY72>0,VLOOKUP(AY72,Szamadas!$P$154:$Q$211,2,FALSE),0) -> 0 | BA72: =$AZ72 -> 0 | BB72: =$AZ72 -> 0 | BC72: =$AZ72 -> 0 | BD72: =$AZ72 -> 0 | BE72: =$AZ72 -> 0 | BF72: =$AZ72 -> 0 | BG72: =$AZ72 -> 0 | BH72: =$AZ72 -> 0 | ... BT72: =$AZ72 -> 0
C73: =Szamadas!$C$129 -> Szponzortámogatások, adók 3,5 %-a | D73: =Szamadas!$E$129 -> 103.09 | E73: Din sponsorizări | Y73: =Y74-1 -> -26 | Z73: =IF(Y73>0,VLOOKUP(Y73,Szamadas!$P$105:$Q$151,2,FALSE),0) -> 0 | AA73: =$Z73 -> 0 | AB73: =$Z73 -> 0 | AC73: =$Z73 -> 0 | AD73: =$Z73 -> 0 | AE73: =$Z73 -> 0 | AF73: =$Z73 -> 0 | AG73: =$Z73 -> 0 | AH73: =$Z73 -> 0 | ... AT73: =$Z73 -> 0 | AY73: =AY74-1 -> -26 | AZ73: =IF(AY73>0,VLOOKUP(AY73,Szamadas!$P$154:$Q$211,2,FALSE),0) -> 0 | BA73: =$AZ73 -> 0 | BB73: =$AZ73 -> 0 | BC73: =$AZ73 -> 0 | BD73: =$AZ73 -> 0 | BE73: =$AZ73 -> 0 | BF73: =$AZ73 -> 0 | BG73: =$AZ73 -> 0 | BH73: =$AZ73 -> 0 | ... BT73: =$AZ73 -> 0
C74: =Szamadas!$C$131 -> Mezőgazdasági jövedelem | D74: =Szamadas!$E$131 -> 104.01 | E74: Activităţi agricole | Y74: =Y75-1 -> -25 | Z74: =IF(Y74>0,VLOOKUP(Y74,Szamadas!$P$105:$Q$151,2,FALSE),0) -> 0 | AA74: =$Z74 -> 0 | AB74: =$Z74 -> 0 | AC74: =$Z74 -> 0 | AD74: =$Z74 -> 0 | AE74: =$Z74 -> 0 | AF74: =$Z74 -> 0 | AG74: =$Z74 -> 0 | AH74: =$Z74 -> 0 | ... AT74: =$Z74 -> 0 | AY74: =AY75-1 -> -25 | AZ74: =IF(AY74>0,VLOOKUP(AY74,Szamadas!$P$154:$Q$211,2,FALSE),0) -> 0 | BA74: =$AZ74 -> 0 | BB74: =$AZ74 -> 0 | BC74: =$AZ74 -> 0 | BD74: =$AZ74 -> 0 | BE74: =$AZ74 -> 0 | BF74: =$AZ74 -> 0 | BG74: =$AZ74 -> 0 | BH74: =$AZ74 -> 0 | ... BT74: =$AZ74 -> 0
C75: =Szamadas!$C$132 -> Erdőgazdálkodási jövedelem | D75: =Szamadas!$E$132 -> 104.02 | E75: Activităţi silvice | Y75: =Y76-1 -> -24 | Z75: =IF(Y75>0,VLOOKUP(Y75,Szamadas!$P$105:$Q$151,2,FALSE),0) -> 0 | AA75: =$Z75 -> 0 | AB75: =$Z75 -> 0 | AC75: =$Z75 -> 0 | AD75: =$Z75 -> 0 | AE75: =$Z75 -> 0 | AF75: =$Z75 -> 0 | AG75: =$Z75 -> 0 | AH75: =$Z75 -> 0 | ... AT75: =$Z75 -> 0 | AY75: =AY76-1 -> -24 | AZ75: =IF(AY75>0,VLOOKUP(AY75,Szamadas!$P$154:$Q$211,2,FALSE),0) -> 0 | BA75: =$AZ75 -> 0 | BB75: =$AZ75 -> 0 | BC75: =$AZ75 -> 0 | BD75: =$AZ75 -> 0 | BE75: =$AZ75 -> 0 | BF75: =$AZ75 -> 0 | BG75: =$AZ75 -> 0 | BH75: =$AZ75 -> 0 | ... BT75: =$AZ75 -> 0
C76: =Szamadas!$C$133 -> Más gazdasági bevételek | D76: =Szamadas!$E$133 -> 104.03 | E76: Alte venituri din activităţi anexe | Y76: =Y77-1 -> -23 | Z76: =IF(Y76>0,VLOOKUP(Y76,Szamadas!$P$105:$Q$151,2,FALSE),0) -> 0 | AA76: =$Z76 -> 0 | AB76: =$Z76 -> 0 | AC76: =$Z76 -> 0 | AD76: =$Z76 -> 0 | AE76: =$Z76 -> 0 | AF76: =$Z76 -> 0 | AG76: =$Z76 -> 0 | AH76: =$Z76 -> 0 | ... AT76: =$Z76 -> 0 | AY76: =AY77-1 -> -23 | AZ76: =IF(AY76>0,VLOOKUP(AY76,Szamadas!$P$154:$Q$211,2,FALSE),0) -> 0 | BA76: =$AZ76 -> 0 | BB76: =$AZ76 -> 0 | BC76: =$AZ76 -> 0 | BD76: =$AZ76 -> 0 | BE76: =$AZ76 -> 0 | BF76: =$AZ76 -> 0 | BG76: =$AZ76 -> 0 | BH76: =$AZ76 -> 0 | ... BT76: =$AZ76 -> 0
C77: =Szamadas!$C$134 -> Épületek bérjövedelme | D77: =Szamadas!$E$134 -> 104.04 | E77: Venit din închirierea clădirilor | Y77: =Y78-1 -> -22 | Z77: =IF(Y77>0,VLOOKUP(Y77,Szamadas!$P$105:$Q$151,2,FALSE),0) -> 0 | AA77: =$Z77 -> 0 | AB77: =$Z77 -> 0 | AC77: =$Z77 -> 0 | AD77: =$Z77 -> 0 | AE77: =$Z77 -> 0 | AF77: =$Z77 -> 0 | AG77: =$Z77 -> 0 | AH77: =$Z77 -> 0 | ... AT77: =$Z77 -> 0 | AY77: =AY78-1 -> -22 | AZ77: =IF(AY77>0,VLOOKUP(AY77,Szamadas!$P$154:$Q$211,2,FALSE),0) -> 0 | BA77: =$AZ77 -> 0 | BB77: =$AZ77 -> 0 | BC77: =$AZ77 -> 0 | BD77: =$AZ77 -> 0 | BE77: =$AZ77 -> 0 | BF77: =$AZ77 -> 0 | BG77: =$AZ77 -> 0 | BH77: =$AZ77 -> 0 | ... BT77: =$AZ77 -> 0
C78: =Szamadas!$C$135 -> Területek bérjövedelme | D78: =Szamadas!$E$135 -> 104.05 | E78: Venit din închirierea terenurilor | Y78: =Y79-1 -> -21 | Z78: =IF(Y78>0,VLOOKUP(Y78,Szamadas!$P$105:$Q$151,2,FALSE),0) -> 0 | AA78: =$Z78 -> 0 | AB78: =$Z78 -> 0 | AC78: =$Z78 -> 0 | AD78: =$Z78 -> 0 | AE78: =$Z78 -> 0 | AF78: =$Z78 -> 0 | AG78: =$Z78 -> 0 | AH78: =$Z78 -> 0 | ... AT78: =$Z78 -> 0 | AY78: =AY79-1 -> -21 | AZ78: =IF(AY78>0,VLOOKUP(AY78,Szamadas!$P$154:$Q$211,2,FALSE),0) -> 0 | BA78: =$AZ78 -> 0 | BB78: =$AZ78 -> 0 | BC78: =$AZ78 -> 0 | BD78: =$AZ78 -> 0 | BE78: =$AZ78 -> 0 | BF78: =$AZ78 -> 0 | BG78: =$AZ78 -> 0 | BH78: =$AZ78 -> 0 | ... BT78: =$AZ78 -> 0
C79: =Szamadas!$C$138 -> Más egyházi intézményektől kapott támogatás | D79: =Szamadas!$E$138 -> 105.01 | E79: De la unităţi din cadrul cultului | Y79: =Y80-1 -> -20 | Z79: =IF(Y79>0,VLOOKUP(Y79,Szamadas!$P$105:$Q$151,2,FALSE),0) -> 0 | AA79: =$Z79 -> 0 | AB79: =$Z79 -> 0 | AC79: =$Z79 -> 0 | AD79: =$Z79 -> 0 | AE79: =$Z79 -> 0 | AF79: =$Z79 -> 0 | AG79: =$Z79 -> 0 | AH79: =$Z79 -> 0 | ... AT79: =$Z79 -> 0 | AY79: =AY80-1 -> -20 | AZ79: =IF(AY79>0,VLOOKUP(AY79,Szamadas!$P$154:$Q$211,2,FALSE),0) -> 0 | BA79: =$AZ79 -> 0 | BB79: =$AZ79 -> 0 | BC79: =$AZ79 -> 0 | BD79: =$AZ79 -> 0 | BE79: =$AZ79 -> 0 | BF79: =$AZ79 -> 0 | BG79: =$AZ79 -> 0 | BH79: =$AZ79 -> 0 | ... BT79: =$AZ79 -> 0
C80: =Szamadas!$C$139 -> Állami intézménytől kapott támogatás (APIA, stb.) | D80: =Szamadas!$E$139 -> 105.02 | E80: Subvenţii de la stat | Y80: =Y81-1 -> -19 | Z80: =IF(Y80>0,VLOOKUP(Y80,Szamadas!$P$105:$Q$151,2,FALSE),0) -> 0 | AA80: =$Z80 -> 0 | AB80: =$Z80 -> 0 | AC80: =$Z80 -> 0 | AD80: =$Z80 -> 0 | AE80: =$Z80 -> 0 | AF80: =$Z80 -> 0 | AG80: =$Z80 -> 0 | AH80: =$Z80 -> 0 | ... AT80: =$Z80 -> 0 | AY80: =AY81-1 -> -19 | AZ80: =IF(AY80>0,VLOOKUP(AY80,Szamadas!$P$154:$Q$211,2,FALSE),0) -> 0 | BA80: =$AZ80 -> 0 | BB80: =$AZ80 -> 0 | BC80: =$AZ80 -> 0 | BD80: =$AZ80 -> 0 | BE80: =$AZ80 -> 0 | BF80: =$AZ80 -> 0 | BG80: =$AZ80 -> 0 | BH80: =$AZ80 -> 0 | ... BT80: =$AZ80 -> 0
C81: =Szamadas!$C$140 -> Kongrua és járulékai | D81: =Szamadas!$E$140 -> 105.03 | E81: Subvenţii primite pt. Salarii | Y81: =Y82-1 -> -18 | Z81: =IF(Y81>0,VLOOKUP(Y81,Szamadas!$P$105:$Q$151,2,FALSE),0) -> 0 | AA81: =$Z81 -> 0 | AB81: =$Z81 -> 0 | AC81: =$Z81 -> 0 | AD81: =$Z81 -> 0 | AE81: =$Z81 -> 0 | AF81: =$Z81 -> 0 | AG81: =$Z81 -> 0 | AH81: =$Z81 -> 0 | ... AT81: =$Z81 -> 0 | AY81: =AY82-1 -> -18 | AZ81: =IF(AY81>0,VLOOKUP(AY81,Szamadas!$P$154:$Q$211,2,FALSE),0) -> 0 | BA81: =$AZ81 -> 0 | BB81: =$AZ81 -> 0 | BC81: =$AZ81 -> 0 | BD81: =$AZ81 -> 0 | BE81: =$AZ81 -> 0 | BF81: =$AZ81 -> 0 | BG81: =$AZ81 -> 0 | BH81: =$AZ81 -> 0 | ... BT81: =$AZ81 -> 0
C82: =Szamadas!$C$143 -> Bevételek más egyházi intézmények részére | D82: =Szamadas!$E$143 -> 106.01 | E82: Alte încasări | Y82: =Y83-1 -> -17 | Z82: =IF(Y82>0,VLOOKUP(Y82,Szamadas!$P$105:$Q$151,2,FALSE),0) -> 0 | AA82: =$Z82 -> 0 | AB82: =$Z82 -> 0 | AC82: =$Z82 -> 0 | AD82: =$Z82 -> 0 | AE82: =$Z82 -> 0 | AF82: =$Z82 -> 0 | AG82: =$Z82 -> 0 | AH82: =$Z82 -> 0 | ... AT82: =$Z82 -> 0 | AY82: =AY83-1 -> -17 | AZ82: =IF(AY82>0,VLOOKUP(AY82,Szamadas!$P$154:$Q$211,2,FALSE),0) -> 0 | BA82: =$AZ82 -> 0 | BB82: =$AZ82 -> 0 | BC82: =$AZ82 -> 0 | BD82: =$AZ82 -> 0 | BE82: =$AZ82 -> 0 | BF82: =$AZ82 -> 0 | BG82: =$AZ82 -> 0 | BH82: =$AZ82 -> 0 | ... BT82: =$AZ82 -> 0
C83: =Szamadas!$C$144 -> Biztosítások - bevétel | D83: =Szamadas!$E$144 -> 106.02 | E83: Asigurari | Y83: =Y84-1 -> -16 | Z83: =IF(Y83>0,VLOOKUP(Y83,Szamadas!$P$105:$Q$151,2,FALSE),0) -> 0 | AA83: =$Z83 -> 0 | AB83: =$Z83 -> 0 | AC83: =$Z83 -> 0 | AD83: =$Z83 -> 0 | AE83: =$Z83 -> 0 | AF83: =$Z83 -> 0 | AG83: =$Z83 -> 0 | AH83: =$Z83 -> 0 | ... AT83: =$Z83 -> 0 | AY83: =AY84-1 -> -16 | AZ83: =IF(AY83>0,VLOOKUP(AY83,Szamadas!$P$154:$Q$211,2,FALSE),0) -> 0 | BA83: =$AZ83 -> 0 | BB83: =$AZ83 -> 0 | BC83: =$AZ83 -> 0 | BD83: =$AZ83 -> 0 | BE83: =$AZ83 -> 0 | BF83: =$AZ83 -> 0 | BG83: =$AZ83 -> 0 | BH83: =$AZ83 -> 0 | ... BT83: =$AZ83 -> 0
C84: =Szamadas!$C$145 -> Missziói segélyek | D84: =Szamadas!$E$145 -> 106.03 | E84: Pt. fond misionar | Y84: =Y85-1 -> -15 | Z84: =IF(Y84>0,VLOOKUP(Y84,Szamadas!$P$105:$Q$151,2,FALSE),0) -> 0 | AA84: =$Z84 -> 0 | AB84: =$Z84 -> 0 | AC84: =$Z84 -> 0 | AD84: =$Z84 -> 0 | AE84: =$Z84 -> 0 | AF84: =$Z84 -> 0 | AG84: =$Z84 -> 0 | AH84: =$Z84 -> 0 | ... AT84: =$Z84 -> 0 | AY84: =AY85-1 -> -15 | AZ84: =IF(AY84>0,VLOOKUP(AY84,Szamadas!$P$154:$Q$211,2,FALSE),0) -> 0 | BA84: =$AZ84 -> 0 | BB84: =$AZ84 -> 0 | BC84: =$AZ84 -> 0 | BD84: =$AZ84 -> 0 | BE84: =$AZ84 -> 0 | BF84: =$AZ84 -> 0 | BG84: =$AZ84 -> 0 | BH84: =$AZ84 -> 0 | ... BT84: =$AZ84 -> 0
C85: =Szamadas!$C$146 -> Bérjövedelmek 10%-a | D85: =Szamadas!$E$146 -> 106.04 | E85: Cota 10% din chirii | Y85: =Y86-1 -> -14 | Z85: =IF(Y85>0,VLOOKUP(Y85,Szamadas!$P$105:$Q$151,2,FALSE),0) -> 0 | AA85: =$Z85 -> 0 | AB85: =$Z85 -> 0 | AC85: =$Z85 -> 0 | AD85: =$Z85 -> 0 | AE85: =$Z85 -> 0 | AF85: =$Z85 -> 0 | AG85: =$Z85 -> 0 | AH85: =$Z85 -> 0 | ... AT85: =$Z85 -> 0 | AY85: =AY86-1 -> -14 | AZ85: =IF(AY85>0,VLOOKUP(AY85,Szamadas!$P$154:$Q$211,2,FALSE),0) -> 0 | BA85: =$AZ85 -> 0 | BB85: =$AZ85 -> 0 | BC85: =$AZ85 -> 0 | BD85: =$AZ85 -> 0 | BE85: =$AZ85 -> 0 | BF85: =$AZ85 -> 0 | BG85: =$AZ85 -> 0 | BH85: =$AZ85 -> 0 | ... BT85: =$AZ85 -> 0
C86: =Szamadas!$C$147 -> Bevételek egyházközségek részére | D86: =Szamadas!$E$147 -> 106.05 | E86: Încasări pt. Parohii | Y86: =Y87-1 -> -13 | Z86: =IF(Y86>0,VLOOKUP(Y86,Szamadas!$P$105:$Q$151,2,FALSE),0) -> 0 | AA86: =$Z86 -> 0 | AB86: =$Z86 -> 0 | AC86: =$Z86 -> 0 | AD86: =$Z86 -> 0 | AE86: =$Z86 -> 0 | AF86: =$Z86 -> 0 | AG86: =$Z86 -> 0 | AH86: =$Z86 -> 0 | ... AT86: =$Z86 -> 0 | AY86: =AY87-1 -> -13 | AZ86: =IF(AY86>0,VLOOKUP(AY86,Szamadas!$P$154:$Q$211,2,FALSE),0) -> 0 | BA86: =$AZ86 -> 0 | BB86: =$AZ86 -> 0 | BC86: =$AZ86 -> 0 | BD86: =$AZ86 -> 0 | BE86: =$AZ86 -> 0 | BF86: =$AZ86 -> 0 | BG86: =$AZ86 -> 0 | BH86: =$AZ86 -> 0 | ... BT86: =$AZ86 -> 0
C87: =Szamadas!$C$148 -> Bevételek a felsőbb egyházi intézmények részére | D87: =Szamadas!$E$148 -> 106.06 | E87: Încasări pt. unităţi ierarhice superioare | Y87: =Y88-1 -> -12 | Z87: =IF(Y87>0,VLOOKUP(Y87,Szamadas!$P$105:$Q$151,2,FALSE),0) -> 0 | AA87: =$Z87 -> 0 | AB87: =$Z87 -> 0 | AC87: =$Z87 -> 0 | AD87: =$Z87 -> 0 | AE87: =$Z87 -> 0 | AF87: =$Z87 -> 0 | AG87: =$Z87 -> 0 | AH87: =$Z87 -> 0 | ... AT87: =$Z87 -> 0 | AY87: =AY88-1 -> -12 | AZ87: =IF(AY87>0,VLOOKUP(AY87,Szamadas!$P$154:$Q$211,2,FALSE),0) -> 0 | BA87: =$AZ87 -> 0 | BB87: =$AZ87 -> 0 | BC87: =$AZ87 -> 0 | BD87: =$AZ87 -> 0 | BE87: =$AZ87 -> 0 | BF87: =$AZ87 -> 0 | BG87: =$AZ87 -> 0 | BH87: =$AZ87 -> 0 | ... BT87: =$AZ87 -> 0
C88: =Szamadas!$C$150 -> Kapott hitelek | D88: =Szamadas!$E$150 -> 107.01 | E88: Credite primite | Y88: =Y89-1 -> -11 | Z88: =IF(Y88>0,VLOOKUP(Y88,Szamadas!$P$105:$Q$151,2,FALSE),0) -> 0 | AA88: =$Z88 -> 0 | AB88: =$Z88 -> 0 | AC88: =$Z88 -> 0 | AD88: =$Z88 -> 0 | AE88: =$Z88 -> 0 | AF88: =$Z88 -> 0 | AG88: =$Z88 -> 0 | AH88: =$Z88 -> 0 | ... AT88: =$Z88 -> 0 | AY88: =AY89-1 -> -11 | AZ88: =IF(AY88>0,VLOOKUP(AY88,Szamadas!$P$154:$Q$211,2,FALSE),0) -> 0 | BA88: =$AZ88 -> 0 | BB88: =$AZ88 -> 0 | BC88: =$AZ88 -> 0 | BD88: =$AZ88 -> 0 | BE88: =$AZ88 -> 0 | BF88: =$AZ88 -> 0 | BG88: =$AZ88 -> 0 | BH88: =$AZ88 -> 0 | ... BT88: =$AZ88 -> 0
C89: =Szamadas!$C$151 -> Visszakapott hitelek | D89: =Szamadas!$E$151 -> 107.02 | E89: Restituiri din credite | Y89: =Y90-1 -> -10 | Z89: =IF(Y89>0,VLOOKUP(Y89,Szamadas!$P$105:$Q$151,2,FALSE),0) -> 0 | AA89: =$Z89 -> 0 | AB89: =$Z89 -> 0 | AC89: =$Z89 -> 0 | AD89: =$Z89 -> 0 | AE89: =$Z89 -> 0 | AF89: =$Z89 -> 0 | AG89: =$Z89 -> 0 | AH89: =$Z89 -> 0 | ... AT89: =$Z89 -> 0 | AY89: =AY90-1 -> -10 | AZ89: =IF(AY89>0,VLOOKUP(AY89,Szamadas!$P$154:$Q$211,2,FALSE),0) -> 0 | BA89: =$AZ89 -> 0 | BB89: =$AZ89 -> 0 | BC89: =$AZ89 -> 0 | BD89: =$AZ89 -> 0 | BE89: =$AZ89 -> 0 | BF89: =$AZ89 -> 0 | BG89: =$AZ89 -> 0 | BH89: =$AZ89 -> 0 | ... BT89: =$AZ89 -> 0
C90: =Szamadas!$C$154 -> Fizetés alap | D90: =Szamadas!$E$154 -> 201.01 | E90: Contr. pt. prestări servicii efectuate către protopopiat | Y90: =Y91-1 -> -9 | Z90: =IF(Y90>0,VLOOKUP(Y90,Szamadas!$P$105:$Q$151,2,FALSE),0) -> 0 | AA90: =$Z90 -> 0 | AB90: =$Z90 -> 0 | AC90: =$Z90 -> 0 | AD90: =$Z90 -> 0 | AE90: =$Z90 -> 0 | AF90: =$Z90 -> 0 | AG90: =$Z90 -> 0 | AH90: =$Z90 -> 0 | ... AT90: =$Z90 -> 0 | AY90: =AY91-1 -> -9 | AZ90: =IF(AY90>0,VLOOKUP(AY90,Szamadas!$P$154:$Q$211,2,FALSE),0) -> 0 | BA90: =$AZ90 -> 0 | BB90: =$AZ90 -> 0 | BC90: =$AZ90 -> 0 | BD90: =$AZ90 -> 0 | BE90: =$AZ90 -> 0 | BF90: =$AZ90 -> 0 | BG90: =$AZ90 -> 0 | BH90: =$AZ90 -> 0 | ... BT90: =$AZ90 -> 0
C91: =Szamadas!$C$155 -> Közköltségek (fűtés, világítás, víz stb.) | D91: =Szamadas!$E$155 -> 201.02 | E91: Cheltuieli de întreţinere (încălzire iluminat apă etc.) | Y91: =Y92-1 -> -8 | Z91: =IF(Y91>0,VLOOKUP(Y91,Szamadas!$P$105:$Q$151,2,FALSE),0) -> 0 | AA91: =$Z91 -> 0 | AB91: =$Z91 -> 0 | AC91: =$Z91 -> 0 | AD91: =$Z91 -> 0 | AE91: =$Z91 -> 0 | AF91: =$Z91 -> 0 | AG91: =$Z91 -> 0 | AH91: =$Z91 -> 0 | ... AT91: =$Z91 -> 0 | AY91: =AY92-1 -> -8 | AZ91: =IF(AY91>0,VLOOKUP(AY91,Szamadas!$P$154:$Q$211,2,FALSE),0) -> 0 | BA91: =$AZ91 -> 0 | BB91: =$AZ91 -> 0 | BC91: =$AZ91 -> 0 | BD91: =$AZ91 -> 0 | BE91: =$AZ91 -> 0 | BF91: =$AZ91 -> 0 | BG91: =$AZ91 -> 0 | BH91: =$AZ91 -> 0 | ... BT91: =$AZ91 -> 0
C92: =Szamadas!$C$156 -> Házbérek | D92: =Szamadas!$E$156 -> 201.03 | E92: Chirii | Y92: =Y93-1 -> -7 | Z92: =IF(Y92>0,VLOOKUP(Y92,Szamadas!$P$105:$Q$151,2,FALSE),0) -> 0 | AA92: =$Z92 -> 0 | AB92: =$Z92 -> 0 | AC92: =$Z92 -> 0 | AD92: =$Z92 -> 0 | AE92: =$Z92 -> 0 | AF92: =$Z92 -> 0 | AG92: =$Z92 -> 0 | AH92: =$Z92 -> 0 | ... AT92: =$Z92 -> 0 | AY92: =AY93-1 -> -7 | AZ92: =IF(AY92>0,VLOOKUP(AY92,Szamadas!$P$154:$Q$211,2,FALSE),0) -> 0 | BA92: =$AZ92 -> 0 | BB92: =$AZ92 -> 0 | BC92: =$AZ92 -> 0 | BD92: =$AZ92 -> 0 | BE92: =$AZ92 -> 0 | BF92: =$AZ92 -> 0 | BG92: =$AZ92 -> 0 | BH92: =$AZ92 -> 0 | ... BT92: =$AZ92 -> 0
C93: =Szamadas!$C$157 -> Épületadó, földadó biztosítás | D93: =Szamadas!$E$157 -> 201.04 | E93: Impozite, taxe, şi asigurări ADAS | Y93: =Y94-1 -> -6 | Z93: =IF(Y93>0,VLOOKUP(Y93,Szamadas!$P$105:$Q$151,2,FALSE),0) -> 0 | AA93: =$Z93 -> 0 | AB93: =$Z93 -> 0 | AC93: =$Z93 -> 0 | AD93: =$Z93 -> 0 | AE93: =$Z93 -> 0 | AF93: =$Z93 -> 0 | AG93: =$Z93 -> 0 | AH93: =$Z93 -> 0 | ... AT93: =$Z93 -> 0 | AY93: =AY94-1 -> -6 | AZ93: =IF(AY93>0,VLOOKUP(AY93,Szamadas!$P$154:$Q$211,2,FALSE),0) -> 0 | BA93: =$AZ93 -> 0 | BB93: =$AZ93 -> 0 | BC93: =$AZ93 -> 0 | BD93: =$AZ93 -> 0 | BE93: =$AZ93 -> 0 | BF93: =$AZ93 -> 0 | BG93: =$AZ93 -> 0 | BH93: =$AZ93 -> 0 | ... BT93: =$AZ93 -> 0
C94: =Szamadas!$C$158 -> Szállítóeszközök üzemeltetési költségei | D94: =Szamadas!$E$158 -> 201.05 | E94: Mijloace de transport | Y94: =Y95-1 -> -5 | Z94: =IF(Y94>0,VLOOKUP(Y94,Szamadas!$P$105:$Q$151,2,FALSE),0) -> 0 | AA94: =$Z94 -> 0 | AB94: =$Z94 -> 0 | AC94: =$Z94 -> 0 | AD94: =$Z94 -> 0 | AE94: =$Z94 -> 0 | AF94: =$Z94 -> 0 | AG94: =$Z94 -> 0 | AH94: =$Z94 -> 0 | ... AT94: =$Z94 -> 0 | AY94: =AY95-1 -> -5 | AZ94: =IF(AY94>0,VLOOKUP(AY94,Szamadas!$P$154:$Q$211,2,FALSE),0) -> 0 | BA94: =$AZ94 -> 0 | BB94: =$AZ94 -> 0 | BC94: =$AZ94 -> 0 | BD94: =$AZ94 -> 0 | BE94: =$AZ94 -> 0 | BF94: =$AZ94 -> 0 | BG94: =$AZ94 -> 0 | BH94: =$AZ94 -> 0 | ... BT94: =$AZ94 -> 0
C95: =Szamadas!$C$159 -> Napidíj, utazási költségek | D95: =Szamadas!$E$159 -> 201.06 | E95: Diurnă, cheltuieli de deplasare | Y95: =Y96-1 -> -4 | Z95: =IF(Y95>0,VLOOKUP(Y95,Szamadas!$P$105:$Q$151,2,FALSE),0) -> 0 | AA95: =$Z95 -> 0 | AB95: =$Z95 -> 0 | AC95: =$Z95 -> 0 | AD95: =$Z95 -> 0 | AE95: =$Z95 -> 0 | AF95: =$Z95 -> 0 | AG95: =$Z95 -> 0 | AH95: =$Z95 -> 0 | ... AT95: =$Z95 -> 0 | AY95: =AY96-1 -> -4 | AZ95: =IF(AY95>0,VLOOKUP(AY95,Szamadas!$P$154:$Q$211,2,FALSE),0) -> 0 | BA95: =$AZ95 -> 0 | BB95: =$AZ95 -> 0 | BC95: =$AZ95 -> 0 | BD95: =$AZ95 -> 0 | BE95: =$AZ95 -> 0 | BF95: =$AZ95 -> 0 | BG95: =$AZ95 -> 0 | BH95: =$AZ95 -> 0 | ... BT95: =$AZ95 -> 0
C96: =Szamadas!$C$160 -> Posta, telefon, internet | D96: =Szamadas!$E$160 -> 201.07 | E96: Poştă, telefon, internet | Y96: =Y97-1 -> -3 | Z96: =IF(Y96>0,VLOOKUP(Y96,Szamadas!$P$105:$Q$151,2,FALSE),0) -> 0 | AA96: =$Z96 -> 0 | AB96: =$Z96 -> 0 | AC96: =$Z96 -> 0 | AD96: =$Z96 -> 0 | AE96: =$Z96 -> 0 | AF96: =$Z96 -> 0 | AG96: =$Z96 -> 0 | AH96: =$Z96 -> 0 | ... AT96: =$Z96 -> 0 | AY96: =AY97-1 -> -3 | AZ96: =IF(AY96>0,VLOOKUP(AY96,Szamadas!$P$154:$Q$211,2,FALSE),0) -> 0 | BA96: =$AZ96 -> 0 | BB96: =$AZ96 -> 0 | BC96: =$AZ96 -> 0 | BD96: =$AZ96 -> 0 | BE96: =$AZ96 -> 0 | BF96: =$AZ96 -> 0 | BG96: =$AZ96 -> 0 | BH96: =$AZ96 -> 0 | ... BT96: =$AZ96 -> 0
C97: =Szamadas!$C$161 -> Irodaszerek, nyomtatványok | D97: =Szamadas!$E$161 -> 201.08 | E97: Articole de birotică și papetărie | Y97: =Y98-1 -> -2 | Z97: =IF(Y97>0,VLOOKUP(Y97,Szamadas!$P$105:$Q$151,2,FALSE),0) -> 0 | AA97: =$Z97 -> 0 | AB97: =$Z97 -> 0 | AC97: =$Z97 -> 0 | AD97: =$Z97 -> 0 | AE97: =$Z97 -> 0 | AF97: =$Z97 -> 0 | AG97: =$Z97 -> 0 | AH97: =$Z97 -> 0 | ... AT97: =$Z97 -> 0 | AY97: =AY98-1 -> -2 | AZ97: =IF(AY97>0,VLOOKUP(AY97,Szamadas!$P$154:$Q$211,2,FALSE),0) -> 0 | BA97: =$AZ97 -> 0 | BB97: =$AZ97 -> 0 | BC97: =$AZ97 -> 0 | BD97: =$AZ97 -> 0 | BE97: =$AZ97 -> 0 | BF97: =$AZ97 -> 0 | BG97: =$AZ97 -> 0 | BH97: =$AZ97 -> 0 | ... BT97: =$AZ97 -> 0
C98: =Szamadas!$C$162 -> Fogyóanyagok, más anyagok | D98: =Szamadas!$E$162 -> 201.09 | E98: Alte materiale | Y98: =Y99-1 -> -1 | Z98: =IF(Y98>0,VLOOKUP(Y98,Szamadas!$P$105:$Q$151,2,FALSE),0) -> 0 | AA98: =$Z98 -> 0 | AB98: =$Z98 -> 0 | AC98: =$Z98 -> 0 | AD98: =$Z98 -> 0 | AE98: =$Z98 -> 0 | AF98: =$Z98 -> 0 | AG98: =$Z98 -> 0 | AH98: =$Z98 -> 0 | ... AT98: =$Z98 -> 0 | AY98: =AY99-1 -> -1 | AZ98: =IF(AY98>0,VLOOKUP(AY98,Szamadas!$P$154:$Q$211,2,FALSE),0) -> 0 | BA98: =$AZ98 -> 0 | BB98: =$AZ98 -> 0 | BC98: =$AZ98 -> 0 | BD98: =$AZ98 -> 0 | BE98: =$AZ98 -> 0 | BF98: =$AZ98 -> 0 | BG98: =$AZ98 -> 0 | BH98: =$AZ98 -> 0 | ... BT98: =$AZ98 -> 0
C99: =Szamadas!$C$163 -> Szolgáltatások költségei | D99: =Szamadas!$E$163 -> 201.1 | E99: Prestări şi servicii | Y99: =Y100-1 -> 0 | Z99: =IF(Y99>0,VLOOKUP(Y99,Szamadas!$P$105:$Q$151,2,FALSE),0) -> 0 | AA99: =$Z99 -> 0 | AB99: =$Z99 -> 0 | AC99: =$Z99 -> 0 | AD99: =$Z99 -> 0 | AE99: =$Z99 -> 0 | AF99: =$Z99 -> 0 | AG99: =$Z99 -> 0 | AH99: =$Z99 -> 0 | ... AT99: =$Z99 -> 0 | AY99: =AY100-1 -> 0 | AZ99: =IF(AY99>0,VLOOKUP(AY99,Szamadas!$P$154:$Q$211,2,FALSE),0) -> 0 | BA99: =$AZ99 -> 0 | BB99: =$AZ99 -> 0 | BC99: =$AZ99 -> 0 | BD99: =$AZ99 -> 0 | BE99: =$AZ99 -> 0 | BF99: =$AZ99 -> 0 | BG99: =$AZ99 -> 0 | BH99: =$AZ99 -> 0 | ... BT99: =$AZ99 -> 0
C100: =Szamadas!$C$164 -> Protokoll | D100: =Szamadas!$E$164 -> 201.11 | E100: Protocol | W100: =IF(OR(Koltsegvetes!B78=0,Koltsegvetes!B78=""),0,1) -> 0 | X100: A költségvetési tételek az egyházmegye neve beírása után válnak elérhetővé. Az egyházmegye nevét a Költségvetés lapra kell beírni. | Y100: =IF(W100=1,Szamadas!P151,1) -> 1 | Z100: =IF(AND(Y100>0,W100<>0),VLOOKUP(Y100,Szamadas!$P$105:$Q$151,2,FALSE),X100) -> A költségvetési tételek az egyházmegye neve beírása után válnak elérhetővé. Az egyházmegye nevét a Költségvetés lapra kell beírni. | AA100: =$Z100 -> A költségvetési tételek az egyházmegye neve beírása után válnak elérhetővé. Az egyházmegye nevét a Költségvetés lapra kell beírni. | AB100: =$Z100 -> A költségvetési tételek az egyházmegye neve beírása után válnak elérhetővé. Az egyházmegye nevét a Költségvetés lapra kell beírni. | AC100: =$Z100 -> A költségvetési tételek az egyházmegye neve beírása után válnak elérhetővé. Az egyházmegye nevét a Költségvetés lapra kell beírni. | AD100: =$Z100 -> A költségvetési tételek az egyházmegye neve beírása után válnak elérhetővé. Az egyházmegye nevét a Költségvetés lapra kell beírni. | AE100: =$Z100 -> A költségvetési tételek az egyházmegye neve beírása után válnak elérhetővé. Az egyházmegye nevét a Költségvetés lapra kell beírni. | AF100: =$Z100 -> A költségvetési tételek az egyházmegye neve beírása után válnak elérhetővé. Az egyházmegye nevét a Költségvetés lapra kell beírni. | AG100: =$Z100 -> A költségvetési tételek az egyházmegye neve beírása után válnak elérhetővé. Az egyházmegye nevét a Költségvetés lapra kell beírni. | AH100: =$Z100 -> A költségvetési tételek az egyházmegye neve beírása után válnak elérhetővé. Az egyházmegye nevét a Költségvetés lapra kell beírni. | ... AT100: =$Z100 -> A költségvetési tételek az egyházmegye neve beírása után válnak elérhetővé. Az egyházmegye nevét a Költségvetés lapra kell beírni. | AY100: =IF(W100=1,Szamadas!P211,1) -> 1 | AZ100: =IF(AND(AY100>0,W100<>0),VLOOKUP(AY100,Szamadas!$P$154:$Q$211,2,FALSE),X100) -> A költségvetési tételek az egyházmegye neve beírása után válnak elérhetővé. Az egyházmegye nevét a Költségvetés lapra kell beírni. | BA100: =$AZ100 -> A költségvetési tételek az egyházmegye neve beírása után válnak elérhetővé. Az egyházmegye nevét a Költségvetés lapra kell beírni. | BB100: =$AZ100 -> A költségvetési tételek az egyházmegye neve beírása után válnak elérhetővé. Az egyházmegye nevét a Költségvetés lapra kell beírni. | BC100: =$AZ100 -> A költségvetési tételek az egyházmegye neve beírása után válnak elérhetővé. Az egyházmegye nevét a Költségvetés lapra kell beírni. | BD100: =$AZ100 -> A költségvetési tételek az egyházmegye neve beírása után válnak elérhetővé. Az egyházmegye nevét a Költségvetés lapra kell beírni. | BE100: =$AZ100 -> A költségvetési tételek az egyházmegye neve beírása után válnak elérhetővé. Az egyházmegye nevét a Költségvetés lapra kell beírni. | BF100: =$AZ100 -> A költségvetési tételek az egyházmegye neve beírása után válnak elérhetővé. Az egyházmegye nevét a Költségvetés lapra kell beírni. | BG100: =$AZ100 -> A költségvetési tételek az egyházmegye neve beírása után válnak elérhetővé. Az egyházmegye nevét a Költségvetés lapra kell beírni. | BH100: =$AZ100 -> A költségvetési tételek az egyházmegye neve beírása után válnak elérhetővé. Az egyházmegye nevét a Költségvetés lapra kell beírni. | ... BT100: =$AZ100 -> A költségvetési tételek az egyházmegye neve beírása után válnak elérhetővé. Az egyházmegye nevét a Költségvetés lapra kell beírni.
C101: =Szamadas!$C$165 -> Kis értékű leltári tárgyak beszerzése | D101: =Szamadas!$E$165 -> 201.12 | E101: Obiecte de inventar (de mică valoare, scurtă durată) | Z101: Készpénzfelvétel a(z) A számláról | AA101: Készpénzletétel a kasszából - A | AB101: Készpénzletétel a kasszából - B | AC101: Készpénzletétel a kasszából - C | AD101: Készpénzletétel a kasszából - D | AE101: Készpénzletétel a kasszából - E | AF101: Készpénzletétel a kasszából - F | AG101: Készpénzletétel a kasszából - G | AH101: Készpénzletétel a kasszából - H | AI101: Készpénzletétel a kasszából - I | AJ101: Készpénzletétel a kasszából - J | AK101: Készpénzletétel a kasszából - K | AL101: Készpénzletétel a kasszából - L | AM101: Készpénzletétel a kasszából - M | AN101: Készpénzletétel a kasszából - N | AO101: Készpénzletétel a kasszából - O | AP101: Készpénzletétel a kasszából - P | AQ101: Készpénzletétel a kasszából - Q | AR101: Készpénzletétel a kasszából - R | AS101: Készpénzletétel a kasszából - S | AT101: Készpénzletétel a kasszából - T | AZ101: Készpénzletétel a(z) A számlára | BA101: Készpénzfelvétel a kasszába - A | BB101: Készpénzfelvétel a kasszába - B | BC101: Készpénzfelvétel a kasszába - C | BD101: Készpénzfelvétel a kasszába - D | BE101: Készpénzfelvétel a kasszába - E | BF101: Készpénzfelvétel a kasszába - F | BG101: Készpénzfelvétel a kasszába - G | BH101: Készpénzfelvétel a kasszába - H | BI101: Készpénzfelvétel a kasszába - I | BJ101: Készpénzfelvétel a kasszába - J | BK101: Készpénzfelvétel a kasszába - K | BL101: Készpénzfelvétel a kasszába - L | BM101: Készpénzfelvétel a kasszába - M | BN101: Készpénzfelvétel a kasszába - N | BO101: Készpénzfelvétel a kasszába - O | BP101: Készpénzfelvétel a kasszába - P | BQ101: Készpénzfelvétel a kasszába - Q | BR101: Készpénzfelvétel a kasszába - S | BS101: Készpénzfelvétel a kasszába - T | BT101: Készpénzfelvétel a kasszába - U
C102: =Szamadas!$C$166 -> Karbantartási kiadások | D102: =Szamadas!$E$166 -> 201.13 | E102: Reparaţii curente | Z102: Készpénzfelvétel a(z) B számláról | AA102: Átutalva a(z) B számláról - A | AB102: Átutalva a(z) A számláról - B | AC102: Átutalva a(z) A számláról - C | AD102: Átutalva a(z) A számláról - D | AE102: Átutalva a(z) A számláról - E | AF102: Átutalva a(z) A számláról - F | AG102: Átutalva a(z) A számláról - G | AH102: Átutalva a(z) A számláról - H | AI102: Átutalva a(z) A számláról - I | AJ102: Átutalva a(z) A számláról - J | AK102: Átutalva a(z) A számláról - K | AL102: Átutalva a(z) A számláról - L | AM102: Átutalva a(z) A számláról - M | AN102: Átutalva a(z) A számláról - N | AO102: Átutalva a(z) A számláról - O | AP102: Átutalva a(z) A számláról - P | AQ102: Átutalva a(z) A számláról - Q | AR102: Átutalva a(z) A számláról - R | AS102: Átutalva a(z) A számláról - S | AT102: Átutalva a(z) A számláról - T | AZ102: Készpénzletétel a(z) B számlára | BA102: Átutalva a(z) B számlára - A | BB102: Átutalva a(z) A számlára - B | BC102: Átutalva a(z) A számlára - C | BD102: Átutalva a(z) A számlára - D | BE102: Átutalva a(z) A számlára - E | BF102: Átutalva a(z) A számlára - F | BG102: Átutalva a(z) A számlára - G | BH102: Átutalva a(z) A számlára - H | BI102: Átutalva a(z) A számlára - I | BJ102: Átutalva a(z) A számlára - J | BK102: Átutalva a(z) A számlára - K | BL102: Átutalva a(z) A számlára - L | BM102: Átutalva a(z) A számlára - M | BN102: Átutalva a(z) A számlára - N | BO102: Átutalva a(z) A számlára - O | BP102: Átutalva a(z) A számlára - P | BQ102: Átutalva a(z) A számlára - Q | BR102: Átutalva a(z) A számlára - R | BS102: Átutalva a(z) A számlára - S | BT102: Átutalva a(z) A számlára - T
C103: =Szamadas!$C$167 -> Más javadalmak | D103: =Szamadas!$E$167 -> 201.14 | E103: Alte drepturi de retribuţie | Z103: Készpénzfelvétel a(z) C számláról | AA103: Átutalva a(z) C számláról - A | AB103: Átutalva a(z) C számláról - B | AC103: Átutalva a(z) B számláról - C | AD103: Átutalva a(z) B számláról - D | AE103: Átutalva a(z) B számláról - E | AF103: Átutalva a(z) B számláról - F | AG103: Átutalva a(z) B számláról - G | AH103: Átutalva a(z) B számláról - H | AI103: Átutalva a(z) B számláról - I | AJ103: Átutalva a(z) B számláról - J | AK103: Átutalva a(z) B számláról - K | AL103: Átutalva a(z) B számláról - L | AM103: Átutalva a(z) B számláról - M | AN103: Átutalva a(z) B számláról - N | AO103: Átutalva a(z) B számláról - O | AP103: Átutalva a(z) B számláról - P | AQ103: Átutalva a(z) B számláról - Q | AR103: Átutalva a(z) B számláról - R | AS103: Átutalva a(z) B számláról - S | AT103: Átutalva a(z) B számláról - T | AY103: 3 | AZ103: Készpénzletétel a(z) C számlára | BA103: Átutalva a(z) C számlára - A | BB103: Átutalva a(z) C számlára - B | BC103: Átutalva a(z) B számlára - C | BD103: Átutalva a(z) B számlára - D | BE103: Átutalva a(z) B számlára - E | BF103: Átutalva a(z) B számlára - F | BG103: Átutalva a(z) B számlára - G | BH103: Átutalva a(z) B számlára - H | BI103: Átutalva a(z) B számlára - I | BJ103: Átutalva a(z) B számlára - J | BK103: Átutalva a(z) B számlára - K | BL103: Átutalva a(z) B számlára - L | BM103: Átutalva a(z) B számlára - M | BN103: Átutalva a(z) B számlára - N | BO103: Átutalva a(z) B számlára - O | BP103: Átutalva a(z) B számlára - P | BQ103: Átutalva a(z) B számlára - Q | BR103: Átutalva a(z) B számlára - R | BS103: Átutalva a(z) B számlára - S | BT103: Átutalva a(z) B számlára - T
C104: =Szamadas!$C$168 -> Nettó fizetések | D104: =Szamadas!$E$168 -> 201.15 | E104: Salarii nete | Z104: Készpénzfelvétel a(z) D számláról | AA104: Átutalva a(z) D számláról - A | AB104: Átutalva a(z) D számláról - B | AC104: Átutalva a(z) D számláról - C | AD104: Átutalva a(z) C számláról - D | AE104: Átutalva a(z) C számláról - E | AF104: Átutalva a(z) C számláról - F | AG104: Átutalva a(z) C számláról - G | AH104: Átutalva a(z) C számláról - H | AI104: Átutalva a(z) C számláról - I | AJ104: Átutalva a(z) C számláról - J | AK104: Átutalva a(z) C számláról - K | AL104: Átutalva a(z) C számláról - L | AM104: Átutalva a(z) C számláról - M | AN104: Átutalva a(z) C számláról - N | AO104: Átutalva a(z) C számláról - O | AP104: Átutalva a(z) C számláról - P | AQ104: Átutalva a(z) C számláról - Q | AR104: Átutalva a(z) C számláról - R | AS104: Átutalva a(z) C számláról - S | AT104: Átutalva a(z) C számláról - T | AY104: 4 | AZ104: Készpénzletétel a(z) D számlára | BA104: Átutalva a(z) D számlára - A | BB104: Átutalva a(z) D számlára - B | BC104: Átutalva a(z) D számlára - C | BD104: Átutalva a(z) C számlára - D | BE104: Átutalva a(z) C számlára - E | BF104: Átutalva a(z) C számlára - F | BG104: Átutalva a(z) C számlára - G | BH104: Átutalva a(z) C számlára - H | BI104: Átutalva a(z) C számlára - I | BJ104: Átutalva a(z) C számlára - J | BK104: Átutalva a(z) C számlára - K | BL104: Átutalva a(z) C számlára - L | BM104: Átutalva a(z) C számlára - M | BN104: Átutalva a(z) C számlára - N | BO104: Átutalva a(z) C számlára - O | BP104: Átutalva a(z) C számlára - P | BQ104: Átutalva a(z) C számlára - Q | BR104: Átutalva a(z) C számlára - R | BS104: Átutalva a(z) C számlára - S | BT104: Átutalva a(z) C számlára - T
C105: =Szamadas!$C$169 -> Javadalmak utáni adó | D105: =Szamadas!$E$169 -> 201.16 | E105: Impozit asupra drepturilor de retribuire | Z105: Készpénzfelvétel a(z) E számláról | AA105: Átutalva a(z) E számláról - A | AB105: Átutalva a(z) E számláról - B | AC105: Átutalva a(z) E számláról - C | AD105: Átutalva a(z) E számláról - D | AE105: Átutalva a(z) D számláról - E | AF105: Átutalva a(z) D számláról - F | AG105: Átutalva a(z) D számláról - G | AH105: Átutalva a(z) D számláról - H | AI105: Átutalva a(z) D számláról - I | AJ105: Átutalva a(z) D számláról - J | AK105: Átutalva a(z) D számláról - K | AL105: Átutalva a(z) D számláról - L | AM105: Átutalva a(z) D számláról - M | AN105: Átutalva a(z) D számláról - N | AO105: Átutalva a(z) D számláról - O | AP105: Átutalva a(z) D számláról - P | AQ105: Átutalva a(z) D számláról - Q | AR105: Átutalva a(z) D számláról - R | AS105: Átutalva a(z) D számláról - S | AT105: Átutalva a(z) D számláról - T | AY105: 5 | AZ105: Készpénzletétel a(z) E számlára | BA105: Átutalva a(z) E számlára - A | BB105: Átutalva a(z) E számlára - B | BC105: Átutalva a(z) E számlára - C | BD105: Átutalva a(z) E számlára - D | BE105: Átutalva a(z) D számlára - E | BF105: Átutalva a(z) D számlára - F | BG105: Átutalva a(z) D számlára - G | BH105: Átutalva a(z) D számlára - H | BI105: Átutalva a(z) D számlára - I | BJ105: Átutalva a(z) D számlára - J | BK105: Átutalva a(z) D számlára - K | BL105: Átutalva a(z) D számlára - L | BM105: Átutalva a(z) D számlára - M | BN105: Átutalva a(z) D számlára - N | BO105: Átutalva a(z) D számlára - O | BP105: Átutalva a(z) D számlára - P | BQ105: Átutalva a(z) D számlára - Q | BR105: Átutalva a(z) D számlára - R | BS105: Átutalva a(z) D számlára - S | BT105: Átutalva a(z) D számlára - T
C106: =Szamadas!$C$170 -> Társadalombiztosítás | D106: =Szamadas!$E$170 -> 201.17 | E106: Contribuţii pt. asigurări sociale | Z106: Készpénzfelvétel a(z) F számláról | AA106: Átutalva a(z) F számláról - A | AB106: Átutalva a(z) F számláról - B | AC106: Átutalva a(z) F számláról - C | AD106: Átutalva a(z) F számláról - D | AE106: Átutalva a(z) F számláról - E | AF106: Átutalva a(z) E számláról - F | AG106: Átutalva a(z) E számláról - G | AH106: Átutalva a(z) E számláról - H | AI106: Átutalva a(z) E számláról - I | AJ106: Átutalva a(z) E számláról - J | AK106: Átutalva a(z) E számláról - K | AL106: Átutalva a(z) E számláról - L | AM106: Átutalva a(z) E számláról - M | AN106: Átutalva a(z) E számláról - N | AO106: Átutalva a(z) E számláról - O | AP106: Átutalva a(z) E számláról - P | AQ106: Átutalva a(z) E számláról - Q | AR106: Átutalva a(z) E számláról - R | AS106: Átutalva a(z) E számláról - S | AT106: Átutalva a(z) E számláról - T | AY106: 6 | AZ106: Készpénzletétel a(z) F számlára | BA106: Átutalva a(z) F számlára - A | BB106: Átutalva a(z) F számlára - B | BC106: Átutalva a(z) F számlára - C | BD106: Átutalva a(z) F számlára - D | BE106: Átutalva a(z) F számlára - E | BF106: Átutalva a(z) E számlára - F | BG106: Átutalva a(z) E számlára - G | BH106: Átutalva a(z) E számlára - H | BI106: Átutalva a(z) E számlára - I | BJ106: Átutalva a(z) E számlára - J | BK106: Átutalva a(z) E számlára - K | BL106: Átutalva a(z) E számlára - L | BM106: Átutalva a(z) E számlára - M | BN106: Átutalva a(z) E számlára - N | BO106: Átutalva a(z) E számlára - O | BP106: Átutalva a(z) E számlára - P | BQ106: Átutalva a(z) E számlára - Q | BR106: Átutalva a(z) E számlára - R | BS106: Átutalva a(z) E számlára - S | BT106: Átutalva a(z) E számlára - T
C107: =Szamadas!$C$171 -> Egészségügyi biztosítás | D107: =Szamadas!$E$171 -> 201.18 | E107: C.A.S.S. | Z107: Készpénzfelvétel a(z) G számláról | AA107: Átutalva a(z) G számláról - A | AB107: Átutalva a(z) G számláról - B | AC107: Átutalva a(z) G számláról - C | AD107: Átutalva a(z) G számláról - D | AE107: Átutalva a(z) G számláról - E | AF107: Átutalva a(z) G számláról - F | AG107: Átutalva a(z) F számláról - G | AH107: Átutalva a(z) F számláról - H | AI107: Átutalva a(z) F számláról - I | AJ107: Átutalva a(z) F számláról - J | AK107: Átutalva a(z) F számláról - K | AL107: Átutalva a(z) F számláról - L | AM107: Átutalva a(z) F számláról - M | AN107: Átutalva a(z) F számláról - N | AO107: Átutalva a(z) F számláról - O | AP107: Átutalva a(z) F számláról - P | AQ107: Átutalva a(z) F számláról - Q | AR107: Átutalva a(z) F számláról - R | AS107: Átutalva a(z) F számláról - S | AT107: Átutalva a(z) F számláról - T | AY107: 7 | AZ107: Készpénzletétel a(z) G számlára | BA107: Átutalva a(z) G számlára - A | BB107: Átutalva a(z) G számlára - B | BC107: Átutalva a(z) G számlára - C | BD107: Átutalva a(z) G számlára - D | BE107: Átutalva a(z) G számlára - E | BF107: Átutalva a(z) G számlára - F | BG107: Átutalva a(z) F számlára - G | BH107: Átutalva a(z) F számlára - H | BI107: Átutalva a(z) F számlára - I | BJ107: Átutalva a(z) F számlára - J | BK107: Átutalva a(z) F számlára - K | BL107: Átutalva a(z) F számlára - L | BM107: Átutalva a(z) F számlára - M | BN107: Átutalva a(z) F számlára - N | BO107: Átutalva a(z) F számlára - O | BP107: Átutalva a(z) F számlára - P | BQ107: Átutalva a(z) F számlára - Q | BR107: Átutalva a(z) F számlára - R | BS107: Átutalva a(z) F számlára - S | BT107: Átutalva a(z) F számlára - T
C108: =Szamadas!$C$172 -> Munkabiztosítási hozzájárulás - 2,25% | D108: =Szamadas!$E$172 -> 201.19 | E108: Contribuția asiguratorie pt. muncă - 2,25% | Z108: Készpénzfelvétel a(z) H számláról | AA108: Átutalva a(z) H számláról - A | AB108: Átutalva a(z) H számláról - B | AC108: Átutalva a(z) H számláról - C | AD108: Átutalva a(z) H számláról - D | AE108: Átutalva a(z) H számláról - E | AF108: Átutalva a(z) H számláról - F | AG108: Átutalva a(z) H számláról - G | AH108: Átutalva a(z) G számláról - H | AI108: Átutalva a(z) G számláról - I | AJ108: Átutalva a(z) G számláról - J | AK108: Átutalva a(z) G számláról - K | AL108: Átutalva a(z) G számláról - L | AM108: Átutalva a(z) G számláról - M | AN108: Átutalva a(z) G számláról - N | AO108: Átutalva a(z) G számláról - O | AP108: Átutalva a(z) G számláról - P | AQ108: Átutalva a(z) G számláról - Q | AR108: Átutalva a(z) G számláról - R | AS108: Átutalva a(z) G számláról - S | AT108: Átutalva a(z) G számláról - T | AY108: 8 | AZ108: Készpénzletétel a(z) H számlára | BA108: Átutalva a(z) H számlára - A | BB108: Átutalva a(z) H számlára - B | BC108: Átutalva a(z) H számlára - C | BD108: Átutalva a(z) H számlára - D | BE108: Átutalva a(z) H számlára - E | BF108: Átutalva a(z) H számlára - F | BG108: Átutalva a(z) H számlára - G | BH108: Átutalva a(z) G számlára - H | BI108: Átutalva a(z) G számlára - I | BJ108: Átutalva a(z) G számlára - J | BK108: Átutalva a(z) G számlára - K | BL108: Átutalva a(z) G számlára - L | BM108: Átutalva a(z) G számlára - M | BN108: Átutalva a(z) G számlára - N | BO108: Átutalva a(z) G számlára - O | BP108: Átutalva a(z) G számlára - P | BQ108: Átutalva a(z) G számlára - Q | BR108: Átutalva a(z) G számlára - R | BS108: Átutalva a(z) G számlára - S | BT108: Átutalva a(z) G számlára - T
C109: =Szamadas!$C$174 -> Gyerek és ifjúsági tevékenységek kiadásai | D109: =Szamadas!$E$174 -> 202.01 | E109: Cheltuieli cu scop misionar - tineret | Z109: Készpénzfelvétel a(z) I számláról | AA109: Átutalva a(z) I számláról - A | AB109: Átutalva a(z) I számláról - B | AC109: Átutalva a(z) I számláról - C | AD109: Átutalva a(z) I számláról - D | AE109: Átutalva a(z) I számláról - E | AF109: Átutalva a(z) I számláról - F | AG109: Átutalva a(z) I számláról - G | AH109: Átutalva a(z) I számláról - H | AI109: Átutalva a(z) H számláról - I | AJ109: Átutalva a(z) H számláról - J | AK109: Átutalva a(z) H számláról - K | AL109: Átutalva a(z) H számláról - L | AM109: Átutalva a(z) H számláról - M | AN109: Átutalva a(z) H számláról - N | AO109: Átutalva a(z) H számláról - O | AP109: Átutalva a(z) H számláról - P | AQ109: Átutalva a(z) H számláról - Q | AR109: Átutalva a(z) H számláról - R | AS109: Átutalva a(z) H számláról - S | AT109: Átutalva a(z) H számláról - T | AY109: 9 | AZ109: Készpénzletétel a(z) I számlára | BA109: Átutalva a(z) I számlára - A | BB109: Átutalva a(z) I számlára - B | BC109: Átutalva a(z) I számlára - C | BD109: Átutalva a(z) I számlára - D | BE109: Átutalva a(z) I számlára - E | BF109: Átutalva a(z) I számlára - F | BG109: Átutalva a(z) I számlára - G | BH109: Átutalva a(z) I számlára - H | BI109: Átutalva a(z) H számlára - I | BJ109: Átutalva a(z) H számlára - J | BK109: Átutalva a(z) H számlára - K | BL109: Átutalva a(z) H számlára - L | BM109: Átutalva a(z) H számlára - M | BN109: Átutalva a(z) H számlára - N | BO109: Átutalva a(z) H számlára - O | BP109: Átutalva a(z) H számlára - P | BQ109: Átutalva a(z) H számlára - Q | BR109: Átutalva a(z) H számlára - R | BS109: Átutalva a(z) H számlára - S | BT109: Átutalva a(z) H számlára - T
C110: =Szamadas!$C$175 -> Nőszövetségi tevékenységek kiadásai | D110: =Szamadas!$E$175 -> 202.02 | E110: Cheltuieli cu scop misionar - asoc. femeilor crestine | Z110: Készpénzfelvétel a(z) J számláról | AA110: Átutalva a(z) J számláról - A | AB110: Átutalva a(z) J számláról - B | AC110: Átutalva a(z) J számláról - C | AD110: Átutalva a(z) J számláról - D | AE110: Átutalva a(z) J számláról - E | AF110: Átutalva a(z) J számláról - F | AG110: Átutalva a(z) J számláról - G | AH110: Átutalva a(z) J számláról - H | AI110: Átutalva a(z) J számláról - I | AJ110: Átutalva a(z) I számláról - J | AK110: Átutalva a(z) I számláról - K | AL110: Átutalva a(z) I számláról - L | AM110: Átutalva a(z) I számláról - M | AN110: Átutalva a(z) I számláról - N | AO110: Átutalva a(z) I számláról - O | AP110: Átutalva a(z) I számláról - P | AQ110: Átutalva a(z) I számláról - Q | AR110: Átutalva a(z) I számláról - R | AS110: Átutalva a(z) I számláról - S | AT110: Átutalva a(z) I számláról - T | AY110: 10 | AZ110: Készpénzletétel a(z) J számlára | BA110: Átutalva a(z) J számlára - A | BB110: Átutalva a(z) J számlára - B | BC110: Átutalva a(z) J számlára - C | BD110: Átutalva a(z) J számlára - D | BE110: Átutalva a(z) J számlára - E | BF110: Átutalva a(z) J számlára - F | BG110: Átutalva a(z) J számlára - G | BH110: Átutalva a(z) J számlára - H | BI110: Átutalva a(z) J számlára - I | BJ110: Átutalva a(z) I számlára - J | BK110: Átutalva a(z) I számlára - K | BL110: Átutalva a(z) I számlára - L | BM110: Átutalva a(z) I számlára - M | BN110: Átutalva a(z) I számlára - N | BO110: Átutalva a(z) I számlára - O | BP110: Átutalva a(z) I számlára - P | BQ110: Átutalva a(z) I számlára - Q | BR110: Átutalva a(z) I számlára - R | BS110: Átutalva a(z) I számlára - S | BT110: Átutalva a(z) I számlára - T
C111: =Szamadas!$C$176 -> Presbiterszövetségi tevékenységek kiadásai | D111: =Szamadas!$E$176 -> 202.03 | E111: Cheltuieli cu scop misionar - asoc. Presbiterilor | Z111: Készpénzfelvétel a(z) K számláról | AA111: Átutalva a(z) K számláról - A | AB111: Átutalva a(z) K számláról - B | AC111: Átutalva a(z) K számláról - C | AD111: Átutalva a(z) K számláról - D | AE111: Átutalva a(z) K számláról - E | AF111: Átutalva a(z) K számláról - F | AG111: Átutalva a(z) K számláról - G | AH111: Átutalva a(z) K számláról - H | AI111: Átutalva a(z) K számláról - I | AJ111: Átutalva a(z) K számláról - J | AK111: Átutalva a(z) J számláról - K | AL111: Átutalva a(z) J számláról - L | AM111: Átutalva a(z) J számláról - M | AN111: Átutalva a(z) J számláról - N | AO111: Átutalva a(z) J számláról - O | AP111: Átutalva a(z) J számláról - P | AQ111: Átutalva a(z) J számláról - Q | AR111: Átutalva a(z) J számláról - R | AS111: Átutalva a(z) J számláról - S | AT111: Átutalva a(z) J számláról - T | AY111: 11 | AZ111: Készpénzletétel a(z) K számlára | BA111: Átutalva a(z) K számlára - A | BB111: Átutalva a(z) K számlára - B | BC111: Átutalva a(z) K számlára - C | BD111: Átutalva a(z) K számlára - D | BE111: Átutalva a(z) K számlára - E | BF111: Átutalva a(z) K számlára - F | BG111: Átutalva a(z) K számlára - G | BH111: Átutalva a(z) K számlára - H | BI111: Átutalva a(z) K számlára - I | BJ111: Átutalva a(z) K számlára - J | BK111: Átutalva a(z) J számlára - K | BL111: Átutalva a(z) J számlára - L | BM111: Átutalva a(z) J számlára - M | BN111: Átutalva a(z) J számlára - N | BO111: Átutalva a(z) J számlára - O | BP111: Átutalva a(z) J számlára - P | BQ111: Átutalva a(z) J számlára - Q | BR111: Átutalva a(z) J számlára - R | BS111: Átutalva a(z) J számlára - S | BT111: Átutalva a(z) J számlára - T
C112: =Szamadas!$C$177 -> Egyházközségek, vagy más egyházi intézmények támogatása | D112: =Szamadas!$E$177 -> 202.04 | E112: Plăti pt. alte parohii | Z112: Készpénzfelvétel a(z) L számláról | AA112: Átutalva a(z) L számláról - A | AB112: Átutalva a(z) L számláról - B | AC112: Átutalva a(z) L számláról - C | AD112: Átutalva a(z) L számláról - D | AE112: Átutalva a(z) L számláról - E | AF112: Átutalva a(z) L számláról - F | AG112: Átutalva a(z) L számláról - G | AH112: Átutalva a(z) L számláról - H | AI112: Átutalva a(z) L számláról - I | AJ112: Átutalva a(z) L számláról - J | AK112: Átutalva a(z) L számláról - K | AL112: Átutalva a(z) K számláról - L | AM112: Átutalva a(z) K számláról - M | AN112: Átutalva a(z) K számláról - N | AO112: Átutalva a(z) K számláról - O | AP112: Átutalva a(z) K számláról - P | AQ112: Átutalva a(z) K számláról - Q | AR112: Átutalva a(z) K számláról - R | AS112: Átutalva a(z) K számláról - S | AT112: Átutalva a(z) K számláról - T | AY112: 12 | AZ112: Készpénzletétel a(z) L számlára | BA112: Átutalva a(z) L számlára - A | BB112: Átutalva a(z) L számlára - B | BC112: Átutalva a(z) L számlára - C | BD112: Átutalva a(z) L számlára - D | BE112: Átutalva a(z) L számlára - E | BF112: Átutalva a(z) L számlára - F | BG112: Átutalva a(z) L számlára - G | BH112: Átutalva a(z) L számlára - H | BI112: Átutalva a(z) L számlára - I | BJ112: Átutalva a(z) L számlára - J | BK112: Átutalva a(z) L számlára - K | BL112: Átutalva a(z) K számlára - L | BM112: Átutalva a(z) K számlára - M | BN112: Átutalva a(z) K számlára - N | BO112: Átutalva a(z) K számlára - O | BP112: Átutalva a(z) K számlára - P | BQ112: Átutalva a(z) K számlára - Q | BR112: Átutalva a(z) K számlára - R | BS112: Átutalva a(z) K számlára - S | BT112: Átutalva a(z) K számlára - T
C113: =Szamadas!$C$178 -> Kiadások diakóniai célokra | D113: =Szamadas!$E$178 -> 202.05 | E113: Cheltuieli pt. scopuri diaconice | Z113: Készpénzfelvétel a(z) M számláról | AA113: Átutalva a(z) M számláról - A | AB113: Átutalva a(z) M számláról - B | AC113: Átutalva a(z) M számláról - C | AD113: Átutalva a(z) M számláról - D | AE113: Átutalva a(z) M számláról - E | AF113: Átutalva a(z) M számláról - F | AG113: Átutalva a(z) M számláról - G | AH113: Átutalva a(z) M számláról - H | AI113: Átutalva a(z) M számláról - I | AJ113: Átutalva a(z) M számláról - J | AK113: Átutalva a(z) M számláról - K | AL113: Átutalva a(z) M számláról - L | AM113: Átutalva a(z) L számláról - M | AN113: Átutalva a(z) L számláról - N | AO113: Átutalva a(z) L számláról - O | AP113: Átutalva a(z) L számláról - P | AQ113: Átutalva a(z) L számláról - Q | AR113: Átutalva a(z) L számláról - R | AS113: Átutalva a(z) L számláról - S | AT113: Átutalva a(z) L számláról - T | AY113: 13 | AZ113: Készpénzletétel a(z) M számlára | BA113: Átutalva a(z) M számlára - A | BB113: Átutalva a(z) M számlára - B | BC113: Átutalva a(z) M számlára - C | BD113: Átutalva a(z) M számlára - D | BE113: Átutalva a(z) M számlára - E | BF113: Átutalva a(z) M számlára - F | BG113: Átutalva a(z) M számlára - G | BH113: Átutalva a(z) M számlára - H | BI113: Átutalva a(z) M számlára - I | BJ113: Átutalva a(z) M számlára - J | BK113: Átutalva a(z) M számlára - K | BL113: Átutalva a(z) M számlára - L | BM113: Átutalva a(z) L számlára - M | BN113: Átutalva a(z) L számlára - N | BO113: Átutalva a(z) L számlára - O | BP113: Átutalva a(z) L számlára - P | BQ113: Átutalva a(z) L számlára - Q | BR113: Átutalva a(z) L számlára - R | BS113: Átutalva a(z) L számlára - S | BT113: Átutalva a(z) L számlára - T
C114: =Szamadas!$C$179 -> Missziós célú kiadások | D114: =Szamadas!$E$179 -> 202.06 | E114: Cheltuieli pt. scopuri misionare | Z114: Készpénzfelvétel a(z) N számláról | AA114: Átutalva a(z) N számláról - A | AB114: Átutalva a(z) N számláról - B | AC114: Átutalva a(z) N számláról - C | AD114: Átutalva a(z) N számláról - D | AE114: Átutalva a(z) N számláról - E | AF114: Átutalva a(z) N számláról - F | AG114: Átutalva a(z) N számláról - G | AH114: Átutalva a(z) N számláról - H | AI114: Átutalva a(z) N számláról - I | AJ114: Átutalva a(z) N számláról - J | AK114: Átutalva a(z) N számláról - K | AL114: Átutalva a(z) N számláról - L | AM114: Átutalva a(z) N számláról - M | AN114: Átutalva a(z) M számláról - N | AO114: Átutalva a(z) M számláról - O | AP114: Átutalva a(z) M számláról - P | AQ114: Átutalva a(z) M számláról - Q | AR114: Átutalva a(z) M számláról - R | AS114: Átutalva a(z) M számláról - S | AT114: Átutalva a(z) M számláról - T | AY114: 14 | AZ114: Készpénzletétel a(z) N számlára | BA114: Átutalva a(z) N számlára - A | BB114: Átutalva a(z) N számlára - B | BC114: Átutalva a(z) N számlára - C | BD114: Átutalva a(z) N számlára - D | BE114: Átutalva a(z) N számlára - E | BF114: Átutalva a(z) N számlára - F | BG114: Átutalva a(z) N számlára - G | BH114: Átutalva a(z) N számlára - H | BI114: Átutalva a(z) N számlára - I | BJ114: Átutalva a(z) N számlára - J | BK114: Átutalva a(z) N számlára - K | BL114: Átutalva a(z) N számlára - L | BM114: Átutalva a(z) N számlára - M | BN114: Átutalva a(z) M számlára - N | BO114: Átutalva a(z) M számlára - O | BP114: Átutalva a(z) M számlára - P | BQ114: Átutalva a(z) M számlára - Q | BR114: Átutalva a(z) M számlára - R | BS114: Átutalva a(z) M számlára - S | BT114: Átutalva a(z) M számlára - T
...

Sheet Szamadas
B81: A számadást a | C81: Gyűlés dátuma | D81: Határozat száma | G81: Egyházközségi iktatószám
B82: presbitérium jóváhagyta: | N82: =IF(C82<>0,C82,"_______________") -> _______________
B83: Az egyházmegye és az egyházközség nevét a költségvetés lapon lehet kitölteni. | N83: =IF(D82<>0,D82,"_______________") -> _______________
B84: =IF(ROUND(G213,2)<>ROUND(SUM(G214:G215),2),"HIBA!! Figyelmeztetés a Hibák munkalapon.","") | N84: =IF(G82<>0,G82,"_______________") -> _______________
