Workbook
Name ab: [1]A!$C$6:$M$1000
Name bb: [1]B!$C$6:$M$500
Name bev: [1]Hibak!$Z$61:$Z$120
Name beva: [1]Hibak!$AA$61:$AA$120
Name bevb: [1]Hibak!$AB$61:$AB$120
Name bevc: [1]Hibak!$AC$61:$AC$120
Name bevd: [1]Hibak!$AD$61:$AD$120
Name beve: [1]Hibak!$AE$61:$AE$120
Name bevf: [1]Hibak!$AF$61:$AF$120
Name bevg: [1]Hibak!$AG$61:$AG$120
Name bevh: [1]Hibak!$AH$61:$AH$120
Name bevi: [1]Hibak!$AI$61:$AI$120
Name bevj: [1]Hibak!$AJ$61:$AJ$120
Name bevk: [1]Hibak!$AK$61:$AK$120
Name bevl: [1]Hibak!$AL$61:$AL$120
Name bevm: [1]Hibak!$AM$61:$AM$120
Name bevn: [1]Hibak!$AN$61:$AN$120
Name bevo: [1]Hibak!$AO$61:$AO$120
Name bevp: [1]Hibak!$AP$61:$AP$120
Name bevq: [1]Hibak!$AQ$61:$AQ$120
Name bevr: [1]Hibak!$AR$61:$AR$120
Name bevs: [1]Hibak!$AS$61:$AS$120
Name bevt: [1]Hibak!$AT$61:$AT$120
Name cb: [1]C!$C$6:$M$500
Name Csfi: [1]Hibak!$C$198:$D$1131
Name CSnaploSz: Csoportnaplo!$AZ$1:INDEX(Csoportnaplo!$AZ:$AZ,Csoportnaplo!$AW$1)
Name CsNapNY: Csoportnaplo!$A$4:INDEX(Csoportnaplo!$H:$H,Csoportnaplo!$M$1)
Name db: [1]D!$C$6:$M$200
Name eb: [1]E!$C$6:$M$200
Name fb: [1]F!$C$6:$M$200
Name fi: [1]Hibak!$C$198:$D$1131
Name gb: [1]G!$C$6:$M$200
Name hb: [1]H!$C$6:$M$100
Name ib: [1]I!$C$6:$M$100
Name jb: [1]J!$C$6:$M$100
Name Kassza: [1]Kassza!$C$6:$M$4000
Name kb: [1]K!$C$6:$M$100
Name kiad: [1]Hibak!$AZ$50:$AZ$120
Name kiada: [1]Hibak!$BA$50:$BA$120
Name kiadb: [1]Hibak!$BB$50:$BB$120
Name kiadc: [1]Hibak!$BC$50:$BC$120
Name kiadd: [1]Hibak!$BD$50:$BD$120
Name kiade: [1]Hibak!$BE$50:$BE$120
Name kiadf: [1]Hibak!$BF$50:$BF$120
Name kiadg: [1]Hibak!$BG$50:$BG$120
Name kiadh: [1]Hibak!$BH$50:$BH$120
Name kiadi: [1]Hibak!$BI$50:$BI$120
Name kiadj: [1]Hibak!$BJ$50:$BJ$120
Name kiadk: [1]Hibak!$BK$50:$BK$120
Name kiadl: [1]Hibak!$BL$50:$BL$120
Name kiadm: [1]Hibak!$BM$50:$BM$120
Name kiadn: [1]Hibak!$BN$50:$BN$120
Name kiado: [1]Hibak!$BO$50:$BO$120
Name kiadp: [1]Hibak!$BP$50:$BP$120
Name kiadq: [1]Hibak!$BQ$50:$BQ$120
Name kiadr: [1]Hibak!$BR$50:$BR$120
Name kiads: [1]Hibak!$BS$50:$BS$120
Name kiadt: [1]Hibak!$BT$50:$BT$120
Name Kisiv: Cs!$CW$40:$CX$88
Name KKNap: Kiadasi_kiseroiv!$BC$1:INDEX(Kiadasi_kiseroiv!$BC:$BC,Kiadasi_kiseroiv!$AX$1)

Sheet Cs
BT1: Több kiadás | BU1: =Kiadasi_kiseroiv!P2 -> kassza | BW1: résszámadás | BX1: =Csoportnaplo!A3 -> Egyházfenntartói járulék | BZ1: Napló | CA1: Napló szám | CB1: Naploregiszter | CJ1: =[1]Hibak!$A$1 -> 2026 | CK1: =[1]Koltsegvetes!$B$79 -> 0 | CL1: =[1]Koltsegvetes!$V$2 -> Ref. Egyházközség | CP1: kassza | CQ1: =INDEX(Kassza,1,6) -> 0 | CU1: =[1]Hibak!E1041 -> Contribuţia anuală a credincioşilor | CV1: =INDEX(Csfi,CZ1,1) -> Egyházfenntartói járulék | CW1: =CV52 -> Karbantartási kiadások | CZ1: 844 | DD1: Kassza | DE1: kassza | DF1: =IF(ISERROR(VLOOKUP(DD1,Resz_szamadas!$H$1:$I$21,2,FALSE))=FALSE,1,0) -> 0
BW2: w | BX2: =Csoportnaplo!H2 -> 0 | BZ2: =Naplo!O1 -> 46023 | CC2: 1 | CD2: 55153 | CP2: ab | CQ2: =INDEX(ab,1,6) -> 0 | CR2: =[1]A!$D$3 -> 0 | CU2: =[1]Hibak!E1042 -> Contribuţii pt. diverse servicii religioase | CV2: =INDEX(Csfi,CZ2,1) -> Bevételek a különböző egyházi szolgálatokért | CZ2: 845 | DD2: A - számla | DE2: ab | DF2: =IF(ISERROR(VLOOKUP(DD2,Resz_szamadas!$H$1:$I$21,2,FALSE))=FALSE,1,0) -> 0
BZ3: =Naplo!P1 -> 46053 | CJ3: 5 | CK3: 10 | CL3: 11 | CP3: bb | CQ3: =INDEX(bb,1,6) -> 0 | CR3: =[1]B!$D$3 -> 0 | CU3: =[1]Hibak!E1043 -> Contribuţii în lăcaşuri de cult - colecta | CV3: =INDEX(Csfi,CZ3,1) -> Perselypénz | CZ3: 846 | DD3: B - számla | DE3: bb | DF3: =IF(ISERROR(VLOOKUP(DD3,Resz_szamadas!$H$1:$I$21,2,FALSE))=FALSE,1,0) -> 0
BS4: Több kiadás | BT4: =Kiadasi_kiseroiv!P2 -> kassza | BU4: kiadási kísérőív | BW4: résszámadás | BX4: Csnapl | BY4: Csnapl sz | BZ4: =Naplo!O2 -> kassza | CC4: Dátum | CD4: Sorszám | CE4: Bevétel | CF4: Kiadás | CG4: Tétel | CH4: Szám | CI4: Név | CJ4: Név | CK4: Megjegyzés | CL4: Román magyarázat | CM4: Irat | CN4: Szám | CP4: cb | CQ4: =INDEX(cb,1,6) -> 0 | CR4: =[1]C!$D$3 -> 0 | CU4: =[1]Hibak!E1044 -> Ajutoare primite de la credincioşi şi organizaţii religioase | CV4: =INDEX(Csfi,CZ4,1) -> Adományok hívektől, egyházi intézményektől | CZ4: 847 | DD4: C - számla | DE4: cb | DF4: =IF(ISERROR(VLOOKUP(DD4,Resz_szamadas!$H$1:$I$21,2,FALSE))=FALSE,1,0) -> 0
BZ5: t | CP5: db | CQ5: =INDEX(db,1,6) -> 0 | CR5: =[1]D!$D$3 -> 0 | CU5: =[1]Hibak!E1045 -> Donații pt. masa domnului | CV5: =INDEX(Csfi,CZ5,1) -> Úrasztali adományok | CZ5: 848 | DD5: D - számla | DE5: db | DF5: =IF(ISERROR(VLOOKUP(DD5,Resz_szamadas!$H$1:$I$21,2,FALSE))=FALSE,1,0) -> 0
B6: Ez a csatolás munkalap. | CH6: 1 | CJ6: 10 | CK6: 5 | CL6: 11 | CP6: eb | CQ6: =INDEX(eb,1,6) -> 0 | CR6: =[1]E!$D$3 -> 0 | CU6: =[1]Hibak!E1046 -> Cont. pt. concesionarea şi îngrijirea locurilor din cimitire | CV6: =INDEX(Csfi,CZ6,1) -> Sírhelyek eladásából, bérleti díjából, gondozásából származó bevételek | CZ6: 849 | DD6: E - számla | DE6: eb | DF6: =IF(ISERROR(VLOOKUP(DD6,Resz_szamadas!$H$1:$I$21,2,FALSE))=FALSE,1,0) -> 0
B7: Itt lehet megadni, hogy hol találja meg az Adatok_2026.xlsx munkafüzetet. | BS7: =IF(Kiadasi_kiseroiv!$K$2=BT7,BV7,"") | BT7: =IF(AND($BT$4=CI7,BU7<>""),CC7,"") | BU7: =IF(AND($BU$1=CI7,ISERROR(VLOOKUP(CG7,Kisiv,2,FALSE))=FALSE),CB7,"") | BV7: =IF(BU7<>"",RANK(BU7,$BU$7:$BU$33000,1),"") | BW7: =IF(CC7<min,$BW$2,IF(CC7<=max,CG7,"")) | BX7: =IF(AND(OR($BX$1=0,$BX$1=CG7),OR($BX$2=0,IF(ISERROR(SEARCH($BX$2,CJ7&CK7&CL7,1)),FALSE,TRUE))),CB7,"") | BY7: =IF(AND(BX7<>"",CC7<>$CD$2),RANK(BX7,$BX$7:$BX$33000,1),"") | BZ7: =IF(AND(CC7<$BZ$2,CI7=$BZ$4),$BZ$5,IF(AND(CC7<=$BZ$3,CI7=$BZ$4),CB7,"")) | CA7: =IF(AND(BZ7<>"",BZ7<>$BZ$5),RANK(BZ7,$BZ$7:$BZ$33000,1),"") | CB7: =IF(COUNTIF($CD$7:CD7,CD7)=1,CD7,CD7+COUNTIF($CD$6:CD6,CD7)) -> 55153 | CC7: =IF(INDEX(Kassza,CH7,1)<>1,INDEX(Kassza,CH7,1),$CD$2) -> 55153 | CD7: =IF(CC7<>$CD$2,RANK(CC7,$CC$7:$CC$33000,1),$CD$2) -> 55153 | CE7: =INDEX(Kassza,CH7,6) -> 0 | CF7: =INDEX(Kassza,CH7,8) -> 0 | CG7: =INDEX(Kassza,CH7,7)&INDEX(Kassza,CH7,9) | CH7: 2 | CI7: Kassza | CJ7: =IF(INDEX(Kassza,CH7,5)<>0,INDEX(Kassza,CH7,5),"") | CK7: =IF(INDEX(Kassza,CH7,10)<>0,INDEX(Kassza,CH7,10),"") | CL7: =IF(INDEX(Kassza,CH7,11)<>0,INDEX(Kassza,CH7,11),"") | CM7: =IF(INDEX(Kassza,CH7,4)<>0,INDEX(Kassza,CH7,4),"") | CN7: =IF(INDEX(Kassza,CH7,3)<>0,INDEX(Kassza,CH7,3),"") | CP7: fb | CQ7: =INDEX(fb,1,6) -> 0 | CR7: =[1]F!$D$3 -> 0 | CU7: =[1]Hibak!E1047 -> Contribuţia pt. susţinerea unit. Ierarhic superioare* | CV7: =INDEX(Csfi,CZ7,1) -> Központi járulékok - egyházmegyei bevétel | CZ7: 850 | DD7: F - számla | DE7: fb | DF7: =IF(ISERROR(VLOOKUP(DD7,Resz_szamadas!$H$1:$I$21,2,FALSE))=FALSE,1,0) -> 0
B8: Teendők: | BS8: =IF(Kiadasi_kiseroiv!$K$2=BT8,BV8,"") | BT8: =IF(AND($BT$4=CI8,BU8<>""),CC8,"") | BU8: =IF(AND($BU$1=CI8,ISERROR(VLOOKUP(CG8,Kisiv,2,FALSE))=FALSE),CB8,"") | BV8: =IF(BU8<>"",RANK(BU8,$BU$7:$BU$33000,1),"") | BW8: =IF(CC8<min,$BW$2,IF(CC8<=max,CG8,"")) | BX8: =IF(AND(OR($BX$1=0,$BX$1=CG8),OR($BX$2=0,IF(ISERROR(SEARCH($BX$2,CJ8&CK8&CL8,1)),FALSE,TRUE))),CB8,"") | BY8: =IF(AND(BX8<>"",CC8<>$CD$2),RANK(BX8,$BX$7:$BX$33000,1),"") | BZ8: =IF(AND(CC8<$BZ$2,CI8=$BZ$4),$BZ$5,IF(AND(CC8<=$BZ$3,CI8=$BZ$4),CB8,"")) | CA8: =IF(AND(BZ8<>"",BZ8<>$BZ$5),RANK(BZ8,$BZ$7:$BZ$33000,1),"") | CB8: =IF(COUNTIF($CD$7:CD8,CD8)=1,CD8,CD8+COUNTIF($CD$6:CD7,CD8)) -> 55154 | CC8: =IF(INDEX(Kassza,CH8,1)<>1,INDEX(Kassza,CH8,1),$CD$2) -> 55153 | CD8: =IF(CC8<>$CD$2,RANK(CC8,$CC$7:$CC$33000,1),$CD$2) -> 55153 | CE8: =INDEX(Kassza,CH8,6) -> 0 | CF8: =INDEX(Kassza,CH8,8) -> 0 | CG8: =INDEX(Kassza,CH8,7)&INDEX(Kassza,CH8,9) | CH8: 3 | CI8: Kassza | CJ8: =IF(INDEX(Kassza,CH8,5)<>0,INDEX(Kassza,CH8,5),"") | CK8: =IF(INDEX(Kassza,CH8,10)<>0,INDEX(Kassza,CH8,10),"") | CL8: =IF(INDEX(Kassza,CH8,11)<>0,INDEX(Kassza,CH8,11),"") | CM8: =IF(INDEX(Kassza,CH8,4)<>0,INDEX(Kassza,CH8,4),"") | CN8: =IF(INDEX(Kassza,CH8,3)<>0,INDEX(Kassza,CH8,3),"") | CP8: gb | CQ8: =INDEX(gb,1,6) -> 0 | CR8: =[1]G!$D$3 -> 0 | CU8: =[1]Hibak!E1048 -> Contr. pentru prestări servicii la parohii* | CV8: =INDEX(Csfi,CZ8,1) -> Egyházközségek fizetésalapja - emei bevétel | CZ8: 851 | DD8: G - számla | DE8: gb | DF8: =IF(ISERROR(VLOOKUP(DD8,Resz_szamadas!$H$1:$I$21,2,FALSE))=FALSE,1,0) -> 0
BS9: =IF(Kiadasi_kiseroiv!$K$2=BT9,BV9,"") | BT9: =IF(AND($BT$4=CI9,BU9<>""),CC9,"") | BU9: =IF(AND($BU$1=CI9,ISERROR(VLOOKUP(CG9,Kisiv,2,FALSE))=FALSE),CB9,"") | BV9: =IF(BU9<>"",RANK(BU9,$BU$7:$BU$33000,1),"") | BW9: =IF(CC9<min,$BW$2,IF(CC9<=max,CG9,"")) | BX9: =IF(AND(OR($BX$1=0,$BX$1=CG9),OR($BX$2=0,IF(ISERROR(SEARCH($BX$2,CJ9&CK9&CL9,1)),FALSE,TRUE))),CB9,"") | BY9: =IF(AND(BX9<>"",CC9<>$CD$2),RANK(BX9,$BX$7:$BX$33000,1),"") | BZ9: =IF(AND(CC9<$BZ$2,CI9=$BZ$4),$BZ$5,IF(AND(CC9<=$BZ$3,CI9=$BZ$4),CB9,"")) | CA9: =IF(AND(BZ9<>"",BZ9<>$BZ$5),RANK(BZ9,$BZ$7:$BZ$33000,1),"") | CB9: =IF(COUNTIF($CD$7:CD9,CD9)=1,CD9,CD9+COUNTIF($CD$6:CD8,CD9)) -> 55155 | CC9: =IF(INDEX(Kassza,CH9,1)<>1,INDEX(Kassza,CH9,1),$CD$2) -> 55153 | CD9: =IF(CC9<>$CD$2,RANK(CC9,$CC$7:$CC$33000,1),$CD$2) -> 55153 | CE9: =INDEX(Kassza,CH9,6) -> 0 | CF9: =INDEX(Kassza,CH9,8) -> 0 | CG9: =INDEX(Kassza,CH9,7)&INDEX(Kassza,CH9,9) | CH9: 4 | CI9: Kassza | CJ9: =IF(INDEX(Kassza,CH9,5)<>0,INDEX(Kassza,CH9,5),"") | CK9: =IF(INDEX(Kassza,CH9,10)<>0,INDEX(Kassza,CH9,10),"") | CL9: =IF(INDEX(Kassza,CH9,11)<>0,INDEX(Kassza,CH9,11),"") | CM9: =IF(INDEX(Kassza,CH9,4)<>0,INDEX(Kassza,CH9,4),"") | CN9: =IF(INDEX(Kassza,CH9,3)<>0,INDEX(Kassza,CH9,3),"") | CP9: hb | CQ9: =INDEX(hb,1,6) -> 0 | CR9: =[1]H!$D$3 -> 0 | CU9: =[1]Hibak!E1049 -> Venituri cu scop misionar - tineret | CV9: =INDEX(Csfi,CZ9,1) -> Gyerek és ifjúsági tevékenységek bevételei | CZ9: 852 | DD9: H - számla | DE9: hb | DF9: =IF(ISERROR(VLOOKUP(DD9,Resz_szamadas!$H$1:$I$21,2,FALSE))=FALSE,1,0) -> 0
B10: 1 | C10: Adatok | D10: Data | E10: menü | BS10: =IF(Kiadasi_kiseroiv!$K$2=BT10,BV10,"") | BT10: =IF(AND($BT$4=CI10,BU10<>""),CC10,"") | BU10: =IF(AND($BU$1=CI10,ISERROR(VLOOKUP(CG10,Kisiv,2,FALSE))=FALSE),CB10,"") | BV10: =IF(BU10<>"",RANK(BU10,$BU$7:$BU$33000,1),"") | BW10: =IF(CC10<min,$BW$2,IF(CC10<=max,CG10,"")) | BX10: =IF(AND(OR($BX$1=0,$BX$1=CG10),OR($BX$2=0,IF(ISERROR(SEARCH($BX$2,CJ10&CK10&CL10,1)),FALSE,TRUE))),CB10,"") | BY10: =IF(AND(BX10<>"",CC10<>$CD$2),RANK(BX10,$BX$7:$BX$33000,1),"") | BZ10: =IF(AND(CC10<$BZ$2,CI10=$BZ$4),$BZ$5,IF(AND(CC10<=$BZ$3,CI10=$BZ$4),CB10,"")) | CA10: =IF(AND(BZ10<>"",BZ10<>$BZ$5),RANK(BZ10,$BZ$7:$BZ$33000,1),"") | CB10: =IF(COUNTIF($CD$7:CD10,CD10)=1,CD10,CD10+COUNTIF($CD$6:CD9,CD10)) -> 55156 | CC10: =IF(INDEX(Kassza,CH10,1)<>1,INDEX(Kassza,CH10,1),$CD$2) -> 55153 | CD10: =IF(CC10<>$CD$2,RANK(CC10,$CC$7:$CC$33000,1),$CD$2) -> 55153 | CE10: =INDEX(Kassza,CH10,6) -> 0 | CF10: =INDEX(Kassza,CH10,8) -> 0 | CG10: =INDEX(Kassza,CH10,7)&INDEX(Kassza,CH10,9) | CH10: 5 | CI10: Kassza | CJ10: =IF(INDEX(Kassza,CH10,5)<>0,INDEX(Kassza,CH10,5),"") | CK10: =IF(INDEX(Kassza,CH10,10)<>0,INDEX(Kassza,CH10,10),"") | CL10: =IF(INDEX(Kassza,CH10,11)<>0,INDEX(Kassza,CH10,11),"") | CM10: =IF(INDEX(Kassza,CH10,4)<>0,INDEX(Kassza,CH10,4),"") | CN10: =IF(INDEX(Kassza,CH10,3)<>0,INDEX(Kassza,CH10,3),"") | CP10: ib | CQ10: =INDEX(ib,1,6) -> 0 | CR10: =[1]I!$D$3 -> 0 | CU10: =[1]Hibak!E1050 -> Venituri cu scop misionar - asoc. femeilor crestine | CV10: =INDEX(Csfi,CZ10,1) -> Nőszövetségi tevékenységek bevételei | CZ10: 853 | DD10: I - számla | DE10: ib | DF10: =IF(ISERROR(VLOOKUP(DD10,Resz_szamadas!$H$1:$I$21,2,FALSE))=FALSE,1,0) -> 0
B11: 2 | C11: Csatolások szerkesztése | D11: Edit links | E11: almenü | BS11: =IF(Kiadasi_kiseroiv!$K$2=BT11,BV11,"") | BT11: =IF(AND($BT$4=CI11,BU11<>""),CC11,"") | BU11: =IF(AND($BU$1=CI11,ISERROR(VLOOKUP(CG11,Kisiv,2,FALSE))=FALSE),CB11,"") | BV11: =IF(BU11<>"",RANK(BU11,$BU$7:$BU$33000,1),"") | BW11: =IF(CC11<min,$BW$2,IF(CC11<=max,CG11,"")) | BX11: =IF(AND(OR($BX$1=0,$BX$1=CG11),OR($BX$2=0,IF(ISERROR(SEARCH($BX$2,CJ11&CK11&CL11,1)),FALSE,TRUE))),CB11,"") | BY11: =IF(AND(BX11<>"",CC11<>$CD$2),RANK(BX11,$BX$7:$BX$33000,1),"") | BZ11: =IF(AND(CC11<$BZ$2,CI11=$BZ$4),$BZ$5,IF(AND(CC11<=$BZ$3,CI11=$BZ$4),CB11,"")) | CA11: =IF(AND(BZ11<>"",BZ11<>$BZ$5),RANK(BZ11,$BZ$7:$BZ$33000,1),"") | CB11: =IF(COUNTIF($CD$7:CD11,CD11)=1,CD11,CD11+COUNTIF($CD$6:CD10,CD11)) -> 55157 | CC11: =IF(INDEX(Kassza,CH11,1)<>1,INDEX(Kassza,CH11,1),$CD$2) -> 55153 | CD11: =IF(CC11<>$CD$2,RANK(CC11,$CC$7:$CC$33000,1),$CD$2) -> 55153 | CE11: =INDEX(Kassza,CH11,6) -> 0 | CF11: =INDEX(Kassza,CH11,8) -> 0 | CG11: =INDEX(Kassza,CH11,7)&INDEX(Kassza,CH11,9) | CH11: 6 | CI11: Kassza | CJ11: =IF(INDEX(Kassza,CH11,5)<>0,INDEX(Kassza,CH11,5),"") | CK11: =IF(INDEX(Kassza,CH11,10)<>0,INDEX(Kassza,CH11,10),"") | CL11: =IF(INDEX(Kassza,CH11,11)<>0,INDEX(Kassza,CH11,11),"") | CM11: =IF(INDEX(Kassza,CH11,4)<>0,INDEX(Kassza,CH11,4),"") | CN11: =IF(INDEX(Kassza,CH11,3)<>0,INDEX(Kassza,CH11,3),"") | CP11: jb | CQ11: =INDEX(jb,1,6) -> 0 | CR11: =[1]J!$D$3 -> 0 | CU11: =[1]Hibak!E1051 -> Venituri cu scop misionar - asoc. presbiterilor | CV11: =INDEX(Csfi,CZ11,1) -> Presbiterszövetségi tevékenységek bevételei | CZ11: 854 | DD11: J - számla | DE11: jb | DF11: =IF(ISERROR(VLOOKUP(DD11,Resz_szamadas!$H$1:$I$21,2,FALSE))=FALSE,1,0) -> 0
C12: 3 | D12: Váltás | E12: Change source | F12: gomb | BS12: =IF(Kiadasi_kiseroiv!$K$2=BT12,BV12,"") | BT12: =IF(AND($BT$4=CI12,BU12<>""),CC12,"") | BU12: =IF(AND($BU$1=CI12,ISERROR(VLOOKUP(CG12,Kisiv,2,FALSE))=FALSE),CB12,"") | BV12: =IF(BU12<>"",RANK(BU12,$BU$7:$BU$33000,1),"") | BW12: =IF(CC12<min,$BW$2,IF(CC12<=max,CG12,"")) | BX12: =IF(AND(OR($BX$1=0,$BX$1=CG12),OR($BX$2=0,IF(ISERROR(SEARCH($BX$2,CJ12&CK12&CL12,1)),FALSE,TRUE))),CB12,"") | BY12: =IF(AND(BX12<>"",CC12<>$CD$2),RANK(BX12,$BX$7:$BX$33000,1),"") | BZ12: =IF(AND(CC12<$BZ$2,CI12=$BZ$4),$BZ$5,IF(AND(CC12<=$BZ$3,CI12=$BZ$4),CB12,"")) | CA12: =IF(AND(BZ12<>"",BZ12<>$BZ$5),RANK(BZ12,$BZ$7:$BZ$33000,1),"") | CB12: =IF(COUNTIF($CD$7:CD12,CD12)=1,CD12,CD12+COUNTIF($CD$6:CD11,CD12)) -> 55158 | CC12: =IF(INDEX(Kassza,CH12,1)<>1,INDEX(Kassza,CH12,1),$CD$2) -> 55153 | CD12: =IF(CC12<>$CD$2,RANK(CC12,$CC$7:$CC$33000,1),$CD$2) -> 55153 | CE12: =INDEX(Kassza,CH12,6) -> 0 | CF12: =INDEX(Kassza,CH12,8) -> 0 | CG12: =INDEX(Kassza,CH12,7)&INDEX(Kassza,CH12,9) | CH12: 7 | CI12: Kassza | CJ12: =IF(INDEX(Kassza,CH12,5)<>0,INDEX(Kassza,CH12,5),"") | CK12: =IF(INDEX(Kassza,CH12,10)<>0,INDEX(Kassza,CH12,10),"") | CL12: =IF(INDEX(Kassza,CH12,11)<>0,INDEX(Kassza,CH12,11),"") | CM12: =IF(INDEX(Kassza,CH12,4)<>0,INDEX(Kassza,CH12,4),"") | CN12: =IF(INDEX(Kassza,CH12,3)<>0,INDEX(Kassza,CH12,3),"") | CP12: kb | CQ12: =INDEX(kb,1,6) -> 0 | CR12: =[1]K!$D$3 -> 0 | CU12: =[1]Hibak!E1052 -> Donaţii pentru scopuri diaconice | CV12: =INDEX(Csfi,CZ12,1) -> Diakóniai célú adományok | CZ12: 855 | DD12: K - számla | DE12: kb | DF12: =IF(ISERROR(VLOOKUP(DD12,Resz_szamadas!$H$1:$I$21,2,FALSE))=FALSE,1,0) -> 0
C13: 4 | D13: A megjelenő böngészőben kiválasztani azt az állományt, amelybe a könyvelési adatokat irtuk majd egy OK | BS13: =IF(Kiadasi_kiseroiv!$K$2=BT13,BV13,"") | BT13: =IF(AND($BT$4=CI13,BU13<>""),CC13,"") | BU13: =IF(AND($BU$1=CI13,ISERROR(VLOOKUP(CG13,Kisiv,2,FALSE))=FALSE),CB13,"") | BV13: =IF(BU13<>"",RANK(BU13,$BU$7:$BU$33000,1),"") | BW13: =IF(CC13<min,$BW$2,IF(CC13<=max,CG13,"")) | BX13: =IF(AND(OR($BX$1=0,$BX$1=CG13),OR($BX$2=0,IF(ISERROR(SEARCH($BX$2,CJ13&CK13&CL13,1)),FALSE,TRUE))),CB13,"") | BY13: =IF(AND(BX13<>"",CC13<>$CD$2),RANK(BX13,$BX$7:$BX$33000,1),"") | BZ13: =IF(AND(CC13<$BZ$2,CI13=$BZ$4),$BZ$5,IF(AND(CC13<=$BZ$3,CI13=$BZ$4),CB13,"")) | CA13: =IF(AND(BZ13<>"",BZ13<>$BZ$5),RANK(BZ13,$BZ$7:$BZ$33000,1),"") | CB13: =IF(COUNTIF($CD$7:CD13,CD13)=1,CD13,CD13+COUNTIF($CD$6:CD12,CD13)) -> 55159 | CC13: =IF(INDEX(Kassza,CH13,1)<>1,INDEX(Kassza,CH13,1),$CD$2) -> 55153 | CD13: =IF(CC13<>$CD$2,RANK(CC13,$CC$7:$CC$33000,1),$CD$2) -> 55153 | CE13: =INDEX(Kassza,CH13,6) -> 0 | CF13: =INDEX(Kassza,CH13,8) -> 0 | CG13: =INDEX(Kassza,CH13,7)&INDEX(Kassza,CH13,9) | CH13: 8 | CI13: Kassza | CJ13: =IF(INDEX(Kassza,CH13,5)<>0,INDEX(Kassza,CH13,5),"") | CK13: =IF(INDEX(Kassza,CH13,10)<>0,INDEX(Kassza,CH13,10),"") | CL13: =IF(INDEX(Kassza,CH13,11)<>0,INDEX(Kassza,CH13,11),"") | CM13: =IF(INDEX(Kassza,CH13,4)<>0,INDEX(Kassza,CH13,4),"") | CN13: =IF(INDEX(Kassza,CH13,3)<>0,INDEX(Kassza,CH13,3),"") | CP13: lb | CQ13: =INDEX(lb,1,6) -> 0 | CR13: =[1]L!$D$3 -> 0 | CU13: =[1]Hibak!E1053 -> Donatii pt scopuri misionare | CV13: =INDEX(Csfi,CZ13,1) -> Missziós célú adományok | CZ13: 856 | DD13: L - számla | DE13: lb | DF13: =IF(ISERROR(VLOOKUP(DD13,Resz_szamadas!$H$1:$I$21,2,FALSE))=FALSE,1,0) -> 0
C14: 5 | D14: Megvárni amig befejezi a csatolást (kisebb teljesítményu gépeknél ez pár percet is igénybe vehet), majd bezárás | BS14: =IF(Kiadasi_kiseroiv!$K$2=BT14,BV14,"") | BT14: =IF(AND($BT$4=CI14,BU14<>""),CC14,"") | BU14: =IF(AND($BU$1=CI14,ISERROR(VLOOKUP(CG14,Kisiv,2,FALSE))=FALSE),CB14,"") | BV14: =IF(BU14<>"",RANK(BU14,$BU$7:$BU$33000,1),"") | BW14: =IF(CC14<min,$BW$2,IF(CC14<=max,CG14,"")) | BX14: =IF(AND(OR($BX$1=0,$BX$1=CG14),OR($BX$2=0,IF(ISERROR(SEARCH($BX$2,CJ14&CK14&CL14,1)),FALSE,TRUE))),CB14,"") | BY14: =IF(AND(BX14<>"",CC14<>$CD$2),RANK(BX14,$BX$7:$BX$33000,1),"") | BZ14: =IF(AND(CC14<$BZ$2,CI14=$BZ$4),$BZ$5,IF(AND(CC14<=$BZ$3,CI14=$BZ$4),CB14,"")) | CA14: =IF(AND(BZ14<>"",BZ14<>$BZ$5),RANK(BZ14,$BZ$7:$BZ$33000,1),"") | CB14: =IF(COUNTIF($CD$7:CD14,CD14)=1,CD14,CD14+COUNTIF($CD$6:CD13,CD14)) -> 55160 | CC14: =IF(INDEX(Kassza,CH14,1)<>1,INDEX(Kassza,CH14,1),$CD$2) -> 55153 | CD14: =IF(CC14<>$CD$2,RANK(CC14,$CC$7:$CC$33000,1),$CD$2) -> 55153 | CE14: =INDEX(Kassza,CH14,6) -> 0 | CF14: =INDEX(Kassza,CH14,8) -> 0 | CG14: =INDEX(Kassza,CH14,7)&INDEX(Kassza,CH14,9) | CH14: 9 | CI14: Kassza | CJ14: =IF(INDEX(Kassza,CH14,5)<>0,INDEX(Kassza,CH14,5),"") | CK14: =IF(INDEX(Kassza,CH14,10)<>0,INDEX(Kassza,CH14,10),"") | CL14: =IF(INDEX(Kassza,CH14,11)<>0,INDEX(Kassza,CH14,11),"") | CM14: =IF(INDEX(Kassza,CH14,4)<>0,INDEX(Kassza,CH14,4),"") | CN14: =IF(INDEX(Kassza,CH14,3)<>0,INDEX(Kassza,CH14,3),"") | CP14: mb | CU14: =[1]Hibak!E1054 -> Donatii pt studenti de la teologie | CV14: =INDEX(Csfi,CZ14,1) -> Legátumok - adományok teológiai hallgatók támogatására | CZ14: 857 | DD14: M - számla | DE14: mb | DF14: =IF(ISERROR(VLOOKUP(DD14,Resz_szamadas!$H$1:$I$21,2,FALSE))=FALSE,1,0) -> 0
BS15: =IF(Kiadasi_kiseroiv!$K$2=BT15,BV15,"") | BT15: =IF(AND($BT$4=CI15,BU15<>""),CC15,"") | BU15: =IF(AND($BU$1=CI15,ISERROR(VLOOKUP(CG15,Kisiv,2,FALSE))=FALSE),CB15,"") | BV15: =IF(BU15<>"",RANK(BU15,$BU$7:$BU$33000,1),"") | BW15: =IF(CC15<min,$BW$2,IF(CC15<=max,CG15,"")) | BX15: =IF(AND(OR($BX$1=0,$BX$1=CG15),OR($BX$2=0,IF(ISERROR(SEARCH($BX$2,CJ15&CK15&CL15,1)),FALSE,TRUE))),CB15,"") | BY15: =IF(AND(BX15<>"",CC15<>$CD$2),RANK(BX15,$BX$7:$BX$33000,1),"") | BZ15: =IF(AND(CC15<$BZ$2,CI15=$BZ$4),$BZ$5,IF(AND(CC15<=$BZ$3,CI15=$BZ$4),CB15,"")) | CA15: =IF(AND(BZ15<>"",BZ15<>$BZ$5),RANK(BZ15,$BZ$7:$BZ$33000,1),"") | CB15: =IF(COUNTIF($CD$7:CD15,CD15)=1,CD15,CD15+COUNTIF($CD$6:CD14,CD15)) -> 55161 | CC15: =IF(INDEX(Kassza,CH15,1)<>1,INDEX(Kassza,CH15,1),$CD$2) -> 55153 | CD15: =IF(CC15<>$CD$2,RANK(CC15,$CC$7:$CC$33000,1),$CD$2) -> 55153 | CE15: =INDEX(Kassza,CH15,6) -> 0 | CF15: =INDEX(Kassza,CH15,8) -> 0 | CG15: =INDEX(Kassza,CH15,7)&INDEX(Kassza,CH15,9) | CH15: 10 | CI15: Kassza | CJ15: =IF(INDEX(Kassza,CH15,5)<>0,INDEX(Kassza,CH15,5),"") | CK15: =IF(INDEX(Kassza,CH15,10)<>0,INDEX(Kassza,CH15,10),"") | CL15: =IF(INDEX(Kassza,CH15,11)<>0,INDEX(Kassza,CH15,11),"") | CM15: =IF(INDEX(Kassza,CH15,4)<>0,INDEX(Kassza,CH15,4),"") | CN15: =IF(INDEX(Kassza,CH15,3)<>0,INDEX(Kassza,CH15,3),"") | CP15: nb | CU15: =[1]Hibak!E1055 -> Alte donaţii | CV15: =INDEX(Csfi,CZ15,1) -> Segélyszervezetektől, alapítványoktól, helyi szervezetektől származó adományok | CZ15: 858 | DD15: N - számla | DE15: nb | DF15: =IF(ISERROR(VLOOKUP(DD15,Resz_szamadas!$H$1:$I$21,2,FALSE))=FALSE,1,0) -> 0
BS16: =IF(Kiadasi_kiseroiv!$K$2=BT16,BV16,"") | BT16: =IF(AND($BT$4=CI16,BU16<>""),CC16,"") | BU16: =IF(AND($BU$1=CI16,ISERROR(VLOOKUP(CG16,Kisiv,2,FALSE))=FALSE),CB16,"") | BV16: =IF(BU16<>"",RANK(BU16,$BU$7:$BU$33000,1),"") | BW16: =IF(CC16<min,$BW$2,IF(CC16<=max,CG16,"")) | BX16: =IF(AND(OR($BX$1=0,$BX$1=CG16),OR($BX$2=0,IF(ISERROR(SEARCH($BX$2,CJ16&CK16&CL16,1)),FALSE,TRUE))),CB16,"") | BY16: =IF(AND(BX16<>"",CC16<>$CD$2),RANK(BX16,$BX$7:$BX$33000,1),"") | BZ16: =IF(AND(CC16<$BZ$2,CI16=$BZ$4),$BZ$5,IF(AND(CC16<=$BZ$3,CI16=$BZ$4),CB16,"")) | CA16: =IF(AND(BZ16<>"",BZ16<>$BZ$5),RANK(BZ16,$BZ$7:$BZ$33000,1),"") | CB16: =IF(COUNTIF($CD$7:CD16,CD16)=1,CD16,CD16+COUNTIF($CD$6:CD15,CD16)) -> 55162 | CC16: =IF(INDEX(Kassza,CH16,1)<>1,INDEX(Kassza,CH16,1),$CD$2) -> 55153 | CD16: =IF(CC16<>$CD$2,RANK(CC16,$CC$7:$CC$33000,1),$CD$2) -> 55153 | CE16: =INDEX(Kassza,CH16,6) -> 0 | CF16: =INDEX(Kassza,CH16,8) -> 0 | CG16: =INDEX(Kassza,CH16,7)&INDEX(Kassza,CH16,9) | CH16: 11 | CI16: Kassza | CJ16: =IF(INDEX(Kassza,CH16,5)<>0,INDEX(Kassza,CH16,5),"") | CK16: =IF(INDEX(Kassza,CH16,10)<>0,INDEX(Kassza,CH16,10),"") | CL16: =IF(INDEX(Kassza,CH16,11)<>0,INDEX(Kassza,CH16,11),"") | CM16: =IF(INDEX(Kassza,CH16,4)<>0,INDEX(Kassza,CH16,4),"") | CN16: =IF(INDEX(Kassza,CH16,3)<>0,INDEX(Kassza,CH16,3),"") | CP16: ob | CU16: =[1]Hibak!E1056 -> Incasări proiecte | CV16: =INDEX(Csfi,CZ16,1) -> Pályázatokból | CZ16: 859 | DD16: O - számla | DE16: ob | DF16: =IF(ISERROR(VLOOKUP(DD16,Resz_szamadas!$H$1:$I$21,2,FALSE))=FALSE,1,0) -> 0
BS17: =IF(Kiadasi_kiseroiv!$K$2=BT17,BV17,"") | BT17: =IF(AND($BT$4=CI17,BU17<>""),CC17,"") | BU17: =IF(AND($BU$1=CI17,ISERROR(VLOOKUP(CG17,Kisiv,2,FALSE))=FALSE),CB17,"") | BV17: =IF(BU17<>"",RANK(BU17,$BU$7:$BU$33000,1),"") | BW17: =IF(CC17<min,$BW$2,IF(CC17<=max,CG17,"")) | BX17: =IF(AND(OR($BX$1=0,$BX$1=CG17),OR($BX$2=0,IF(ISERROR(SEARCH($BX$2,CJ17&CK17&CL17,1)),FALSE,TRUE))),CB17,"") | BY17: =IF(AND(BX17<>"",CC17<>$CD$2),RANK(BX17,$BX$7:$BX$33000,1),"") | BZ17: =IF(AND(CC17<$BZ$2,CI17=$BZ$4),$BZ$5,IF(AND(CC17<=$BZ$3,CI17=$BZ$4),CB17,"")) | CA17: =IF(AND(BZ17<>"",BZ17<>$BZ$5),RANK(BZ17,$BZ$7:$BZ$33000,1),"") | CB17: =IF(COUNTIF($CD$7:CD17,CD17)=1,CD17,CD17+COUNTIF($CD$6:CD16,CD17)) -> 55163 | CC17: =IF(INDEX(Kassza,CH17,1)<>1,INDEX(Kassza,CH17,1),$CD$2) -> 55153 | CD17: =IF(CC17<>$CD$2,RANK(CC17,$CC$7:$CC$33000,1),$CD$2) -> 55153 | CE17: =INDEX(Kassza,CH17,6) -> 0 | CF17: =INDEX(Kassza,CH17,8) -> 0 | CG17: =INDEX(Kassza,CH17,7)&INDEX(Kassza,CH17,9) | CH17: 12 | CI17: Kassza | CJ17: =IF(INDEX(Kassza,CH17,5)<>0,INDEX(Kassza,CH17,5),"") | CK17: =IF(INDEX(Kassza,CH17,10)<>0,INDEX(Kassza,CH17,10),"") | CL17: =IF(INDEX(Kassza,CH17,11)<>0,INDEX(Kassza,CH17,11),"") | CM17: =IF(INDEX(Kassza,CH17,4)<>0,INDEX(Kassza,CH17,4),"") | CN17: =IF(INDEX(Kassza,CH17,3)<>0,INDEX(Kassza,CH17,3),"") | CP17: pb | CU17: =[1]Hibak!E1057 -> Din alte surse | CV17: =INDEX(Csfi,CZ17,1) -> Más bevételek | CZ17: 860 | DD17: P - számla | DE17: pb | DF17: =IF(ISERROR(VLOOKUP(DD17,Resz_szamadas!$H$1:$I$21,2,FALSE))=FALSE,1,0) -> 0
BS18: =IF(Kiadasi_kiseroiv!$K$2=BT18,BV18,"") | BT18: =IF(AND($BT$4=CI18,BU18<>""),CC18,"") | BU18: =IF(AND($BU$1=CI18,ISERROR(VLOOKUP(CG18,Kisiv,2,FALSE))=FALSE),CB18,"") | BV18: =IF(BU18<>"",RANK(BU18,$BU$7:$BU$33000,1),"") | BW18: =IF(CC18<min,$BW$2,IF(CC18<=max,CG18,"")) | BX18: =IF(AND(OR($BX$1=0,$BX$1=CG18),OR($BX$2=0,IF(ISERROR(SEARCH($BX$2,CJ18&CK18&CL18,1)),FALSE,TRUE))),CB18,"") | BY18: =IF(AND(BX18<>"",CC18<>$CD$2),RANK(BX18,$BX$7:$BX$33000,1),"") | BZ18: =IF(AND(CC18<$BZ$2,CI18=$BZ$4),$BZ$5,IF(AND(CC18<=$BZ$3,CI18=$BZ$4),CB18,"")) | CA18: =IF(AND(BZ18<>"",BZ18<>$BZ$5),RANK(BZ18,$BZ$7:$BZ$33000,1),"") | CB18: =IF(COUNTIF($CD$7:CD18,CD18)=1,CD18,CD18+COUNTIF($CD$6:CD17,CD18)) -> 55164 | CC18: =IF(INDEX(Kassza,CH18,1)<>1,INDEX(Kassza,CH18,1),$CD$2) -> 55153 | CD18: =IF(CC18<>$CD$2,RANK(CC18,$CC$7:$CC$33000,1),$CD$2) -> 55153 | CE18: =INDEX(Kassza,CH18,6) -> 0 | CF18: =INDEX(Kassza,CH18,8) -> 0 | CG18: =INDEX(Kassza,CH18,7)&INDEX(Kassza,CH18,9) | CH18: 13 | CI18: Kassza | CJ18: =IF(INDEX(Kassza,CH18,5)<>0,INDEX(Kassza,CH18,5),"") | CK18: =IF(INDEX(Kassza,CH18,10)<>0,INDEX(Kassza,CH18,10),"") | CL18: =IF(INDEX(Kassza,CH18,11)<>0,INDEX(Kassza,CH18,11),"") | CM18: =IF(INDEX(Kassza,CH18,4)<>0,INDEX(Kassza,CH18,4),"") | CN18: =IF(INDEX(Kassza,CH18,3)<>0,INDEX(Kassza,CH18,3),"") | CP18: qb | CU18: =[1]Hibak!E1058 -> Dobândă bancară, diferentă curs valutar, venituri din dividende si obligatiuni | CV18: =INDEX(Csfi,CZ18,1) -> Banki kamatok, árfolyam nyereségek, kötvények jövedelme, osztalékok | CZ18: 861 | DD18: Q - számla | DE18: qb | DF18: =IF(ISERROR(VLOOKUP(DD18,Resz_szamadas!$H$1:$I$21,2,FALSE))=FALSE,1,0) -> 0
BS19: =IF(Kiadasi_kiseroiv!$K$2=BT19,BV19,"") | BT19: =IF(AND($BT$4=CI19,BU19<>""),CC19,"") | BU19: =IF(AND($BU$1=CI19,ISERROR(VLOOKUP(CG19,Kisiv,2,FALSE))=FALSE),CB19,"") | BV19: =IF(BU19<>"",RANK(BU19,$BU$7:$BU$33000,1),"") | BW19: =IF(CC19<min,$BW$2,IF(CC19<=max,CG19,"")) | BX19: =IF(AND(OR($BX$1=0,$BX$1=CG19),OR($BX$2=0,IF(ISERROR(SEARCH($BX$2,CJ19&CK19&CL19,1)),FALSE,TRUE))),CB19,"") | BY19: =IF(AND(BX19<>"",CC19<>$CD$2),RANK(BX19,$BX$7:$BX$33000,1),"") | BZ19: =IF(AND(CC19<$BZ$2,CI19=$BZ$4),$BZ$5,IF(AND(CC19<=$BZ$3,CI19=$BZ$4),CB19,"")) | CA19: =IF(AND(BZ19<>"",BZ19<>$BZ$5),RANK(BZ19,$BZ$7:$BZ$33000,1),"") | CB19: =IF(COUNTIF($CD$7:CD19,CD19)=1,CD19,CD19+COUNTIF($CD$6:CD18,CD19)) -> 55165 | CC19: =IF(INDEX(Kassza,CH19,1)<>1,INDEX(Kassza,CH19,1),$CD$2) -> 55153 | CD19: =IF(CC19<>$CD$2,RANK(CC19,$CC$7:$CC$33000,1),$CD$2) -> 55153 | CE19: =INDEX(Kassza,CH19,6) -> 0 | CF19: =INDEX(Kassza,CH19,8) -> 0 | CG19: =INDEX(Kassza,CH19,7)&INDEX(Kassza,CH19,9) | CH19: 14 | CI19: Kassza | CJ19: =IF(INDEX(Kassza,CH19,5)<>0,INDEX(Kassza,CH19,5),"") | CK19: =IF(INDEX(Kassza,CH19,10)<>0,INDEX(Kassza,CH19,10),"") | CL19: =IF(INDEX(Kassza,CH19,11)<>0,INDEX(Kassza,CH19,11),"") | CM19: =IF(INDEX(Kassza,CH19,4)<>0,INDEX(Kassza,CH19,4),"") | CN19: =IF(INDEX(Kassza,CH19,3)<>0,INDEX(Kassza,CH19,3),"") | CP19: rb | CU19: =[1]Hibak!E1059 -> Pt. participare la conferinţe | CV19: =INDEX(Csfi,CZ19,1) -> Hozzájárulás konferenciák és szeretetvendégségek szervezéséhez | CZ19: 862 | DD19: R - számla | DE19: rb | DF19: =IF(ISERROR(VLOOKUP(DD19,Resz_szamadas!$H$1:$I$21,2,FALSE))=FALSE,1,0) -> 0
BS20: =IF(Kiadasi_kiseroiv!$K$2=BT20,BV20,"") | BT20: =IF(AND($BT$4=CI20,BU20<>""),CC20,"") | BU20: =IF(AND($BU$1=CI20,ISERROR(VLOOKUP(CG20,Kisiv,2,FALSE))=FALSE),CB20,"") | BV20: =IF(BU20<>"",RANK(BU20,$BU$7:$BU$33000,1),"") | BW20: =IF(CC20<min,$BW$2,IF(CC20<=max,CG20,"")) | BX20: =IF(AND(OR($BX$1=0,$BX$1=CG20),OR($BX$2=0,IF(ISERROR(SEARCH($BX$2,CJ20&CK20&CL20,1)),FALSE,TRUE))),CB20,"") | BY20: =IF(AND(BX20<>"",CC20<>$CD$2),RANK(BX20,$BX$7:$BX$33000,1),"") | BZ20: =IF(AND(CC20<$BZ$2,CI20=$BZ$4),$BZ$5,IF(AND(CC20<=$BZ$3,CI20=$BZ$4),CB20,"")) | CA20: =IF(AND(BZ20<>"",BZ20<>$BZ$5),RANK(BZ20,$BZ$7:$BZ$33000,1),"") | CB20: =IF(COUNTIF($CD$7:CD20,CD20)=1,CD20,CD20+COUNTIF($CD$6:CD19,CD20)) -> 55166 | CC20: =IF(INDEX(Kassza,CH20,1)<>1,INDEX(Kassza,CH20,1),$CD$2) -> 55153 | CD20: =IF(CC20<>$CD$2,RANK(CC20,$CC$7:$CC$33000,1),$CD$2) -> 55153 | CE20: =INDEX(Kassza,CH20,6) -> 0 | CF20: =INDEX(Kassza,CH20,8) -> 0 | CG20: =INDEX(Kassza,CH20,7)&INDEX(Kassza,CH20,9) | CH20: 15 | CI20: Kassza | CJ20: =IF(INDEX(Kassza,CH20,5)<>0,INDEX(Kassza,CH20,5),"") | CK20: =IF(INDEX(Kassza,CH20,10)<>0,INDEX(Kassza,CH20,10),"") | CL20: =IF(INDEX(Kassza,CH20,11)<>0,INDEX(Kassza,CH20,11),"") | CM20: =IF(INDEX(Kassza,CH20,4)<>0,INDEX(Kassza,CH20,4),"") | CN20: =IF(INDEX(Kassza,CH20,3)<>0,INDEX(Kassza,CH20,3),"") | CP20: sb | CU20: =[1]Hibak!E1060 -> Distribuirea tipăriturilor | CV20: =INDEX(Csfi,CZ20,1) -> Iratterjesztés - bevétel | CZ20: 863 | DD20: S - számla | DE20: sb | DF20: =IF(ISERROR(VLOOKUP(DD20,Resz_szamadas!$H$1:$I$21,2,FALSE))=FALSE,1,0) -> 0
BS21: =IF(Kiadasi_kiseroiv!$K$2=BT21,BV21,"") | BT21: =IF(AND($BT$4=CI21,BU21<>""),CC21,"") | BU21: =IF(AND($BU$1=CI21,ISERROR(VLOOKUP(CG21,Kisiv,2,FALSE))=FALSE),CB21,"") | BV21: =IF(BU21<>"",RANK(BU21,$BU$7:$BU$33000,1),"") | BW21: =IF(CC21<min,$BW$2,IF(CC21<=max,CG21,"")) | BX21: =IF(AND(OR($BX$1=0,$BX$1=CG21),OR($BX$2=0,IF(ISERROR(SEARCH($BX$2,CJ21&CK21&CL21,1)),FALSE,TRUE))),CB21,"") | BY21: =IF(AND(BX21<>"",CC21<>$CD$2),RANK(BX21,$BX$7:$BX$33000,1),"") | BZ21: =IF(AND(CC21<$BZ$2,CI21=$BZ$4),$BZ$5,IF(AND(CC21<=$BZ$3,CI21=$BZ$4),CB21,"")) | CA21: =IF(AND(BZ21<>"",BZ21<>$BZ$5),RANK(BZ21,$BZ$7:$BZ$33000,1),"") | CB21: =IF(COUNTIF($CD$7:CD21,CD21)=1,CD21,CD21+COUNTIF($CD$6:CD20,CD21)) -> 55167 | CC21: =IF(INDEX(Kassza,CH21,1)<>1,INDEX(Kassza,CH21,1),$CD$2) -> 55153 | CD21: =IF(CC21<>$CD$2,RANK(CC21,$CC$7:$CC$33000,1),$CD$2) -> 55153 | CE21: =INDEX(Kassza,CH21,6) -> 0 | CF21: =INDEX(Kassza,CH21,8) -> 0 | CG21: =INDEX(Kassza,CH21,7)&INDEX(Kassza,CH21,9) | CH21: 16 | CI21: Kassza | CJ21: =IF(INDEX(Kassza,CH21,5)<>0,INDEX(Kassza,CH21,5),"") | CK21: =IF(INDEX(Kassza,CH21,10)<>0,INDEX(Kassza,CH21,10),"") | CL21: =IF(INDEX(Kassza,CH21,11)<>0,INDEX(Kassza,CH21,11),"") | CM21: =IF(INDEX(Kassza,CH21,4)<>0,INDEX(Kassza,CH21,4),"") | CN21: =IF(INDEX(Kassza,CH21,3)<>0,INDEX(Kassza,CH21,3),"") | CP21: tb | CU21: =[1]Hibak!E1061 -> Din valorificarea unor bunuri si vânzare unori actiuni | CV21: =INDEX(Csfi,CZ21,1) -> Javak és részvények értékesítéséből | CZ21: 864 | DD21: T - számla | DE21: tb | DF21: =IF(ISERROR(VLOOKUP(DD21,Resz_szamadas!$H$1:$I$21,2,FALSE))=FALSE,1,0) -> 0
BS22: =IF(Kiadasi_kiseroiv!$K$2=BT22,BV22,"") | BT22: =IF(AND($BT$4=CI22,BU22<>""),CC22,"") | BU22: =IF(AND($BU$1=CI22,ISERROR(VLOOKUP(CG22,Kisiv,2,FALSE))=FALSE),CB22,"") | BV22: =IF(BU22<>"",RANK(BU22,$BU$7:$BU$33000,1),"") | BW22: =IF(CC22<min,$BW$2,IF(CC22<=max,CG22,"")) | BX22: =IF(AND(OR($BX$1=0,$BX$1=CG22),OR($BX$2=0,IF(ISERROR(SEARCH($BX$2,CJ22&CK22&CL22,1)),FALSE,TRUE))),CB22,"") | BY22: =IF(AND(BX22<>"",CC22<>$CD$2),RANK(BX22,$BX$7:$BX$33000,1),"") | BZ22: =IF(AND(CC22<$BZ$2,CI22=$BZ$4),$BZ$5,IF(AND(CC22<=$BZ$3,CI22=$BZ$4),CB22,"")) | CA22: =IF(AND(BZ22<>"",BZ22<>$BZ$5),RANK(BZ22,$BZ$7:$BZ$33000,1),"") | CB22: =IF(COUNTIF($CD$7:CD22,CD22)=1,CD22,CD22+COUNTIF($CD$6:CD21,CD22)) -> 55168 | CC22: =IF(INDEX(Kassza,CH22,1)<>1,INDEX(Kassza,CH22,1),$CD$2) -> 55153 | CD22: =IF(CC22<>$CD$2,RANK(CC22,$CC$7:$CC$33000,1),$CD$2) -> 55153 | CE22: =INDEX(Kassza,CH22,6) -> 0 | CF22: =INDEX(Kassza,CH22,8) -> 0 | CG22: =INDEX(Kassza,CH22,7)&INDEX(Kassza,CH22,9) | CH22: 17 | CI22: Kassza | CJ22: =IF(INDEX(Kassza,CH22,5)<>0,INDEX(Kassza,CH22,5),"") | CK22: =IF(INDEX(Kassza,CH22,10)<>0,INDEX(Kassza,CH22,10),"") | CL22: =IF(INDEX(Kassza,CH22,11)<>0,INDEX(Kassza,CH22,11),"") | CM22: =IF(INDEX(Kassza,CH22,4)<>0,INDEX(Kassza,CH22,4),"") | CN22: =IF(INDEX(Kassza,CH22,3)<>0,INDEX(Kassza,CH22,3),"") | CU22: =[1]Hibak!E1062 -> Rambursări | CV22: =INDEX(Csfi,CZ22,1) -> Számlavisszatérítések | CZ22: 865
BS23: =IF(Kiadasi_kiseroiv!$K$2=BT23,BV23,"") | BT23: =IF(AND($BT$4=CI23,BU23<>""),CC23,"") | BU23: =IF(AND($BU$1=CI23,ISERROR(VLOOKUP(CG23,Kisiv,2,FALSE))=FALSE),CB23,"") | BV23: =IF(BU23<>"",RANK(BU23,$BU$7:$BU$33000,1),"") | BW23: =IF(CC23<min,$BW$2,IF(CC23<=max,CG23,"")) | BX23: =IF(AND(OR($BX$1=0,$BX$1=CG23),OR($BX$2=0,IF(ISERROR(SEARCH($BX$2,CJ23&CK23&CL23,1)),FALSE,TRUE))),CB23,"") | BY23: =IF(AND(BX23<>"",CC23<>$CD$2),RANK(BX23,$BX$7:$BX$33000,1),"") | BZ23: =IF(AND(CC23<$BZ$2,CI23=$BZ$4),$BZ$5,IF(AND(CC23<=$BZ$3,CI23=$BZ$4),CB23,"")) | CA23: =IF(AND(BZ23<>"",BZ23<>$BZ$5),RANK(BZ23,$BZ$7:$BZ$33000,1),"") | CB23: =IF(COUNTIF($CD$7:CD23,CD23)=1,CD23,CD23+COUNTIF($CD$6:CD22,CD23)) -> 55169 | CC23: =IF(INDEX(Kassza,CH23,1)<>1,INDEX(Kassza,CH23,1),$CD$2) -> 55153 | CD23: =IF(CC23<>$CD$2,RANK(CC23,$CC$7:$CC$33000,1),$CD$2) -> 55153 | CE23: =INDEX(Kassza,CH23,6) -> 0 | CF23: =INDEX(Kassza,CH23,8) -> 0 | CG23: =INDEX(Kassza,CH23,7)&INDEX(Kassza,CH23,9) | CH23: 18 | CI23: Kassza | CJ23: =IF(INDEX(Kassza,CH23,5)<>0,INDEX(Kassza,CH23,5),"") | CK23: =IF(INDEX(Kassza,CH23,10)<>0,INDEX(Kassza,CH23,10),"") | CL23: =IF(INDEX(Kassza,CH23,11)<>0,INDEX(Kassza,CH23,11),"") | CM23: =IF(INDEX(Kassza,CH23,4)<>0,INDEX(Kassza,CH23,4),"") | CN23: =IF(INDEX(Kassza,CH23,3)<>0,INDEX(Kassza,CH23,3),"") | CU23: =[1]Hibak!E1063 -> Din sponsorizări | CV23: =INDEX(Csfi,CZ23,1) -> Szponzortámogatások, adók 3,5 %-a | CZ23: 866
BS24: =IF(Kiadasi_kiseroiv!$K$2=BT24,BV24,"") | BT24: =IF(AND($BT$4=CI24,BU24<>""),CC24,"") | BU24: =IF(AND($BU$1=CI24,ISERROR(VLOOKUP(CG24,Kisiv,2,FALSE))=FALSE),CB24,"") | BV24: =IF(BU24<>"",RANK(BU24,$BU$7:$BU$33000,1),"") | BW24: =IF(CC24<min,$BW$2,IF(CC24<=max,CG24,"")) | BX24: =IF(AND(OR($BX$1=0,$BX$1=CG24),OR($BX$2=0,IF(ISERROR(SEARCH($BX$2,CJ24&CK24&CL24,1)),FALSE,TRUE))),CB24,"") | BY24: =IF(AND(BX24<>"",CC24<>$CD$2),RANK(BX24,$BX$7:$BX$33000,1),"") | BZ24: =IF(AND(CC24<$BZ$2,CI24=$BZ$4),$BZ$5,IF(AND(CC24<=$BZ$3,CI24=$BZ$4),CB24,"")) | CA24: =IF(AND(BZ24<>"",BZ24<>$BZ$5),RANK(BZ24,$BZ$7:$BZ$33000,1),"") | CB24: =IF(COUNTIF($CD$7:CD24,CD24)=1,CD24,CD24+COUNTIF($CD$6:CD23,CD24)) -> 55170 | CC24: =IF(INDEX(Kassza,CH24,1)<>1,INDEX(Kassza,CH24,1),$CD$2) -> 55153 | CD24: =IF(CC24<>$CD$2,RANK(CC24,$CC$7:$CC$33000,1),$CD$2) -> 55153 | CE24: =INDEX(Kassza,CH24,6) -> 0 | CF24: =INDEX(Kassza,CH24,8) -> 0 | CG24: =INDEX(Kassza,CH24,7)&INDEX(Kassza,CH24,9) | CH24: 19 | CI24: Kassza | CJ24: =IF(INDEX(Kassza,CH24,5)<>0,INDEX(Kassza,CH24,5),"") | CK24: =IF(INDEX(Kassza,CH24,10)<>0,INDEX(Kassza,CH24,10),"") | CL24: =IF(INDEX(Kassza,CH24,11)<>0,INDEX(Kassza,CH24,11),"") | CM24: =IF(INDEX(Kassza,CH24,4)<>0,INDEX(Kassza,CH24,4),"") | CN24: =IF(INDEX(Kassza,CH24,3)<>0,INDEX(Kassza,CH24,3),"") | CU24: =[1]Hibak!E1064 -> Activităţi agricole | CV24: =INDEX(Csfi,CZ24,1) -> Mezőgazdasági jövedelem | CZ24: 867
BS25: =IF(Kiadasi_kiseroiv!$K$2=BT25,BV25,"") | BT25: =IF(AND($BT$4=CI25,BU25<>""),CC25,"") | BU25: =IF(AND($BU$1=CI25,ISERROR(VLOOKUP(CG25,Kisiv,2,FALSE))=FALSE),CB25,"") | BV25: =IF(BU25<>"",RANK(BU25,$BU$7:$BU$33000,1),"") | BW25: =IF(CC25<min,$BW$2,IF(CC25<=max,CG25,"")) | BX25: =IF(AND(OR($BX$1=0,$BX$1=CG25),OR($BX$2=0,IF(ISERROR(SEARCH($BX$2,CJ25&CK25&CL25,1)),FALSE,TRUE))),CB25,"") | BY25: =IF(AND(BX25<>"",CC25<>$CD$2),RANK(BX25,$BX$7:$BX$33000,1),"") | BZ25: =IF(AND(CC25<$BZ$2,CI25=$BZ$4),$BZ$5,IF(AND(CC25<=$BZ$3,CI25=$BZ$4),CB25,"")) | CA25: =IF(AND(BZ25<>"",BZ25<>$BZ$5),RANK(BZ25,$BZ$7:$BZ$33000,1),"") | CB25: =IF(COUNTIF($CD$7:CD25,CD25)=1,CD25,CD25+COUNTIF($CD$6:CD24,CD25)) -> 55171 | CC25: =IF(INDEX(Kassza,CH25,1)<>1,INDEX(Kassza,CH25,1),$CD$2) -> 55153 | CD25: =IF(CC25<>$CD$2,RANK(CC25,$CC$7:$CC$33000,1),$CD$2) -> 55153 | CE25: =INDEX(Kassza,CH25,6) -> 0 | CF25: =INDEX(Kassza,CH25,8) -> 0 | CG25: =INDEX(Kassza,CH25,7)&INDEX(Kassza,CH25,9) | CH25: 20 | CI25: Kassza | CJ25: =IF(INDEX(Kassza,CH25,5)<>0,INDEX(Kassza,CH25,5),"") | CK25: =IF(INDEX(Kassza,CH25,10)<>0,INDEX(Kassza,CH25,10),"") | CL25: =IF(INDEX(Kassza,CH25,11)<>0,INDEX(Kassza,CH25,11),"") | CM25: =IF(INDEX(Kassza,CH25,4)<>0,INDEX(Kassza,CH25,4),"") | CN25: =IF(INDEX(Kassza,CH25,3)<>0,INDEX(Kassza,CH25,3),"") | CU25: =[1]Hibak!E1065 -> Activităţi silvice | CV25: =INDEX(Csfi,CZ25,1) -> Erdőgazdálkodási jövedelem | CZ25: 868
BS26: =IF(Kiadasi_kiseroiv!$K$2=BT26,BV26,"") | BT26: =IF(AND($BT$4=CI26,BU26<>""),CC26,"") | BU26: =IF(AND($BU$1=CI26,ISERROR(VLOOKUP(CG26,Kisiv,2,FALSE))=FALSE),CB26,"") | BV26: =IF(BU26<>"",RANK(BU26,$BU$7:$BU$33000,1),"") | BW26: =IF(CC26<min,$BW$2,IF(CC26<=max,CG26,"")) | BX26: =IF(AND(OR($BX$1=0,$BX$1=CG26),OR($BX$2=0,IF(ISERROR(SEARCH($BX$2,CJ26&CK26&CL26,1)),FALSE,TRUE))),CB26,"") | BY26: =IF(AND(BX26<>"",CC26<>$CD$2),RANK(BX26,$BX$7:$BX$33000,1),"") | BZ26: =IF(AND(CC26<$BZ$2,CI26=$BZ$4),$BZ$5,IF(AND(CC26<=$BZ$3,CI26=$BZ$4),CB26,"")) | CA26: =IF(AND(BZ26<>"",BZ26<>$BZ$5),RANK(BZ26,$BZ$7:$BZ$33000,1),"") | CB26: =IF(COUNTIF($CD$7:CD26,CD26)=1,CD26,CD26+COUNTIF($CD$6:CD25,CD26)) -> 55172 | CC26: =IF(INDEX(Kassza,CH26,1)<>1,INDEX(Kassza,CH26,1),$CD$2) -> 55153 | CD26: =IF(CC26<>$CD$2,RANK(CC26,$CC$7:$CC$33000,1),$CD$2) -> 55153 | CE26: =INDEX(Kassza,CH26,6) -> 0 | CF26: =INDEX(Kassza,CH26,8) -> 0 | CG26: =INDEX(Kassza,CH26,7)&INDEX(Kassza,CH26,9) | CH26: 21 | CI26: Kassza | CJ26: =IF(INDEX(Kassza,CH26,5)<>0,INDEX(Kassza,CH26,5),"") | CK26: =IF(INDEX(Kassza,CH26,10)<>0,INDEX(Kassza,CH26,10),"") | CL26: =IF(INDEX(Kassza,CH26,11)<>0,INDEX(Kassza,CH26,11),"") | CM26: =IF(INDEX(Kassza,CH26,4)<>0,INDEX(Kassza,CH26,4),"") | CN26: =IF(INDEX(Kassza,CH26,3)<>0,INDEX(Kassza,CH26,3),"") | CU26: =[1]Hibak!E1066 -> Alte venituri din activităţi anexe | CV26: =INDEX(Csfi,CZ26,1) -> Más gazdasági bevételek | CZ26: 869
BS27: =IF(Kiadasi_kiseroiv!$K$2=BT27,BV27,"") | BT27: =IF(AND($BT$4=CI27,BU27<>""),CC27,"") | BU27: =IF(AND($BU$1=CI27,ISERROR(VLOOKUP(CG27,Kisiv,2,FALSE))=FALSE),CB27,"") | BV27: =IF(BU27<>"",RANK(BU27,$BU$7:$BU$33000,1),"") | BW27: =IF(CC27<min,$BW$2,IF(CC27<=max,CG27,"")) | BX27: =IF(AND(OR($BX$1=0,$BX$1=CG27),OR($BX$2=0,IF(ISERROR(SEARCH($BX$2,CJ27&CK27&CL27,1)),FALSE,TRUE))),CB27,"") | BY27: =IF(AND(BX27<>"",CC27<>$CD$2),RANK(BX27,$BX$7:$BX$33000,1),"") | BZ27: =IF(AND(CC27<$BZ$2,CI27=$BZ$4),$BZ$5,IF(AND(CC27<=$BZ$3,CI27=$BZ$4),CB27,"")) | CA27: =IF(AND(BZ27<>"",BZ27<>$BZ$5),RANK(BZ27,$BZ$7:$BZ$33000,1),"") | CB27: =IF(COUNTIF($CD$7:CD27,CD27)=1,CD27,CD27+COUNTIF($CD$6:CD26,CD27)) -> 55173 | CC27: =IF(INDEX(Kassza,CH27,1)<>1,INDEX(Kassza,CH27,1),$CD$2) -> 55153 | CD27: =IF(CC27<>$CD$2,RANK(CC27,$CC$7:$CC$33000,1),$CD$2) -> 55153 | CE27: =INDEX(Kassza,CH27,6) -> 0 | CF27: =INDEX(Kassza,CH27,8) -> 0 | CG27: =INDEX(Kassza,CH27,7)&INDEX(Kassza,CH27,9) | CH27: 22 | CI27: Kassza | CJ27: =IF(INDEX(Kassza,CH27,5)<>0,INDEX(Kassza,CH27,5),"") | CK27: =IF(INDEX(Kassza,CH27,10)<>0,INDEX(Kassza,CH27,10),"") | CL27: =IF(INDEX(Kassza,CH27,11)<>0,INDEX(Kassza,CH27,11),"") | CM27: =IF(INDEX(Kassza,CH27,4)<>0,INDEX(Kassza,CH27,4),"") | CN27: =IF(INDEX(Kassza,CH27,3)<>0,INDEX(Kassza,CH27,3),"") | CU27: =[1]Hibak!E1067 -> Venit din închirierea clădirilor | CV27: =INDEX(Csfi,CZ27,1) -> Épületek bérjövedelme | CZ27: 870
BS28: =IF(Kiadasi_kiseroiv!$K$2=BT28,BV28,"") | BT28: =IF(AND($BT$4=CI28,BU28<>""),CC28,"") | BU28: =IF(AND($BU$1=CI28,ISERROR(VLOOKUP(CG28,Kisiv,2,FALSE))=FALSE),CB28,"") | BV28: =IF(BU28<>"",RANK(BU28,$BU$7:$BU$33000,1),"") | BW28: =IF(CC28<min,$BW$2,IF(CC28<=max,CG28,"")) | BX28: =IF(AND(OR($BX$1=0,$BX$1=CG28),OR($BX$2=0,IF(ISERROR(SEARCH($BX$2,CJ28&CK28&CL28,1)),FALSE,TRUE))),CB28,"") | BY28: =IF(AND(BX28<>"",CC28<>$CD$2),RANK(BX28,$BX$7:$BX$33000,1),"") | BZ28: =IF(AND(CC28<$BZ$2,CI28=$BZ$4),$BZ$5,IF(AND(CC28<=$BZ$3,CI28=$BZ$4),CB28,"")) | CA28: =IF(AND(BZ28<>"",BZ28<>$BZ$5),RANK(BZ28,$BZ$7:$BZ$33000,1),"") | CB28: =IF(COUNTIF($CD$7:CD28,CD28)=1,CD28,CD28+COUNTIF($CD$6:CD27,CD28)) -> 55174 | CC28: =IF(INDEX(Kassza,CH28,1)<>1,INDEX(Kassza,CH28,1),$CD$2) -> 55153 | CD28: =IF(CC28<>$CD$2,RANK(CC28,$CC$7:$CC$33000,1),$CD$2) -> 55153 | CE28: =INDEX(Kassza,CH28,6) -> 0 | CF28: =INDEX(Kassza,CH28,8) -> 0 | CG28: =INDEX(Kassza,CH28,7)&INDEX(Kassza,CH28,9) | CH28: 23 | CI28: Kassza | CJ28: =IF(INDEX(Kassza,CH28,5)<>0,INDEX(Kassza,CH28,5),"") | CK28: =IF(INDEX(Kassza,CH28,10)<>0,INDEX(Kassza,CH28,10),"") | CL28: =IF(INDEX(Kassza,CH28,11)<>0,INDEX(Kassza,CH28,11),"") | CM28: =IF(INDEX(Kassza,CH28,4)<>0,INDEX(Kassza,CH28,4),"") | CN28: =IF(INDEX(Kassza,CH28,3)<>0,INDEX(Kassza,CH28,3),"") | CU28: =[1]Hibak!E1068 -> Venit din închirierea terenurilor | CV28: =INDEX(Csfi,CZ28,1) -> Területek bérjövedelme | CZ28: 871
BS29: =IF(Kiadasi_kiseroiv!$K$2=BT29,BV29,"") | BT29: =IF(AND($BT$4=CI29,BU29<>""),CC29,"") | BU29: =IF(AND($BU$1=CI29,ISERROR(VLOOKUP(CG29,Kisiv,2,FALSE))=FALSE),CB29,"") | BV29: =IF(BU29<>"",RANK(BU29,$BU$7:$BU$33000,1),"") | BW29: =IF(CC29<min,$BW$2,IF(CC29<=max,CG29,"")) | BX29: =IF(AND(OR($BX$1=0,$BX$1=CG29),OR($BX$2=0,IF(ISERROR(SEARCH($BX$2,CJ29&CK29&CL29,1)),FALSE,TRUE))),CB29,"") | BY29: =IF(AND(BX29<>"",CC29<>$CD$2),RANK(BX29,$BX$7:$BX$33000,1),"") | BZ29: =IF(AND(CC29<$BZ$2,CI29=$BZ$4),$BZ$5,IF(AND(CC29<=$BZ$3,CI29=$BZ$4),CB29,"")) | CA29: =IF(AND(BZ29<>"",BZ29<>$BZ$5),RANK(BZ29,$BZ$7:$BZ$33000,1),"") | CB29: =IF(COUNTIF($CD$7:CD29,CD29)=1,CD29,CD29+COUNTIF($CD$6:CD28,CD29)) -> 55175 | CC29: =IF(INDEX(Kassza,CH29,1)<>1,INDEX(Kassza,CH29,1),$CD$2) -> 55153 | CD29: =IF(CC29<>$CD$2,RANK(CC29,$CC$7:$CC$33000,1),$CD$2) -> 55153 | CE29: =INDEX(Kassza,CH29,6) -> 0 | CF29: =INDEX(Kassza,CH29,8) -> 0 | CG29: =INDEX(Kassza,CH29,7)&INDEX(Kassza,CH29,9) | CH29: 24 | CI29: Kassza | CJ29: =IF(INDEX(Kassza,CH29,5)<>0,INDEX(Kassza,CH29,5),"") | CK29: =IF(INDEX(Kassza,CH29,10)<>0,INDEX(Kassza,CH29,10),"") | CL29: =IF(INDEX(Kassza,CH29,11)<>0,INDEX(Kassza,CH29,11),"") | CM29: =IF(INDEX(Kassza,CH29,4)<>0,INDEX(Kassza,CH29,4),"") | CN29: =IF(INDEX(Kassza,CH29,3)<>0,INDEX(Kassza,CH29,3),"") | CU29: =[1]Hibak!E1069 -> De la unităţi din cadrul cultului | CV29: =INDEX(Csfi,CZ29,1) -> Más egyházi intézményektől kapott támogatás | CZ29: 872
BS30: =IF(Kiadasi_kiseroiv!$K$2=BT30,BV30,"") | BT30: =IF(AND($BT$4=CI30,BU30<>""),CC30,"") | BU30: =IF(AND($BU$1=CI30,ISERROR(VLOOKUP(CG30,Kisiv,2,FALSE))=FALSE),CB30,"") | BV30: =IF(BU30<>"",RANK(BU30,$BU$7:$BU$33000,1),"") | BW30: =IF(CC30<min,$BW$2,IF(CC30<=max,CG30,"")) | BX30: =IF(AND(OR($BX$1=0,$BX$1=CG30),OR($BX$2=0,IF(ISERROR(SEARCH($BX$2,CJ30&CK30&CL30,1)),FALSE,TRUE))),CB30,"") | BY30: =IF(AND(BX30<>"",CC30<>$CD$2),RANK(BX30,$BX$7:$BX$33000,1),"") | BZ30: =IF(AND(CC30<$BZ$2,CI30=$BZ$4),$BZ$5,IF(AND(CC30<=$BZ$3,CI30=$BZ$4),CB30,"")) | CA30: =IF(AND(BZ30<>"",BZ30<>$BZ$5),RANK(BZ30,$BZ$7:$BZ$33000,1),"") | CB30: =IF(COUNTIF($CD$7:CD30,CD30)=1,CD30,CD30+COUNTIF($CD$6:CD29,CD30)) -> 55176 | CC30: =IF(INDEX(Kassza,CH30,1)<>1,INDEX(Kassza,CH30,1),$CD$2) -> 55153 | CD30: =IF(CC30<>$CD$2,RANK(CC30,$CC$7:$CC$33000,1),$CD$2) -> 55153 | CE30: =INDEX(Kassza,CH30,6) -> 0 | CF30: =INDEX(Kassza,CH30,8) -> 0 | CG30: =INDEX(Kassza,CH30,7)&INDEX(Kassza,CH30,9) | CH30: 25 | CI30: Kassza | CJ30: =IF(INDEX(Kassza,CH30,5)<>0,INDEX(Kassza,CH30,5),"") | CK30: =IF(INDEX(Kassza,CH30,10)<>0,INDEX(Kassza,CH30,10),"") | CL30: =IF(INDEX(Kassza,CH30,11)<>0,INDEX(Kassza,CH30,11),"") | CM30: =IF(INDEX(Kassza,CH30,4)<>0,INDEX(Kassza,CH30,4),"") | CN30: =IF(INDEX(Kassza,CH30,3)<>0,INDEX(Kassza,CH30,3),"") | CU30: =[1]Hibak!E1070 -> Subvenţii de la stat | CV30: =INDEX(Csfi,CZ30,1) -> Állami intézménytől kapott támogatás (APIA, stb.) | CZ30: 873
BS31: =IF(Kiadasi_kiseroiv!$K$2=BT31,BV31,"") | BT31: =IF(AND($BT$4=CI31,BU31<>""),CC31,"") | BU31: =IF(AND($BU$1=CI31,ISERROR(VLOOKUP(CG31,Kisiv,2,FALSE))=FALSE),CB31,"") | BV31: =IF(BU31<>"",RANK(BU31,$BU$7:$BU$33000,1),"") | BW31: =IF(CC31<min,$BW$2,IF(CC31<=max,CG31,"")) | BX31: =IF(AND(OR($BX$1=0,$BX$1=CG31),OR($BX$2=0,IF(ISERROR(SEARCH($BX$2,CJ31&CK31&CL31,1)),FALSE,TRUE))),CB31,"") | BY31: =IF(AND(BX31<>"",CC31<>$CD$2),RANK(BX31,$BX$7:$BX$33000,1),"") | BZ31: =IF(AND(CC31<$BZ$2,CI31=$BZ$4),$BZ$5,IF(AND(CC31<=$BZ$3,CI31=$BZ$4),CB31,"")) | CA31: =IF(AND(BZ31<>"",BZ31<>$BZ$5),RANK(BZ31,$BZ$7:$BZ$33000,1),"") | CB31: =IF(COUNTIF($CD$7:CD31,CD31)=1,CD31,CD31+COUNTIF($CD$6:CD30,CD31)) -> 55177 | CC31: =IF(INDEX(Kassza,CH31,1)<>1,INDEX(Kassza,CH31,1),$CD$2) -> 55153 | CD31: =IF(CC31<>$CD$2,RANK(CC31,$CC$7:$CC$33000,1),$CD$2) -> 55153 | CE31: =INDEX(Kassza,CH31,6) -> 0 | CF31: =INDEX(Kassza,CH31,8) -> 0 | CG31: =INDEX(Kassza,CH31,7)&INDEX(Kassza,CH31,9) | CH31: 26 | CI31: Kassza | CJ31: =IF(INDEX(Kassza,CH31,5)<>0,INDEX(Kassza,CH31,5),"") | CK31: =IF(INDEX(Kassza,CH31,10)<>0,INDEX(Kassza,CH31,10),"") | CL31: =IF(INDEX(Kassza,CH31,11)<>0,INDEX(Kassza,CH31,11),"") | CM31: =IF(INDEX(Kassza,CH31,4)<>0,INDEX(Kassza,CH31,4),"") | CN31: =IF(INDEX(Kassza,CH31,3)<>0,INDEX(Kassza,CH31,3),"") | CU31: =[1]Hibak!E1071 -> Subvenţii primite pt. salarii* | CV31: =INDEX(Csfi,CZ31,1) -> Kongrua és járulékai | CZ31: 874
BS32: =IF(Kiadasi_kiseroiv!$K$2=BT32,BV32,"") | BT32: =IF(AND($BT$4=CI32,BU32<>""),CC32,"") | BU32: =IF(AND($BU$1=CI32,ISERROR(VLOOKUP(CG32,Kisiv,2,FALSE))=FALSE),CB32,"") | BV32: =IF(BU32<>"",RANK(BU32,$BU$7:$BU$33000,1),"") | BW32: =IF(CC32<min,$BW$2,IF(CC32<=max,CG32,"")) | BX32: =IF(AND(OR($BX$1=0,$BX$1=CG32),OR($BX$2=0,IF(ISERROR(SEARCH($BX$2,CJ32&CK32&CL32,1)),FALSE,TRUE))),CB32,"") | BY32: =IF(AND(BX32<>"",CC32<>$CD$2),RANK(BX32,$BX$7:$BX$33000,1),"") | BZ32: =IF(AND(CC32<$BZ$2,CI32=$BZ$4),$BZ$5,IF(AND(CC32<=$BZ$3,CI32=$BZ$4),CB32,"")) | CA32: =IF(AND(BZ32<>"",BZ32<>$BZ$5),RANK(BZ32,$BZ$7:$BZ$33000,1),"") | CB32: =IF(COUNTIF($CD$7:CD32,CD32)=1,CD32,CD32+COUNTIF($CD$6:CD31,CD32)) -> 55178 | CC32: =IF(INDEX(Kassza,CH32,1)<>1,INDEX(Kassza,CH32,1),$CD$2) -> 55153 | CD32: =IF(CC32<>$CD$2,RANK(CC32,$CC$7:$CC$33000,1),$CD$2) -> 55153 | CE32: =INDEX(Kassza,CH32,6) -> 0 | CF32: =INDEX(Kassza,CH32,8) -> 0 | CG32: =INDEX(Kassza,CH32,7)&INDEX(Kassza,CH32,9) | CH32: 27 | CI32: Kassza | CJ32: =IF(INDEX(Kassza,CH32,5)<>0,INDEX(Kassza,CH32,5),"") | CK32: =IF(INDEX(Kassza,CH32,10)<>0,INDEX(Kassza,CH32,10),"") | CL32: =IF(INDEX(Kassza,CH32,11)<>0,INDEX(Kassza,CH32,11),"") | CM32: =IF(INDEX(Kassza,CH32,4)<>0,INDEX(Kassza,CH32,4),"") | CN32: =IF(INDEX(Kassza,CH32,3)<>0,INDEX(Kassza,CH32,3),"") | CU32: =[1]Hibak!E1072 -> Alte încasări | CV32: =INDEX(Csfi,CZ32,1) -> Bevételek más egyházi intézmények részére | CZ32: 875
BS33: =IF(Kiadasi_kiseroiv!$K$2=BT33,BV33,"") | BT33: =IF(AND($BT$4=CI33,BU33<>""),CC33,"") | BU33: =IF(AND($BU$1=CI33,ISERROR(VLOOKUP(CG33,Kisiv,2,FALSE))=FALSE),CB33,"") | BV33: =IF(BU33<>"",RANK(BU33,$BU$7:$BU$33000,1),"") | BW33: =IF(CC33<min,$BW$2,IF(CC33<=max,CG33,"")) | BX33: =IF(AND(OR($BX$1=0,$BX$1=CG33),OR($BX$2=0,IF(ISERROR(SEARCH($BX$2,CJ33&CK33&CL33,1)),FALSE,TRUE))),CB33,"") | BY33: =IF(AND(BX33<>"",CC33<>$CD$2),RANK(BX33,$BX$7:$BX$33000,1),"") | BZ33: =IF(AND(CC33<$BZ$2,CI33=$BZ$4),$BZ$5,IF(AND(CC33<=$BZ$3,CI33=$BZ$4),CB33,"")) | CA33: =IF(AND(BZ33<>"",BZ33<>$BZ$5),RANK(BZ33,$BZ$7:$BZ$33000,1),"") | CB33: =IF(COUNTIF($CD$7:CD33,CD33)=1,CD33,CD33+COUNTIF($CD$6:CD32,CD33)) -> 55179 | CC33: =IF(INDEX(Kassza,CH33,1)<>1,INDEX(Kassza,CH33,1),$CD$2) -> 55153 | CD33: =IF(CC33<>$CD$2,RANK(CC33,$CC$7:$CC$33000,1),$CD$2) -> 55153 | CE33: =INDEX(Kassza,CH33,6) -> 0 | CF33: =INDEX(Kassza,CH33,8) -> 0 | CG33: =INDEX(Kassza,CH33,7)&INDEX(Kassza,CH33,9) | CH33: 28 | CI33: Kassza | CJ33: =IF(INDEX(Kassza,CH33,5)<>0,INDEX(Kassza,CH33,5),"") | CK33: =IF(INDEX(Kassza,CH33,10)<>0,INDEX(Kassza,CH33,10),"") | CL33: =IF(INDEX(Kassza,CH33,11)<>0,INDEX(Kassza,CH33,11),"") | CM33: =IF(INDEX(Kassza,CH33,4)<>0,INDEX(Kassza,CH33,4),"") | CN33: =IF(INDEX(Kassza,CH33,3)<>0,INDEX(Kassza,CH33,3),"") | CU33: =[1]Hibak!E1073 -> Asigurari* | CV33: =INDEX(Csfi,CZ33,1) -> Biztosítások - bevétel | CZ33: 876
... BS39: =IF(Kiadasi_kiseroiv!$K$2=BT39,BV39,"") | BT39: =IF(AND($BT$4=CI39,BU39<>""),CC39,"") | BU39: =IF(AND($BU$1=CI39,ISERROR(VLOOKUP(CG39,Kisiv,2,FALSE))=FALSE),CB39,"") | BV39: =IF(BU39<>"",RANK(BU39,$BU$7:$BU$33000,1),"") | BW39: =IF(CC39<min,$BW$2,IF(CC39<=max,CG39,"")) | BX39: =IF(AND(OR($BX$1=0,$BX$1=CG39),OR($BX$2=0,IF(ISERROR(SEARCH($BX$2,CJ39&CK39&CL39,1)),FALSE,TRUE))),CB39,"") | BY39: =IF(AND(BX39<>"",CC39<>$CD$2),RANK(BX39,$BX$7:$BX$33000,1),"") | BZ39: =IF(AND(CC39<$BZ$2,CI39=$BZ$4),$BZ$5,IF(AND(CC39<=$BZ$3,CI39=$BZ$4),CB39,"")) | CA39: =IF(AND(BZ39<>"",BZ39<>$BZ$5),RANK(BZ39,$BZ$7:$BZ$33000,1),"") | CB39: =IF(COUNTIF($CD$7:CD39,CD39)=1,CD39,CD39+COUNTIF($CD$6:CD38,CD39)) -> 55185 | CC39: =IF(INDEX(Kassza,CH39,1)<>1,INDEX(Kassza,CH39,1),$CD$2) -> 55153 | CD39: =IF(CC39<>$CD$2,RANK(CC39,$CC$7:$CC$33000,1),$CD$2) -> 55153 | CE39: =INDEX(Kassza,CH39,6) -> 0 | CF39: =INDEX(Kassza,CH39,8) -> 0 | CG39: =INDEX(Kassza,CH39,7)&INDEX(Kassza,CH39,9) | CH39: 34 | CI39: Kassza | CJ39: =IF(INDEX(Kassza,CH39,5)<>0,INDEX(Kassza,CH39,5),"") | CK39: =IF(INDEX(Kassza,CH39,10)<>0,INDEX(Kassza,CH39,10),"") | CL39: =IF(INDEX(Kassza,CH39,11)<>0,INDEX(Kassza,CH39,11),"") | CM39: =IF(INDEX(Kassza,CH39,4)<>0,INDEX(Kassza,CH39,4),"") | CN39: =IF(INDEX(Kassza,CH39,3)<>0,INDEX(Kassza,CH39,3),"") | CU39: =[1]Hibak!E1079 -> Restituiri din credite | CV39: =INDEX(Csfi,CZ39,1) -> Visszakapott hitelek | CZ39: 882
BS40: =IF(Kiadasi_kiseroiv!$K$2=BT40,BV40,"") | BT40: =IF(AND($BT$4=CI40,BU40<>""),CC40,"") | BU40: =IF(AND($BU$1=CI40,ISERROR(VLOOKUP(CG40,Kisiv,2,FALSE))=FALSE),CB40,"") | BV40: =IF(BU40<>"",RANK(BU40,$BU$7:$BU$33000,1),"") | BW40: =IF(CC40<min,$BW$2,IF(CC40<=max,CG40,"")) | BX40: =IF(AND(OR($BX$1=0,$BX$1=CG40),OR($BX$2=0,IF(ISERROR(SEARCH($BX$2,CJ40&CK40&CL40,1)),FALSE,TRUE))),CB40,"") | BY40: =IF(AND(BX40<>"",CC40<>$CD$2),RANK(BX40,$BX$7:$BX$33000,1),"") | BZ40: =IF(AND(CC40<$BZ$2,CI40=$BZ$4),$BZ$5,IF(AND(CC40<=$BZ$3,CI40=$BZ$4),CB40,"")) | CA40: =IF(AND(BZ40<>"",BZ40<>$BZ$5),RANK(BZ40,$BZ$7:$BZ$33000,1),"") | CB40: =IF(COUNTIF($CD$7:CD40,CD40)=1,CD40,CD40+COUNTIF($CD$6:CD39,CD40)) -> 55186 | CC40: =IF(INDEX(Kassza,CH40,1)<>1,INDEX(Kassza,CH40,1),$CD$2) -> 55153 | CD40: =IF(CC40<>$CD$2,RANK(CC40,$CC$7:$CC$33000,1),$CD$2) -> 55153 | CE40: =INDEX(Kassza,CH40,6) -> 0 | CF40: =INDEX(Kassza,CH40,8) -> 0 | CG40: =INDEX(Kassza,CH40,7)&INDEX(Kassza,CH40,9) | CH40: 35 | CI40: Kassza | CJ40: =IF(INDEX(Kassza,CH40,5)<>0,INDEX(Kassza,CH40,5),"") | CK40: =IF(INDEX(Kassza,CH40,10)<>0,INDEX(Kassza,CH40,10),"") | CL40: =IF(INDEX(Kassza,CH40,11)<>0,INDEX(Kassza,CH40,11),"") | CM40: =IF(INDEX(Kassza,CH40,4)<>0,INDEX(Kassza,CH40,4),"") | CN40: =IF(INDEX(Kassza,CH40,3)<>0,INDEX(Kassza,CH40,3),"") | CU40: =[1]Hibak!E1080 -> Contr. pentru prestări servicii efectuate către protopopiat | CV40: =INDEX(Csfi,CZ40,1) -> Fizetés alap | CW40: =CV40 -> Fizetés alap | CZ40: 883
BS41: =IF(Kiadasi_kiseroiv!$K$2=BT41,BV41,"") | BT41: =IF(AND($BT$4=CI41,BU41<>""),CC41,"") | BU41: =IF(AND($BU$1=CI41,ISERROR(VLOOKUP(CG41,Kisiv,2,FALSE))=FALSE),CB41,"") | BV41: =IF(BU41<>"",RANK(BU41,$BU$7:$BU$33000,1),"") | BW41: =IF(CC41<min,$BW$2,IF(CC41<=max,CG41,"")) | BX41: =IF(AND(OR($BX$1=0,$BX$1=CG41),OR($BX$2=0,IF(ISERROR(SEARCH($BX$2,CJ41&CK41&CL41,1)),FALSE,TRUE))),CB41,"") | BY41: =IF(AND(BX41<>"",CC41<>$CD$2),RANK(BX41,$BX$7:$BX$33000,1),"") | BZ41: =IF(AND(CC41<$BZ$2,CI41=$BZ$4),$BZ$5,IF(AND(CC41<=$BZ$3,CI41=$BZ$4),CB41,"")) | CA41: =IF(AND(BZ41<>"",BZ41<>$BZ$5),RANK(BZ41,$BZ$7:$BZ$33000,1),"") | CB41: =IF(COUNTIF($CD$7:CD41,CD41)=1,CD41,CD41+COUNTIF($CD$6:CD40,CD41)) -> 55187 | CC41: =IF(INDEX(Kassza,CH41,1)<>1,INDEX(Kassza,CH41,1),$CD$2) -> 55153 | CD41: =IF(CC41<>$CD$2,RANK(CC41,$CC$7:$CC$33000,1),$CD$2) -> 55153 | CE41: =INDEX(Kassza,CH41,6) -> 0 | CF41: =INDEX(Kassza,CH41,8) -> 0 | CG41: =INDEX(Kassza,CH41,7)&INDEX(Kassza,CH41,9) | CH41: 36 | CI41: Kassza | CJ41: =IF(INDEX(Kassza,CH41,5)<>0,INDEX(Kassza,CH41,5),"") | CK41: =IF(INDEX(Kassza,CH41,10)<>0,INDEX(Kassza,CH41,10),"") | CL41: =IF(INDEX(Kassza,CH41,11)<>0,INDEX(Kassza,CH41,11),"") | CM41: =IF(INDEX(Kassza,CH41,4)<>0,INDEX(Kassza,CH41,4),"") | CN41: =IF(INDEX(Kassza,CH41,3)<>0,INDEX(Kassza,CH41,3),"") | CU41: =[1]Hibak!E1081 -> Cheltuieli de întreţinere (încălzire iluminat apă etc.) | CV41: =INDEX(Csfi,CZ41,1) -> Közköltségek (fűtés, világítás, víz stb.) | CW41: =CV41 -> Közköltségek (fűtés, világítás, víz stb.) | CZ41: 884
BS42: =IF(Kiadasi_kiseroiv!$K$2=BT42,BV42,"") | BT42: =IF(AND($BT$4=CI42,BU42<>""),CC42,"") | BU42: =IF(AND($BU$1=CI42,ISERROR(VLOOKUP(CG42,Kisiv,2,FALSE))=FALSE),CB42,"") | BV42: =IF(BU42<>"",RANK(BU42,$BU$7:$BU$33000,1),"") | BW42: =IF(CC42<min,$BW$2,IF(CC42<=max,CG42,"")) | BX42: =IF(AND(OR($BX$1=0,$BX$1=CG42),OR($BX$2=0,IF(ISERROR(SEARCH($BX$2,CJ42&CK42&CL42,1)),FALSE,TRUE))),CB42,"") | BY42: =IF(AND(BX42<>"",CC42<>$CD$2),RANK(BX42,$BX$7:$BX$33000,1),"") | BZ42: =IF(AND(CC42<$BZ$2,CI42=$BZ$4),$BZ$5,IF(AND(CC42<=$BZ$3,CI42=$BZ$4),CB42,"")) | CA42: =IF(AND(BZ42<>"",BZ42<>$BZ$5),RANK(BZ42,$BZ$7:$BZ$33000,1),"") | CB42: =IF(COUNTIF($CD$7:CD42,CD42)=1,CD42,CD42+COUNTIF($CD$6:CD41,CD42)) -> 55188 | CC42: =IF(INDEX(Kassza,CH42,1)<>1,INDEX(Kassza,CH42,1),$CD$2) -> 55153 | CD42: =IF(CC42<>$CD$2,RANK(CC42,$CC$7:$CC$33000,1),$CD$2) -> 55153 | CE42: =INDEX(Kassza,CH42,6) -> 0 | CF42: =INDEX(Kassza,CH42,8) -> 0 | CG42: =INDEX(Kassza,CH42,7)&INDEX(Kassza,CH42,9) | CH42: 37 | CI42: Kassza | CJ42: =IF(INDEX(Kassza,CH42,5)<>0,INDEX(Kassza,CH42,5),"") | CK42: =IF(INDEX(Kassza,CH42,10)<>0,INDEX(Kassza,CH42,10),"") | CL42: =IF(INDEX(Kassza,CH42,11)<>0,INDEX(Kassza,CH42,11),"") | CM42: =IF(INDEX(Kassza,CH42,4)<>0,INDEX(Kassza,CH42,4),"") | CN42: =IF(INDEX(Kassza,CH42,3)<>0,INDEX(Kassza,CH42,3),"") | CU42: =[1]Hibak!E1082 -> Chirii | CV42: =INDEX(Csfi,CZ42,1) -> Házbérek | CW42: =CV42 -> Házbérek | CZ42: 885
BS43: =IF(Kiadasi_kiseroiv!$K$2=BT43,BV43,"") | BT43: =IF(AND($BT$4=CI43,BU43<>""),CC43,"") | BU43: =IF(AND($BU$1=CI43,ISERROR(VLOOKUP(CG43,Kisiv,2,FALSE))=FALSE),CB43,"") | BV43: =IF(BU43<>"",RANK(BU43,$BU$7:$BU$33000,1),"") | BW43: =IF(CC43<min,$BW$2,IF(CC43<=max,CG43,"")) | BX43: =IF(AND(OR($BX$1=0,$BX$1=CG43),OR($BX$2=0,IF(ISERROR(SEARCH($BX$2,CJ43&CK43&CL43,1)),FALSE,TRUE))),CB43,"") | BY43: =IF(AND(BX43<>"",CC43<>$CD$2),RANK(BX43,$BX$7:$BX$33000,1),"") | BZ43: =IF(AND(CC43<$BZ$2,CI43=$BZ$4),$BZ$5,IF(AND(CC43<=$BZ$3,CI43=$BZ$4),CB43,"")) | CA43: =IF(AND(BZ43<>"",BZ43<>$BZ$5),RANK(BZ43,$BZ$7:$BZ$33000,1),"") | CB43: =IF(COUNTIF($CD$7:CD43,CD43)=1,CD43,CD43+COUNTIF($CD$6:CD42,CD43)) -> 55189 | CC43: =IF(INDEX(Kassza,CH43,1)<>1,INDEX(Kassza,CH43,1),$CD$2) -> 55153 | CD43: =IF(CC43<>$CD$2,RANK(CC43,$CC$7:$CC$33000,1),$CD$2) -> 55153 | CE43: =INDEX(Kassza,CH43,6) -> 0 | CF43: =INDEX(Kassza,CH43,8) -> 0 | CG43: =INDEX(Kassza,CH43,7)&INDEX(Kassza,CH43,9) | CH43: 38 | CI43: Kassza | CJ43: =IF(INDEX(Kassza,CH43,5)<>0,INDEX(Kassza,CH43,5),"") | CK43: =IF(INDEX(Kassza,CH43,10)<>0,INDEX(Kassza,CH43,10),"") | CL43: =IF(INDEX(Kassza,CH43,11)<>0,INDEX(Kassza,CH43,11),"") | CM43: =IF(INDEX(Kassza,CH43,4)<>0,INDEX(Kassza,CH43,4),"") | CN43: =IF(INDEX(Kassza,CH43,3)<>0,INDEX(Kassza,CH43,3),"") | CU43: =[1]Hibak!E1083 -> Impozite, taxe, şi asigurări ADAS | CV43: =INDEX(Csfi,CZ43,1) -> Épületadó, földadó biztosítás | CW43: =CV43 -> Épületadó, földadó biztosítás | CZ43: 886
BS44: =IF(Kiadasi_kiseroiv!$K$2=BT44,BV44,"") | BT44: =IF(AND($BT$4=CI44,BU44<>""),CC44,"") | BU44: =IF(AND($BU$1=CI44,ISERROR(VLOOKUP(CG44,Kisiv,2,FALSE))=FALSE),CB44,"") | BV44: =IF(BU44<>"",RANK(BU44,$BU$7:$BU$33000,1),"") | BW44: =IF(CC44<min,$BW$2,IF(CC44<=max,CG44,"")) | BX44: =IF(AND(OR($BX$1=0,$BX$1=CG44),OR($BX$2=0,IF(ISERROR(SEARCH($BX$2,CJ44&CK44&CL44,1)),FALSE,TRUE))),CB44,"") | BY44: =IF(AND(BX44<>"",CC44<>$CD$2),RANK(BX44,$BX$7:$BX$33000,1),"") | BZ44: =IF(AND(CC44<$BZ$2,CI44=$BZ$4),$BZ$5,IF(AND(CC44<=$BZ$3,CI44=$BZ$4),CB44,"")) | CA44: =IF(AND(BZ44<>"",BZ44<>$BZ$5),RANK(BZ44,$BZ$7:$BZ$33000,1),"") | CB44: =IF(COUNTIF($CD$7:CD44,CD44)=1,CD44,CD44+COUNTIF($CD$6:CD43,CD44)) -> 55190 | CC44: =IF(INDEX(Kassza,CH44,1)<>1,INDEX(Kassza,CH44,1),$CD$2) -> 55153 | CD44: =IF(CC44<>$CD$2,RANK(CC44,$CC$7:$CC$33000,1),$CD$2) -> 55153 | CE44: =INDEX(Kassza,CH44,6) -> 0 | CF44: =INDEX(Kassza,CH44,8) -> 0 | CG44: =INDEX(Kassza,CH44,7)&INDEX(Kassza,CH44,9) | CH44: 39 | CI44: Kassza | CJ44: =IF(INDEX(Kassza,CH44,5)<>0,INDEX(Kassza,CH44,5),"") | CK44: =IF(INDEX(Kassza,CH44,10)<>0,INDEX(Kassza,CH44,10),"") | CL44: =IF(INDEX(Kassza,CH44,11)<>0,INDEX(Kassza,CH44,11),"") | CM44: =IF(INDEX(Kassza,CH44,4)<>0,INDEX(Kassza,CH44,4),"") | CN44: =IF(INDEX(Kassza,CH44,3)<>0,INDEX(Kassza,CH44,3),"") | CU44: =[1]Hibak!E1084 -> Mijloace de transport | CV44: =INDEX(Csfi,CZ44,1) -> Szállítóeszközök üzemeltetési költségei | CW44: =CV44 -> Szállítóeszközök üzemeltetési költségei | CZ44: 887
BS45: =IF(Kiadasi_kiseroiv!$K$2=BT45,BV45,"") | BT45: =IF(AND($BT$4=CI45,BU45<>""),CC45,"") | BU45: =IF(AND($BU$1=CI45,ISERROR(VLOOKUP(CG45,Kisiv,2,FALSE))=FALSE),CB45,"") | BV45: =IF(BU45<>"",RANK(BU45,$BU$7:$BU$33000,1),"") | BW45: =IF(CC45<min,$BW$2,IF(CC45<=max,CG45,"")) | BX45: =IF(AND(OR($BX$1=0,$BX$1=CG45),OR($BX$2=0,IF(ISERROR(SEARCH($BX$2,CJ45&CK45&CL45,1)),FALSE,TRUE))),CB45,"") | BY45: =IF(AND(BX45<>"",CC45<>$CD$2),RANK(BX45,$BX$7:$BX$33000,1),"") | BZ45: =IF(AND(CC45<$BZ$2,CI45=$BZ$4),$BZ$5,IF(AND(CC45<=$BZ$3,CI45=$BZ$4),CB45,"")) | CA45: =IF(AND(BZ45<>"",BZ45<>$BZ$5),RANK(BZ45,$BZ$7:$BZ$33000,1),"") | CB45: =IF(COUNTIF($CD$7:CD45,CD45)=1,CD45,CD45+COUNTIF($CD$6:CD44,CD45)) -> 55191 | CC45: =IF(INDEX(Kassza,CH45,1)<>1,INDEX(Kassza,CH45,1),$CD$2) -> 55153 | CD45: =IF(CC45<>$CD$2,RANK(CC45,$CC$7:$CC$33000,1),$CD$2) -> 55153 | CE45: =INDEX(Kassza,CH45,6) -> 0 | CF45: =INDEX(Kassza,CH45,8) -> 0 | CG45: =INDEX(Kassza,CH45,7)&INDEX(Kassza,CH45,9) | CH45: 40 | CI45: Kassza | CJ45: =IF(INDEX(Kassza,CH45,5)<>0,INDEX(Kassza,CH45,5),"") | CK45: =IF(INDEX(Kassza,CH45,10)<>0,INDEX(Kassza,CH45,10),"") | CL45: =IF(INDEX(Kassza,CH45,11)<>0,INDEX(Kassza,CH45,11),"") | CM45: =IF(INDEX(Kassza,CH45,4)<>0,INDEX(Kassza,CH45,4),"") | CN45: =IF(INDEX(Kassza,CH45,3)<>0,INDEX(Kassza,CH45,3),"") | CU45: =[1]Hibak!E1085 -> Diurnă, cheltuieli de deplasare | CV45: =INDEX(Csfi,CZ45,1) -> Napidíj, utazási költségek | CW45: =CV45 -> Napidíj, utazási költségek | CZ45: 888
BS46: =IF(Kiadasi_kiseroiv!$K$2=BT46,BV46,"") | BT46: =IF(AND($BT$4=CI46,BU46<>""),CC46,"") | BU46: =IF(AND($BU$1=CI46,ISERROR(VLOOKUP(CG46,Kisiv,2,FALSE))=FALSE),CB46,"") | BV46: =IF(BU46<>"",RANK(BU46,$BU$7:$BU$33000,1),"") | BW46: =IF(CC46<min,$BW$2,IF(CC46<=max,CG46,"")) | BX46: =IF(AND(OR($BX$1=0,$BX$1=CG46),OR($BX$2=0,IF(ISERROR(SEARCH($BX$2,CJ46&CK46&CL46,1)),FALSE,TRUE))),CB46,"") | BY46: =IF(AND(BX46<>"",CC46<>$CD$2),RANK(BX46,$BX$7:$BX$33000,1),"") | BZ46: =IF(AND(CC46<$BZ$2,CI46=$BZ$4),$BZ$5,IF(AND(CC46<=$BZ$3,CI46=$BZ$4),CB46,"")) | CA46: =IF(AND(BZ46<>"",BZ46<>$BZ$5),RANK(BZ46,$BZ$7:$BZ$33000,1),"") | CB46: =IF(COUNTIF($CD$7:CD46,CD46)=1,CD46,CD46+COUNTIF($CD$6:CD45,CD46)) -> 55192 | CC46: =IF(INDEX(Kassza,CH46,1)<>1,INDEX(Kassza,CH46,1),$CD$2) -> 55153 | CD46: =IF(CC46<>$CD$2,RANK(CC46,$CC$7:$CC$33000,1),$CD$2) -> 55153 | CE46: =INDEX(Kassza,CH46,6) -> 0 | CF46: =INDEX(Kassza,CH46,8) -> 0 | CG46: =INDEX(Kassza,CH46,7)&INDEX(Kassza,CH46,9) | CH46: 41 | CI46: Kassza | CJ46: =IF(INDEX(Kassza,CH46,5)<>0,INDEX(Kassza,CH46,5),"") | CK46: =IF(INDEX(Kassza,CH46,10)<>0,INDEX(Kassza,CH46,10),"") | CL46: =IF(INDEX(Kassza,CH46,11)<>0,INDEX(Kassza,CH46,11),"") | CM46: =IF(INDEX(Kassza,CH46,4)<>0,INDEX(Kassza,CH46,4),"") | CN46: =IF(INDEX(Kassza,CH46,3)<>0,INDEX(Kassza,CH46,3),"") | CU46: =[1]Hibak!E1086 -> Poştă, telefon, internet | CV46: =INDEX(Csfi,CZ46,1) -> Posta, telefon, internet | CW46: =CV46 -> Posta, telefon, internet | CZ46: 889
BS47: =IF(Kiadasi_kiseroiv!$K$2=BT47,BV47,"") | BT47: =IF(AND($BT$4=CI47,BU47<>""),CC47,"") | BU47: =IF(AND($BU$1=CI47,ISERROR(VLOOKUP(CG47,Kisiv,2,FALSE))=FALSE),CB47,"") | BV47: =IF(BU47<>"",RANK(BU47,$BU$7:$BU$33000,1),"") | BW47: =IF(CC47<min,$BW$2,IF(CC47<=max,CG47,"")) | BX47: =IF(AND(OR($BX$1=0,$BX$1=CG47),OR($BX$2=0,IF(ISERROR(SEARCH($BX$2,CJ47&CK47&CL47,1)),FALSE,TRUE))),CB47,"") | BY47: =IF(AND(BX47<>"",CC47<>$CD$2),RANK(BX47,$BX$7:$BX$33000,1),"") | BZ47: =IF(AND(CC47<$BZ$2,CI47=$BZ$4),$BZ$5,IF(AND(CC47<=$BZ$3,CI47=$BZ$4),CB47,"")) | CA47: =IF(AND(BZ47<>"",BZ47<>$BZ$5),RANK(BZ47,$BZ$7:$BZ$33000,1),"") | CB47: =IF(COUNTIF($CD$7:CD47,CD47)=1,CD47,CD47+COUNTIF($CD$6:CD46,CD47)) -> 55193 | CC47: =IF(INDEX(Kassza,CH47,1)<>1,INDEX(Kassza,CH47,1),$CD$2) -> 55153 | CD47: =IF(CC47<>$CD$2,RANK(CC47,$CC$7:$CC$33000,1),$CD$2) -> 55153 | CE47: =INDEX(Kassza,CH47,6) -> 0 | CF47: =INDEX(Kassza,CH47,8) -> 0 | CG47: =INDEX(Kassza,CH47,7)&INDEX(Kassza,CH47,9) | CH47: 42 | CI47: Kassza | CJ47: =IF(INDEX(Kassza,CH47,5)<>0,INDEX(Kassza,CH47,5),"") | CK47: =IF(INDEX(Kassza,CH47,10)<>0,INDEX(Kassza,CH47,10),"") | CL47: =IF(INDEX(Kassza,CH47,11)<>0,INDEX(Kassza,CH47,11),"") | CM47: =IF(INDEX(Kassza,CH47,4)<>0,INDEX(Kassza,CH47,4),"") | CN47: =IF(INDEX(Kassza,CH47,3)<>0,INDEX(Kassza,CH47,3),"") | CU47: =[1]Hibak!E1087 -> Articole de birotică și papetărie | CV47: =INDEX(Csfi,CZ47,1) -> Irodaszerek, nyomtatványok | CW47: =CV47 -> Irodaszerek, nyomtatványok | CZ47: 890
BS48: =IF(Kiadasi_kiseroiv!$K$2=BT48,BV48,"") | BT48: =IF(AND($BT$4=CI48,BU48<>""),CC48,"") | BU48: =IF(AND($BU$1=CI48,ISERROR(VLOOKUP(CG48,Kisiv,2,FALSE))=FALSE),CB48,"") | BV48: =IF(BU48<>"",RANK(BU48,$BU$7:$BU$33000,1),"") | BW48: =IF(CC48<min,$BW$2,IF(CC48<=max,CG48,"")) | BX48: =IF(AND(OR($BX$1=0,$BX$1=CG48),OR($BX$2=0,IF(ISERROR(SEARCH($BX$2,CJ48&CK48&CL48,1)),FALSE,TRUE))),CB48,"") | BY48: =IF(AND(BX48<>"",CC48<>$CD$2),RANK(BX48,$BX$7:$BX$33000,1),"") | BZ48: =IF(AND(CC48<$BZ$2,CI48=$BZ$4),$BZ$5,IF(AND(CC48<=$BZ$3,CI48=$BZ$4),CB48,"")) | CA48: =IF(AND(BZ48<>"",BZ48<>$BZ$5),RANK(BZ48,$BZ$7:$BZ$33000,1),"") | CB48: =IF(COUNTIF($CD$7:CD48,CD48)=1,CD48,CD48+COUNTIF($CD$6:CD47,CD48)) -> 55194 | CC48: =IF(INDEX(Kassza,CH48,1)<>1,INDEX(Kassza,CH48,1),$CD$2) -> 55153 | CD48: =IF(CC48<>$CD$2,RANK(CC48,$CC$7:$CC$33000,1),$CD$2) -> 55153 | CE48: =INDEX(Kassza,CH48,6) -> 0 | CF48: =INDEX(Kassza,CH48,8) -> 0 | CG48: =INDEX(Kassza,CH48,7)&INDEX(Kassza,CH48,9) | CH48: 43 | CI48: Kassza | CJ48: =IF(INDEX(Kassza,CH48,5)<>0,INDEX(Kassza,CH48,5),"") | CK48: =IF(INDEX(Kassza,CH48,10)<>0,INDEX(Kassza,CH48,10),"") | CL48: =IF(INDEX(Kassza,CH48,11)<>0,INDEX(Kassza,CH48,11),"") | CM48: =IF(INDEX(Kassza,CH48,4)<>0,INDEX(Kassza,CH48,4),"") | CN48: =IF(INDEX(Kassza,CH48,3)<>0,INDEX(Kassza,CH48,3),"") | CU48: =[1]Hibak!E1088 -> Alte materiale | CV48: =INDEX(Csfi,CZ48,1) -> Fogyóanyagok, más anyagok | CW48: =CV48 -> Fogyóanyagok, más anyagok | CZ48: 891
BS49: =IF(Kiadasi_kiseroiv!$K$2=BT49,BV49,"") | BT49: =IF(AND($BT$4=CI49,BU49<>""),CC49,"") | BU49: =IF(AND($BU$1=CI49,ISERROR(VLOOKUP(CG49,Kisiv,2,FALSE))=FALSE),CB49,"") | BV49: =IF(BU49<>"",RANK(BU49,$BU$7:$BU$33000,1),"") | BW49: =IF(CC49<min,$BW$2,IF(CC49<=max,CG49,"")) | BX49: =IF(AND(OR($BX$1=0,$BX$1=CG49),OR($BX$2=0,IF(ISERROR(SEARCH($BX$2,CJ49&CK49&CL49,1)),FALSE,TRUE))),CB49,"") | BY49: =IF(AND(BX49<>"",CC49<>$CD$2),RANK(BX49,$BX$7:$BX$33000,1),"") | BZ49: =IF(AND(CC49<$BZ$2,CI49=$BZ$4),$BZ$5,IF(AND(CC49<=$BZ$3,CI49=$BZ$4),CB49,"")) | CA49: =IF(AND(BZ49<>"",BZ49<>$BZ$5),RANK(BZ49,$BZ$7:$BZ$33000,1),"") | CB49: =IF(COUNTIF($CD$7:CD49,CD49)=1,CD49,CD49+COUNTIF($CD$6:CD48,CD49)) -> 55195 | CC49: =IF(INDEX(Kassza,CH49,1)<>1,INDEX(Kassza,CH49,1),$CD$2) -> 55153 | CD49: =IF(CC49<>$CD$2,RANK(CC49,$CC$7:$CC$33000,1),$CD$2) -> 55153 | CE49: =INDEX(Kassza,CH49,6) -> 0 | CF49: =INDEX(Kassza,CH49,8) -> 0 | CG49: =INDEX(Kassza,CH49,7)&INDEX(Kassza,CH49,9) | CH49: 44 | CI49: Kassza | CJ49: =IF(INDEX(Kassza,CH49,5)<>0,INDEX(Kassza,CH49,5),"") | CK49: =IF(INDEX(Kassza,CH49,10)<>0,INDEX(Kassza,CH49,10),"") | CL49: =IF(INDEX(Kassza,CH49,11)<>0,INDEX(Kassza,CH49,11),"") | CM49: =IF(INDEX(Kassza,CH49,4)<>0,INDEX(Kassza,CH49,4),"") | CN49: =IF(INDEX(Kassza,CH49,3)<>0,INDEX(Kassza,CH49,3),"") | CU49: =[1]Hibak!E1089 -> Prestări şi servicii | CV49: =INDEX(Csfi,CZ49,1) -> Szolgáltatások költségei | CW49: =CV49 -> Szolgáltatások költségei | CZ49: 892
BS50: =IF(Kiadasi_kiseroiv!$K$2=BT50,BV50,"") | BT50: =IF(AND($BT$4=CI50,BU50<>""),CC50,"") | BU50: =IF(AND($BU$1=CI50,ISERROR(VLOOKUP(CG50,Kisiv,2,FALSE))=FALSE),CB50,"") | BV50: =IF(BU50<>"",RANK(BU50,$BU$7:$BU$33000,1),"") | BW50: =IF(CC50<min,$BW$2,IF(CC50<=max,CG50,"")) | BX50: =IF(AND(OR($BX$1=0,$BX$1=CG50),OR($BX$2=0,IF(ISERROR(SEARCH($BX$2,CJ50&CK50&CL50,1)),FALSE,TRUE))),CB50,"") | BY50: =IF(AND(BX50<>"",CC50<>$CD$2),RANK(BX50,$BX$7:$BX$33000,1),"") | BZ50: =IF(AND(CC50<$BZ$2,CI50=$BZ$4),$BZ$5,IF(AND(CC50<=$BZ$3,CI50=$BZ$4),CB50,"")) | CA50: =IF(AND(BZ50<>"",BZ50<>$BZ$5),RANK(BZ50,$BZ$7:$BZ$33000,1),"") | CB50: =IF(COUNTIF($CD$7:CD50,CD50)=1,CD50,CD50+COUNTIF($CD$6:CD49,CD50)) -> 55196 | CC50: =IF(INDEX(Kassza,CH50,1)<>1,INDEX(Kassza,CH50,1),$CD$2) -> 55153 | CD50: =IF(CC50<>$CD$2,RANK(CC50,$CC$7:$CC$33000,1),$CD$2) -> 55153 | CE50: =INDEX(Kassza,CH50,6) -> 0 | CF50: =INDEX(Kassza,CH50,8) -> 0 | CG50: =INDEX(Kassza,CH50,7)&INDEX(Kassza,CH50,9) | CH50: 45 | CI50: Kassza | CJ50: =IF(INDEX(Kassza,CH50,5)<>0,INDEX(Kassza,CH50,5),"") | CK50: =IF(INDEX(Kassza,CH50,10)<>0,INDEX(Kassza,CH50,10),"") | CL50: =IF(INDEX(Kassza,CH50,11)<>0,INDEX(Kassza,CH50,11),"") | CM50: =IF(INDEX(Kassza,CH50,4)<>0,INDEX(Kassza,CH50,4),"") | CN50: =IF(INDEX(Kassza,CH50,3)<>0,INDEX(Kassza,CH50,3),"") | CU50: =[1]Hibak!E1090 -> Protocol | CV50: =INDEX(Csfi,CZ50,1) -> Protokoll | CW50: =CV50 -> Protokoll | CZ50: 893
BS51: =IF(Kiadasi_kiseroiv!$K$2=BT51,BV51,"") | BT51: =IF(AND($BT$4=CI51,BU51<>""),CC51,"") | BU51: =IF(AND($BU$1=CI51,ISERROR(VLOOKUP(CG51,Kisiv,2,FALSE))=FALSE),CB51,"") | BV51: =IF(BU51<>"",RANK(BU51,$BU$7:$BU$33000,1),"") | BW51: =IF(CC51<min,$BW$2,IF(CC51<=max,CG51,"")) | BX51: =IF(AND(OR($BX$1=0,$BX$1=CG51),OR($BX$2=0,IF(ISERROR(SEARCH($BX$2,CJ51&CK51&CL51,1)),FALSE,TRUE))),CB51,"") | BY51: =IF(AND(BX51<>"",CC51<>$CD$2),RANK(BX51,$BX$7:$BX$33000,1),"") | BZ51: =IF(AND(CC51<$BZ$2,CI51=$BZ$4),$BZ$5,IF(AND(CC51<=$BZ$3,CI51=$BZ$4),CB51,"")) | CA51: =IF(AND(BZ51<>"",BZ51<>$BZ$5),RANK(BZ51,$BZ$7:$BZ$33000,1),"") | CB51: =IF(COUNTIF($CD$7:CD51,CD51)=1,CD51,CD51+COUNTIF($CD$6:CD50,CD51)) -> 55197 | CC51: =IF(INDEX(Kassza,CH51,1)<>1,INDEX(Kassza,CH51,1),$CD$2) -> 55153 | CD51: =IF(CC51<>$CD$2,RANK(CC51,$CC$7:$CC$33000,1),$CD$2) -> 55153 | CE51: =INDEX(Kassza,CH51,6) -> 0 | CF51: =INDEX(Kassza,CH51,8) -> 0 | CG51: =INDEX(Kassza,CH51,7)&INDEX(Kassza,CH51,9) | CH51: 46 | CI51: Kassza | CJ51: =IF(INDEX(Kassza,CH51,5)<>0,INDEX(Kassza,CH51,5),"") | CK51: =IF(INDEX(Kassza,CH51,10)<>0,INDEX(Kassza,CH51,10),"") | CL51: =IF(INDEX(Kassza,CH51,11)<>0,INDEX(Kassza,CH51,11),"") | CM51: =IF(INDEX(Kassza,CH51,4)<>0,INDEX(Kassza,CH51,4),"") | CN51: =IF(INDEX(Kassza,CH51,3)<>0,INDEX(Kassza,CH51,3),"") | CU51: =[1]Hibak!E1091 -> Obiecte de inventar (de mică valoare, scurtă durată) | CV51: =INDEX(Csfi,CZ51,1) -> Kis értékű leltári tárgyak beszerzése | CW51: =CV51 -> Kis értékű leltári tárgyak beszerzése | CZ51: 894
... BS91: =IF(Kiadasi_kiseroiv!$K$2=BT91,BV91,"") | BT91: =IF(AND($BT$4=CI91,BU91<>""),CC91,"") | BU91: =IF(AND($BU$1=CI91,ISERROR(VLOOKUP(CG91,Kisiv,2,FALSE))=FALSE),CB91,"") | BV91: =IF(BU91<>"",RANK(BU91,$BU$7:$BU$33000,1),"") | BW91: =IF(CC91<min,$BW$2,IF(CC91<=max,CG91,"")) | BX91: =IF(AND(OR($BX$1=0,$BX$1=CG91),OR($BX$2=0,IF(ISERROR(SEARCH($BX$2,CJ91&CK91&CL91,1)),FALSE,TRUE))),CB91,"") | BY91: =IF(AND(BX91<>"",CC91<>$CD$2),RANK(BX91,$BX$7:$BX$33000,1),"") | BZ91: =IF(AND(CC91<$BZ$2,CI91=$BZ$4),$BZ$5,IF(AND(CC91<=$BZ$3,CI91=$BZ$4),CB91,"")) | CA91: =IF(AND(BZ91<>"",BZ91<>$BZ$5),RANK(BZ91,$BZ$7:$BZ$33000,1),"") | CB91: =IF(COUNTIF($CD$7:CD91,CD91)=1,CD91,CD91+COUNTIF($CD$6:CD90,CD91)) -> 55237 | CC91: =IF(INDEX(Kassza,CH91,1)<>1,INDEX(Kassza,CH91,1),$CD$2) -> 55153 | CD91: =IF(CC91<>$CD$2,RANK(CC91,$CC$7:$CC$33000,1),$CD$2) -> 55153 | CE91: =INDEX(Kassza,CH91,6) -> 0 | CF91: =INDEX(Kassza,CH91,8) -> 0 | CG91: =INDEX(Kassza,CH91,7)&INDEX(Kassza,CH91,9) | CH91: 86 | CI91: Kassza | CJ91: =IF(INDEX(Kassza,CH91,5)<>0,INDEX(Kassza,CH91,5),"") | CK91: =IF(INDEX(Kassza,CH91,10)<>0,INDEX(Kassza,CH91,10),"") | CL91: =IF(INDEX(Kassza,CH91,11)<>0,INDEX(Kassza,CH91,11),"") | CM91: =IF(INDEX(Kassza,CH91,4)<>0,INDEX(Kassza,CH91,4),"") | CN91: =IF(INDEX(Kassza,CH91,3)<>0,INDEX(Kassza,CH91,3),"") | CU91: =[1]Hibak!E1131 -> 0 | CV91: =INDEX(Csfi,CZ91,1) -> 0 | CW91: =CV91 -> 0 | CZ91: 934
BS92: =IF(Kiadasi_kiseroiv!$K$2=BT92,BV92,"") | BT92: =IF(AND($BT$4=CI92,BU92<>""),CC92,"") | BU92: =IF(AND($BU$1=CI92,ISERROR(VLOOKUP(CG92,Kisiv,2,FALSE))=FALSE),CB92,"") | BV92: =IF(BU92<>"",RANK(BU92,$BU$7:$BU$33000,1),"") | BW92: =IF(CC92<min,$BW$2,IF(CC92<=max,CG92,"")) | BX92: =IF(AND(OR($BX$1=0,$BX$1=CG92),OR($BX$2=0,IF(ISERROR(SEARCH($BX$2,CJ92&CK92&CL92,1)),FALSE,TRUE))),CB92,"") | BY92: =IF(AND(BX92<>"",CC92<>$CD$2),RANK(BX92,$BX$7:$BX$33000,1),"") | BZ92: =IF(AND(CC92<$BZ$2,CI92=$BZ$4),$BZ$5,IF(AND(CC92<=$BZ$3,CI92=$BZ$4),CB92,"")) | CA92: =IF(AND(BZ92<>"",BZ92<>$BZ$5),RANK(BZ92,$BZ$7:$BZ$33000,1),"") | CB92: =IF(COUNTIF($CD$7:CD92,CD92)=1,CD92,CD92+COUNTIF($CD$6:CD91,CD92)) -> 55238 | CC92: =IF(INDEX(Kassza,CH92,1)<>1,INDEX(Kassza,CH92,1),$CD$2) -> 55153 | CD92: =IF(CC92<>$CD$2,RANK(CC92,$CC$7:$CC$33000,1),$CD$2) -> 55153 | CE92: =INDEX(Kassza,CH92,6) -> 0 | CF92: =INDEX(Kassza,CH92,8) -> 0 | CG92: =INDEX(Kassza,CH92,7)&INDEX(Kassza,CH92,9) | CH92: 87 | CI92: Kassza | CJ92: =IF(INDEX(Kassza,CH92,5)<>0,INDEX(Kassza,CH92,5),"") | CK92: =IF(INDEX(Kassza,CH92,10)<>0,INDEX(Kassza,CH92,10),"") | CL92: =IF(INDEX(Kassza,CH92,11)<>0,INDEX(Kassza,CH92,11),"") | CM92: =IF(INDEX(Kassza,CH92,4)<>0,INDEX(Kassza,CH92,4),"") | CN92: =IF(INDEX(Kassza,CH92,3)<>0,INDEX(Kassza,CH92,3),"")
BS93: =IF(Kiadasi_kiseroiv!$K$2=BT93,BV93,"") | BT93: =IF(AND($BT$4=CI93,BU93<>""),CC93,"") | BU93: =IF(AND($BU$1=CI93,ISERROR(VLOOKUP(CG93,Kisiv,2,FALSE))=FALSE),CB93,"") | BV93: =IF(BU93<>"",RANK(BU93,$BU$7:$BU$33000,1),"") | BW93: =IF(CC93<min,$BW$2,IF(CC93<=max,CG93,"")) | BX93: =IF(AND(OR($BX$1=0,$BX$1=CG93),OR($BX$2=0,IF(ISERROR(SEARCH($BX$2,CJ93&CK93&CL93,1)),FALSE,TRUE))),CB93,"") | BY93: =IF(AND(BX93<>"",CC93<>$CD$2),RANK(BX93,$BX$7:$BX$33000,1),"") | BZ93: =IF(AND(CC93<$BZ$2,CI93=$BZ$4),$BZ$5,IF(AND(CC93<=$BZ$3,CI93=$BZ$4),CB93,"")) | CA93: =IF(AND(BZ93<>"",BZ93<>$BZ$5),RANK(BZ93,$BZ$7:$BZ$33000,1),"") | CB93: =IF(COUNTIF($CD$7:CD93,CD93)=1,CD93,CD93+COUNTIF($CD$6:CD92,CD93)) -> 55239 | CC93: =IF(INDEX(Kassza,CH93,1)<>1,INDEX(Kassza,CH93,1),$CD$2) -> 55153 | CD93: =IF(CC93<>$CD$2,RANK(CC93,$CC$7:$CC$33000,1),$CD$2) -> 55153 | CE93: =INDEX(Kassza,CH93,6) -> 0 | CF93: =INDEX(Kassza,CH93,8) -> 0 | CG93: =INDEX(Kassza,CH93,7)&INDEX(Kassza,CH93,9) | CH93: 88 | CI93: Kassza | CJ93: =IF(INDEX(Kassza,CH93,5)<>0,INDEX(Kassza,CH93,5),"") | CK93: =IF(INDEX(Kassza,CH93,10)<>0,INDEX(Kassza,CH93,10),"") | CL93: =IF(INDEX(Kassza,CH93,11)<>0,INDEX(Kassza,CH93,11),"") | CM93: =IF(INDEX(Kassza,CH93,4)<>0,INDEX(Kassza,CH93,4),"") | CN93: =IF(INDEX(Kassza,CH93,3)<>0,INDEX(Kassza,CH93,3),"")
BS94: =IF(Kiadasi_kiseroiv!$K$2=BT94,BV94,"") | BT94: =IF(AND($BT$4=CI94,BU94<>""),CC94,"") | BU94: =IF(AND($BU$1=CI94,ISERROR(VLOOKUP(CG94,Kisiv,2,FALSE))=FALSE),CB94,"") | BV94: =IF(BU94<>"",RANK(BU94,$BU$7:$BU$33000,1),"") | BW94: =IF(CC94<min,$BW$2,IF(CC94<=max,CG94,"")) | BX94: =IF(AND(OR($BX$1=0,$BX$1=CG94),OR($BX$2=0,IF(ISERROR(SEARCH($BX$2,CJ94&CK94&CL94,1)),FALSE,TRUE))),CB94,"") | BY94: =IF(AND(BX94<>"",CC94<>$CD$2),RANK(BX94,$BX$7:$BX$33000,1),"") | BZ94: =IF(AND(CC94<$BZ$2,CI94=$BZ$4),$BZ$5,IF(AND(CC94<=$BZ$3,CI94=$BZ$4),CB94,"")) | CA94: =IF(AND(BZ94<>"",BZ94<>$BZ$5),RANK(BZ94,$BZ$7:$BZ$33000,1),"") | CB94: =IF(COUNTIF($CD$7:CD94,CD94)=1,CD94,CD94+COUNTIF($CD$6:CD93,CD94)) -> 55240 | CC94: =IF(INDEX(Kassza,CH94,1)<>1,INDEX(Kassza,CH94,1),$CD$2) -> 55153 | CD94: =IF(CC94<>$CD$2,RANK(CC94,$CC$7:$CC$33000,1),$CD$2) -> 55153 | CE94: =INDEX(Kassza,CH94,6) -> 0 | CF94: =INDEX(Kassza,CH94,8) -> 0 | CG94: =INDEX(Kassza,CH94,7)&INDEX(Kassza,CH94,9) | CH94: 89 | CI94: Kassza | CJ94: =IF(INDEX(Kassza,CH94,5)<>0,INDEX(Kassza,CH94,5),"") | CK94: =IF(INDEX(Kassza,CH94,10)<>0,INDEX(Kassza,CH94,10),"") | CL94: =IF(INDEX(Kassza,CH94,11)<>0,INDEX(Kassza,CH94,11),"") | CM94: =IF(INDEX(Kassza,CH94,4)<>0,INDEX(Kassza,CH94,4),"") | CN94: =IF(INDEX(Kassza,CH94,3)<>0,INDEX(Kassza,CH94,3),"")
BS95: =IF(Kiadasi_kiseroiv!$K$2=BT95,BV95,"") | BT95: =IF(AND($BT$4=CI95,BU95<>""),CC95,"") | BU95: =IF(AND($BU$1=CI95,ISERROR(VLOOKUP(CG95,Kisiv,2,FALSE))=FALSE),CB95,"") | BV95: =IF(BU95<>"",RANK(BU95,$BU$7:$BU$33000,1),"") | BW95: =IF(CC95<min,$BW$2,IF(CC95<=max,CG95,"")) | BX95: =IF(AND(OR($BX$1=0,$BX$1=CG95),OR($BX$2=0,IF(ISERROR(SEARCH($BX$2,CJ95&CK95&CL95,1)),FALSE,TRUE))),CB95,"") | BY95: =IF(AND(BX95<>"",CC95<>$CD$2),RANK(BX95,$BX$7:$BX$33000,1),"") | BZ95: =IF(AND(CC95<$BZ$2,CI95=$BZ$4),$BZ$5,IF(AND(CC95<=$BZ$3,CI95=$BZ$4),CB95,"")) | CA95: =IF(AND(BZ95<>"",BZ95<>$BZ$5),RANK(BZ95,$BZ$7:$BZ$33000,1),"") | CB95: =IF(COUNTIF($CD$7:CD95,CD95)=1,CD95,CD95+COUNTIF($CD$6:CD94,CD95)) -> 55241 | CC95: =IF(INDEX(Kassza,CH95,1)<>1,INDEX(Kassza,CH95,1),$CD$2) -> 55153 | CD95: =IF(CC95<>$CD$2,RANK(CC95,$CC$7:$CC$33000,1),$CD$2) -> 55153 | CE95: =INDEX(Kassza,CH95,6) -> 0 | CF95: =INDEX(Kassza,CH95,8) -> 0 | CG95: =INDEX(Kassza,CH95,7)&INDEX(Kassza,CH95,9) | CH95: 90 | CI95: Kassza | CJ95: =IF(INDEX(Kassza,CH95,5)<>0,INDEX(Kassza,CH95,5),"") | CK95: =IF(INDEX(Kassza,CH95,10)<>0,INDEX(Kassza,CH95,10),"") | CL95: =IF(INDEX(Kassza,CH95,11)<>0,INDEX(Kassza,CH95,11),"") | CM95: =IF(INDEX(Kassza,CH95,4)<>0,INDEX(Kassza,CH95,4),"") | CN95: =IF(INDEX(Kassza,CH95,3)<>0,INDEX(Kassza,CH95,3),"")
BS96: =IF(Kiadasi_kiseroiv!$K$2=BT96,BV96,"") | BT96: =IF(AND($BT$4=CI96,BU96<>""),CC96,"") | BU96: =IF(AND($BU$1=CI96,ISERROR(VLOOKUP(CG96,Kisiv,2,FALSE))=FALSE),CB96,"") | BV96: =IF(BU96<>"",RANK(BU96,$BU$7:$BU$33000,1),"") | BW96: =IF(CC96<min,$BW$2,IF(CC96<=max,CG96,"")) | BX96: =IF(AND(OR($BX$1=0,$BX$1=CG96),OR($BX$2=0,IF(ISERROR(SEARCH($BX$2,CJ96&CK96&CL96,1)),FALSE,TRUE))),CB96,"") | BY96: =IF(AND(BX96<>"",CC96<>$CD$2),RANK(BX96,$BX$7:$BX$33000,1),"") | BZ96: =IF(AND(CC96<$BZ$2,CI96=$BZ$4),$BZ$5,IF(AND(CC96<=$BZ$3,CI96=$BZ$4),CB96,"")) | CA96: =IF(AND(BZ96<>"",BZ96<>$BZ$5),RANK(BZ96,$BZ$7:$BZ$33000,1),"") | CB96: =IF(COUNTIF($CD$7:CD96,CD96)=1,CD96,CD96+COUNTIF($CD$6:CD95,CD96)) -> 55242 | CC96: =IF(INDEX(Kassza,CH96,1)<>1,INDEX(Kassza,CH96,1),$CD$2) -> 55153 | CD96: =IF(CC96<>$CD$2,RANK(CC96,$CC$7:$CC$33000,1),$CD$2) -> 55153 | CE96: =INDEX(Kassza,CH96,6) -> 0 | CF96: =INDEX(Kassza,CH96,8) -> 0 | CG96: =INDEX(Kassza,CH96,7)&INDEX(Kassza,CH96,9) | CH96: 91 | CI96: Kassza | CJ96: =IF(INDEX(Kassza,CH96,5)<>0,INDEX(Kassza,CH96,5),"") | CK96: =IF(INDEX(Kassza,CH96,10)<>0,INDEX(Kassza,CH96,10),"") | CL96: =IF(INDEX(Kassza,CH96,11)<>0,INDEX(Kassza,CH96,11),"") | CM96: =IF(INDEX(Kassza,CH96,4)<>0,INDEX(Kassza,CH96,4),"") | CN96: =IF(INDEX(Kassza,CH96,3)<>0,INDEX(Kassza,CH96,3),"")
BS97: =IF(Kiadasi_kiseroiv!$K$2=BT97,BV97,"") | BT97: =IF(AND($BT$4=CI97,BU97<>""),CC97,"") | BU97: =IF(AND($BU$1=CI97,ISERROR(VLOOKUP(CG97,Kisiv,2,FALSE))=FALSE),CB97,"") | BV97: =IF(BU97<>"",RANK(BU97,$BU$7:$BU$33000,1),"") | BW97: =IF(CC97<min,$BW$2,IF(CC97<=max,CG97,"")) | BX97: =IF(AND(OR($BX$1=0,$BX$1=CG97),OR($BX$2=0,IF(ISERROR(SEARCH($BX$2,CJ97&CK97&CL97,1)),FALSE,TRUE))),CB97,"") | BY97: =IF(AND(BX97<>"",CC97<>$CD$2),RANK(BX97,$BX$7:$BX$33000,1),"") | BZ97: =IF(AND(CC97<$BZ$2,CI97=$BZ$4),$BZ$5,IF(AND(CC97<=$BZ$3,CI97=$BZ$4),CB97,"")) | CA97: =IF(AND(BZ97<>"",BZ97<>$BZ$5),RANK(BZ97,$BZ$7:$BZ$33000,1),"") | CB97: =IF(COUNTIF($CD$7:CD97,CD97)=1,CD97,CD97+COUNTIF($CD$6:CD96,CD97)) -> 55243 | CC97: =IF(INDEX(Kassza,CH97,1)<>1,INDEX(Kassza,CH97,1),$CD$2) -> 55153 | CD97: =IF(CC97<>$CD$2,RANK(CC97,$CC$7:$CC$33000,1),$CD$2) -> 55153 | CE97: =INDEX(Kassza,CH97,6) -> 0 | CF97: =INDEX(Kassza,CH97,8) -> 0 | CG97: =INDEX(Kassza,CH97,7)&INDEX(Kassza,CH97,9) | CH97: 92 | CI97: Kassza | CJ97: =IF(INDEX(Kassza,CH97,5)<>0,INDEX(Kassza,CH97,5),"") | CK97: =IF(INDEX(Kassza,CH97,10)<>0,INDEX(Kassza,CH97,10),"") | CL97: =IF(INDEX(Kassza,CH97,11)<>0,INDEX(Kassza,CH97,11),"") | CM97: =IF(INDEX(Kassza,CH97,4)<>0,INDEX(Kassza,CH97,4),"") | CN97: =IF(INDEX(Kassza,CH97,3)<>0,INDEX(Kassza,CH97,3),"")
BS98: =IF(Kiadasi_kiseroiv!$K$2=BT98,BV98,"") | BT98: =IF(AND($BT$4=CI98,BU98<>""),CC98,"") | BU98: =IF(AND($BU$1=CI98,ISERROR(VLOOKUP(CG98,Kisiv,2,FALSE))=FALSE),CB98,"") | BV98: =IF(BU98<>"",RANK(BU98,$BU$7:$BU$33000,1),"") | BW98: =IF(CC98<min,$BW$2,IF(CC98<=max,CG98,"")) | BX98: =IF(AND(OR($BX$1=0,$BX$1=CG98),OR($BX$2=0,IF(ISERROR(SEARCH($BX$2,CJ98&CK98&CL98,1)),FALSE,TRUE))),CB98,"") | BY98: =IF(AND(BX98<>"",CC98<>$CD$2),RANK(BX98,$BX$7:$BX$33000,1),"") | BZ98: =IF(AND(CC98<$BZ$2,CI98=$BZ$4),$BZ$5,IF(AND(CC98<=$BZ$3,CI98=$BZ$4),CB98,"")) | CA98: =IF(AND(BZ98<>"",BZ98<>$BZ$5),RANK(BZ98,$BZ$7:$BZ$33000,1),"") | CB98: =IF(COUNTIF($CD$7:CD98,CD98)=1,CD98,CD98+COUNTIF($CD$6:CD97,CD98)) -> 55244 | CC98: =IF(INDEX(Kassza,CH98,1)<>1,INDEX(Kassza,CH98,1),$CD$2) -> 55153 | CD98: =IF(CC98<>$CD$2,RANK(CC98,$CC$7:$CC$33000,1),$CD$2) -> 55153 | CE98: =INDEX(Kassza,CH98,6) -> 0 | CF98: =INDEX(Kassza,CH98,8) -> 0 | CG98: =INDEX(Kassza,CH98,7)&INDEX(Kassza,CH98,9) | CH98: 93 | CI98: Kassza | CJ98: =IF(INDEX(Kassza,CH98,5)<>0,INDEX(Kassza,CH98,5),"") | CK98: =IF(INDEX(Kassza,CH98,10)<>0,INDEX(Kassza,CH98,10),"") | CL98: =IF(INDEX(Kassza,CH98,11)<>0,INDEX(Kassza,CH98,11),"") | CM98: =IF(INDEX(Kassza,CH98,4)<>0,INDEX(Kassza,CH98,4),"") | CN98: =IF(INDEX(Kassza,CH98,3)<>0,INDEX(Kassza,CH98,3),"")
BS99: =IF(Kiadasi_kiseroiv!$K$2=BT99,BV99,"") | BT99: =IF(AND($BT$4=CI99,BU99<>""),CC99,"") | BU99: =IF(AND($BU$1=CI99,ISERROR(VLOOKUP(CG99,Kisiv,2,FALSE))=FALSE),CB99,"") | BV99: =IF(BU99<>"",RANK(BU99,$BU$7:$BU$33000,1),"") | BW99: =IF(CC99<min,$BW$2,IF(CC99<=max,CG99,"")) | BX99: =IF(AND(OR($BX$1=0,$BX$1=CG99),OR($BX$2=0,IF(ISERROR(SEARCH($BX$2,CJ99&CK99&CL99,1)),FALSE,TRUE))),CB99,"") | BY99: =IF(AND(BX99<>"",CC99<>$CD$2),RANK(BX99,$BX$7:$BX$33000,1),"") | BZ99: =IF(AND(CC99<$BZ$2,CI99=$BZ$4),$BZ$5,IF(AND(CC99<=$BZ$3,CI99=$BZ$4),CB99,"")) | CA99: =IF(AND(BZ99<>"",BZ99<>$BZ$5),RANK(BZ99,$BZ$7:$BZ$33000,1),"") | CB99: =IF(COUNTIF($CD$7:CD99,CD99)=1,CD99,CD99+COUNTIF($CD$6:CD98,CD99)) -> 55245 | CC99: =IF(INDEX(Kassza,CH99,1)<>1,INDEX(Kassza,CH99,1),$CD$2) -> 55153 | CD99: =IF(CC99<>$CD$2,RANK(CC99,$CC$7:$CC$33000,1),$CD$2) -> 55153 | CE99: =INDEX(Kassza,CH99,6) -> 0 | CF99: =INDEX(Kassza,CH99,8) -> 0 | CG99: =INDEX(Kassza,CH99,7)&INDEX(Kassza,CH99,9) | CH99: 94 | CI99: Kassza | CJ99: =IF(INDEX(Kassza,CH99,5)<>0,INDEX(Kassza,CH99,5),"") | CK99: =IF(INDEX(Kassza,CH99,10)<>0,INDEX(Kassza,CH99,10),"") | CL99: =IF(INDEX(Kassza,CH99,11)<>0,INDEX(Kassza,CH99,11),"") | CM99: =IF(INDEX(Kassza,CH99,4)<>0,INDEX(Kassza,CH99,4),"") | CN99: =IF(INDEX(Kassza,CH99,3)<>0,INDEX(Kassza,CH99,3),"")
BS100: =IF(Kiadasi_kiseroiv!$K$2=BT100,BV100,"") | BT100: =IF(AND($BT$4=CI100,BU100<>""),CC100,"") | BU100: =IF(AND($BU$1=CI100,ISERROR(VLOOKUP(CG100,Kisiv,2,FALSE))=FALSE),CB100,"") | BV100: =IF(BU100<>"",RANK(BU100,$BU$7:$BU$33000,1),"") | BW100: =IF(CC100<min,$BW$2,IF(CC100<=max,CG100,"")) | BX100: =IF(AND(OR($BX$1=0,$BX$1=CG100),OR($BX$2=0,IF(ISERROR(SEARCH($BX$2,CJ100&CK100&CL100,1)),FALSE,TRUE))),CB100,"") | BY100: =IF(AND(BX100<>"",CC100<>$CD$2),RANK(BX100,$BX$7:$BX$33000,1),"") | BZ100: =IF(AND(CC100<$BZ$2,CI100=$BZ$4),$BZ$5,IF(AND(CC100<=$BZ$3,CI100=$BZ$4),CB100,"")) | CA100: =IF(AND(BZ100<>"",BZ100<>$BZ$5),RANK(BZ100,$BZ$7:$BZ$33000,1),"") | CB100: =IF(COUNTIF($CD$7:CD100,CD100)=1,CD100,CD100+COUNTIF($CD$6:CD99,CD100)) -> 55246 | CC100: =IF(INDEX(Kassza,CH100,1)<>1,INDEX(Kassza,CH100,1),$CD$2) -> 55153 | CD100: =IF(CC100<>$CD$2,RANK(CC100,$CC$7:$CC$33000,1),$CD$2) -> 55153 | CE100: =INDEX(Kassza,CH100,6) -> 0 | CF100: =INDEX(Kassza,CH100,8) -> 0 | CG100: =INDEX(Kassza,CH100,7)&INDEX(Kassza,CH100,9) | CH100: 95 | CI100: Kassza | CJ100: =IF(INDEX(Kassza,CH100,5)<>0,INDEX(Kassza,CH100,5),"") | CK100: =IF(INDEX(Kassza,CH100,10)<>0,INDEX(Kassza,CH100,10),"") | CL100: =IF(INDEX(Kassza,CH100,11)<>0,INDEX(Kassza,CH100,11),"") | CM100: =IF(INDEX(Kassza,CH100,4)<>0,INDEX(Kassza,CH100,4),"") | CN100: =IF(INDEX(Kassza,CH100,3)<>0,INDEX(Kassza,CH100,3),"")
BS101: =IF(Kiadasi_kiseroiv!$K$2=BT101,BV101,"") | BT101: =IF(AND($BT$4=CI101,BU101<>""),CC101,"") | BU101: =IF(AND($BU$1=CI101,ISERROR(VLOOKUP(CG101,Kisiv,2,FALSE))=FALSE),CB101,"") | BV101: =IF(BU101<>"",RANK(BU101,$BU$7:$BU$33000,1),"") | BW101: =IF(CC101<min,$BW$2,IF(CC101<=max,CG101,"")) | BX101: =IF(AND(OR($BX$1=0,$BX$1=CG101),OR($BX$2=0,IF(ISERROR(SEARCH($BX$2,CJ101&CK101&CL101,1)),FALSE,TRUE))),CB101,"") | BY101: =IF(AND(BX101<>"",CC101<>$CD$2),RANK(BX101,$BX$7:$BX$33000,1),"") | BZ101: =IF(AND(CC101<$BZ$2,CI101=$BZ$4),$BZ$5,IF(AND(CC101<=$BZ$3,CI101=$BZ$4),CB101,"")) | CA101: =IF(AND(BZ101<>"",BZ101<>$BZ$5),RANK(BZ101,$BZ$7:$BZ$33000,1),"") | CB101: =IF(COUNTIF($CD$7:CD101,CD101)=1,CD101,CD101+COUNTIF($CD$6:CD100,CD101)) -> 55247 | CC101: =IF(INDEX(Kassza,CH101,1)<>1,INDEX(Kassza,CH101,1),$CD$2) -> 55153 | CD101: =IF(CC101<>$CD$2,RANK(CC101,$CC$7:$CC$33000,1),$CD$2) -> 55153 | CE101: =INDEX(Kassza,CH101,6) -> 0 | CF101: =INDEX(Kassza,CH101,8) -> 0 | CG101: =INDEX(Kassza,CH101,7)&INDEX(Kassza,CH101,9) | CH101: 96 | CI101: Kassza | CJ101: =IF(INDEX(Kassza,CH101,5)<>0,INDEX(Kassza,CH101,5),"") | CK101: =IF(INDEX(Kassza,CH101,10)<>0,INDEX(Kassza,CH101,10),"") | CL101: =IF(INDEX(Kassza,CH101,11)<>0,INDEX(Kassza,CH101,11),"") | CM101: =IF(INDEX(Kassza,CH101,4)<>0,INDEX(Kassza,CH101,4),"") | CN101: =IF(INDEX(Kassza,CH101,3)<>0,INDEX(Kassza,CH101,3),"")
BS102: =IF(Kiadasi_kiseroiv!$K$2=BT102,BV102,"") | BT102: =IF(AND($BT$4=CI102,BU102<>""),CC102,"") | BU102: =IF(AND($BU$1=CI102,ISERROR(VLOOKUP(CG102,Kisiv,2,FALSE))=FALSE),CB102,"") | BV102: =IF(BU102<>"",RANK(BU102,$BU$7:$BU$33000,1),"") | BW102: =IF(CC102<min,$BW$2,IF(CC102<=max,CG102,"")) | BX102: =IF(AND(OR($BX$1=0,$BX$1=CG102),OR($BX$2=0,IF(ISERROR(SEARCH($BX$2,CJ102&CK102&CL102,1)),FALSE,TRUE))),CB102,"") | BY102: =IF(AND(BX102<>"",CC102<>$CD$2),RANK(BX102,$BX$7:$BX$33000,1),"") | BZ102: =IF(AND(CC102<$BZ$2,CI102=$BZ$4),$BZ$5,IF(AND(CC102<=$BZ$3,CI102=$BZ$4),CB102,"")) | CA102: =IF(AND(BZ102<>"",BZ102<>$BZ$5),RANK(BZ102,$BZ$7:$BZ$33000,1),"") | CB102: =IF(COUNTIF($CD$7:CD102,CD102)=1,CD102,CD102+COUNTIF($CD$6:CD101,CD102)) -> 55248 | CC102: =IF(INDEX(Kassza,CH102,1)<>1,INDEX(Kassza,CH102,1),$CD$2) -> 55153 | CD102: =IF(CC102<>$CD$2,RANK(CC102,$CC$7:$CC$33000,1),$CD$2) -> 55153 | CE102: =INDEX(Kassza,CH102,6) -> 0 | CF102: =INDEX(Kassza,CH102,8) -> 0 | CG102: =INDEX(Kassza,CH102,7)&INDEX(Kassza,CH102,9) | CH102: 97 | CI102: Kassza | CJ102: =IF(INDEX(Kassza,CH102,5)<>0,INDEX(Kassza,CH102,5),"") | CK102: =IF(INDEX(Kassza,CH102,10)<>0,INDEX(Kassza,CH102,10),"") | CL102: =IF(INDEX(Kassza,CH102,11)<>0,INDEX(Kassza,CH102,11),"") | CM102: =IF(INDEX(Kassza,CH102,4)<>0,INDEX(Kassza,CH102,4),"") | CN102: =IF(INDEX(Kassza,CH102,3)<>0,INDEX(Kassza,CH102,3),"")
BS103: =IF(Kiadasi_kiseroiv!$K$2=BT103,BV103,"") | BT103: =IF(AND($BT$4=CI103,BU103<>""),CC103,"") | BU103: =IF(AND($BU$1=CI103,ISERROR(VLOOKUP(CG103,Kisiv,2,FALSE))=FALSE),CB103,"") | BV103: =IF(BU103<>"",RANK(BU103,$BU$7:$BU$33000,1),"") | BW103: =IF(CC103<min,$BW$2,IF(CC103<=max,CG103,"")) | BX103: =IF(AND(OR($BX$1=0,$BX$1=CG103),OR($BX$2=0,IF(ISERROR(SEARCH($BX$2,CJ103&CK103&CL103,1)),FALSE,TRUE))),CB103,"") | BY103: =IF(AND(BX103<>"",CC103<>$CD$2),RANK(BX103,$BX$7:$BX$33000,1),"") | BZ103: =IF(AND(CC103<$BZ$2,CI103=$BZ$4),$BZ$5,IF(AND(CC103<=$BZ$3,CI103=$BZ$4),CB103,"")) | CA103: =IF(AND(BZ103<>"",BZ103<>$BZ$5),RANK(BZ103,$BZ$7:$BZ$33000,1),"") | CB103: =IF(COUNTIF($CD$7:CD103,CD103)=1,CD103,CD103+COUNTIF($CD$6:CD102,CD103)) -> 55249 | CC103: =IF(INDEX(Kassza,CH103,1)<>1,INDEX(Kassza,CH103,1),$CD$2) -> 55153 | CD103: =IF(CC103<>$CD$2,RANK(CC103,$CC$7:$CC$33000,1),$CD$2) -> 55153 | CE103: =INDEX(Kassza,CH103,6) -> 0 | CF103: =INDEX(Kassza,CH103,8) -> 0 | CG103: =INDEX(Kassza,CH103,7)&INDEX(Kassza,CH103,9) | CH103: 98 | CI103: Kassza | CJ103: =IF(INDEX(Kassza,CH103,5)<>0,INDEX(Kassza,CH103,5),"") | CK103: =IF(INDEX(Kassza,CH103,10)<>0,INDEX(Kassza,CH103,10),"") | CL103: =IF(INDEX(Kassza,CH103,11)<>0,INDEX(Kassza,CH103,11),"") | CM103: =IF(INDEX(Kassza,CH103,4)<>0,INDEX(Kassza,CH103,4),"") | CN103: =IF(INDEX(Kassza,CH103,3)<>0,INDEX(Kassza,CH103,3),"")
... BS4000: =IF(Kiadasi_kiseroiv!$K$2=BT4000,BV4000,"") | BT4000: =IF(AND($BT$4=CI4000,BU4000<>""),CC4000,"") | BU4000: =IF(AND($BU$1=CI4000,ISERROR(VLOOKUP(CG4000,Kisiv,2,FALSE))=FALSE),CB4000,"") | BV4000: =IF(BU4000<>"",RANK(BU4000,$BU$7:$BU$33000,1),"") | BW4000: =IF(CC4000<min,$BW$2,IF(CC4000<=max,CG4000,"")) | BX4000: =IF(AND(OR($BX$1=0,$BX$1=CG4000),OR($BX$2=0,IF(ISERROR(SEARCH($BX$2,CJ4000&CK4000&CL4000,1)),FALSE,TRUE))),CB4000,"") | BY4000: =IF(AND(BX4000<>"",CC4000<>$CD$2),RANK(BX4000,$BX$7:$BX$33000,1),"") | BZ4000: =IF(AND(CC4000<$BZ$2,CI4000=$BZ$4),$BZ$5,IF(AND(CC4000<=$BZ$3,CI4000=$BZ$4),CB4000,"")) | CA4000: =IF(AND(BZ4000<>"",BZ4000<>$BZ$5),RANK(BZ4000,$BZ$7:$BZ$33000,1),"") | CB4000: =IF(COUNTIF($CD$7:CD4000,CD4000)=1,CD4000,CD4000+COUNTIF($CD$6:CD3999,CD4000)) -> 59146 | CC4000: =IF(INDEX(Kassza,CH4000,1)<>1,INDEX(Kassza,CH4000,1),$CD$2) -> 55153 | CD4000: =IF(CC4000<>$CD$2,RANK(CC4000,$CC$7:$CC$33000,1),$CD$2) -> 55153 | CE4000: =INDEX(Kassza,CH4000,6) -> 0 | CF4000: =INDEX(Kassza,CH4000,8) -> 0 | CG4000: =INDEX(Kassza,CH4000,7)&INDEX(Kassza,CH4000,9) | CH4000: 3995 | CI4000: Kassza | CJ4000: =IF(INDEX(Kassza,CH4000,5)<>0,INDEX(Kassza,CH4000,5),"") | CK4000: =IF(INDEX(Kassza,CH4000,10)<>0,INDEX(Kassza,CH4000,10),"") | CL4000: =IF(INDEX(Kassza,CH4000,11)<>0,INDEX(Kassza,CH4000,11),"") | CM4000: =IF(INDEX(Kassza,CH4000,4)<>0,INDEX(Kassza,CH4000,4),"") | CN4000: =IF(INDEX(Kassza,CH4000,3)<>0,INDEX(Kassza,CH4000,3),"")
CH10006: 1
BQ10007: =IF(CE10007<0,1,0) -> 0 | BS10007: =IF(Kiadasi_kiseroiv!$K$2=BT10007,BV10007,"") | BT10007: =IF(AND($BT$4=CI10007,BU10007<>""),CC10007,"") | BU10007: =IF(AND($BU$1=CI10007,OR(ISERROR(VLOOKUP(CG10007,Kisiv,2,FALSE))=FALSE,CE10007<0)),CB10007,"") | BV10007: =IF(BU10007<>"",RANK(BU10007,$BU$7:$BU$33000,1),"") | BW10007: =IF(CC10007<min,$BW$2,IF(CC10007<=max,CG10007,"")) | BX10007: =IF(AND(OR($BX$1=0,$BX$1=CG10007),OR($BX$2=0,IF(ISERROR(SEARCH($BX$2,CJ10007&CK10007&CL10007,1)),FALSE,TRUE))),CB10007,"") | BY10007: =IF(AND(BX10007<>"",CC10007<>$CD$2),RANK(BX10007,$BX$7:$BX$33000,1),"") | BZ10007: =IF(AND(CC10007<$BZ$2,CI10007=$BZ$4),$BZ$5,IF(AND(CC10007<=$BZ$3,CI10007=$BZ$4),CB10007,"")) | CA10007: =IF(AND(BZ10007<>"",BZ10007<>$BZ$5),RANK(BZ10007,$BZ$7:$BZ$33000,1),"") | CB10007: =IF(COUNTIF($CD$7:CD10007,CD10007)=1,CD10007,CD10007+COUNTIF($CD$6:CD10006,CD10007)) -> 59147 | CC10007: =IF(INDEX(ab,CH10007,1)<>1,INDEX(ab,CH10007,1),$CD$2) -> 55153 | CD10007: =IF(CC10007<>$CD$2,RANK(CC10007,$CC$7:$CC$33000,1),$CD$2) -> 55153 | CE10007: =INDEX(ab,CH10007,6) -> 0 | CF10007: =INDEX(ab,CH10007,8) -> 0 | CG10007: =INDEX(ab,CH10007,7)&INDEX(ab,CH10007,9) | CH10007: 2 | CI10007: ab | CJ10007: =IF(INDEX(ab,CH10007,5)<>0,INDEX(ab,CH10007,5),"") | CK10007: =IF(INDEX(ab,CH10007,10)<>0,INDEX(ab,CH10007,10),"") | CL10007: =IF(INDEX(ab,CH10007,11)<>0,INDEX(ab,CH10007,11),"") | CM10007: =IF(INDEX(ab,CH10007,4)<>0,INDEX(ab,CH10007,4),"") | CN10007: =IF(INDEX(ab,CH10007,3)<>0,INDEX(ab,CH10007,3),"")
BQ10008: =IF(CE10008<0,1,0) -> 0 | BS10008: =IF(Kiadasi_kiseroiv!$K$2=BT10008,BV10008,"") | BT10008: =IF(AND($BT$4=CI10008,BU10008<>""),CC10008,"") | BU10008: =IF(AND($BU$1=CI10008,OR(ISERROR(VLOOKUP(CG10008,Kisiv,2,FALSE))=FALSE,CE10008<0)),CB10008,"") | BV10008: =IF(BU10008<>"",RANK(BU10008,$BU$7:$BU$33000,1),"") | BW10008: =IF(CC10008<min,$BW$2,IF(CC10008<=max,CG10008,"")) | BX10008: =IF(AND(OR($BX$1=0,$BX$1=CG10008),OR($BX$2=0,IF(ISERROR(SEARCH($BX$2,CJ10008&CK10008&CL10008,1)),FALSE,TRUE))),CB10008,"") | BY10008: =IF(AND(BX10008<>"",CC10008<>$CD$2),RANK(BX10008,$BX$7:$BX$33000,1),"") | BZ10008: =IF(AND(CC10008<$BZ$2,CI10008=$BZ$4),$BZ$5,IF(AND(CC10008<=$BZ$3,CI10008=$BZ$4),CB10008,"")) | CA10008: =IF(AND(BZ10008<>"",BZ10008<>$BZ$5),RANK(BZ10008,$BZ$7:$BZ$33000,1),"") | CB10008: =IF(COUNTIF($CD$7:CD10008,CD10008)=1,CD10008,CD10008+COUNTIF($CD$6:CD10007,CD10008)) -> 59148 | CC10008: =IF(INDEX(ab,CH10008,1)<>1,INDEX(ab,CH10008,1),$CD$2) -> 55153 | CD10008: =IF(CC10008<>$CD$2,RANK(CC10008,$CC$7:$CC$33000,1),$CD$2) -> 55153 | CE10008: =INDEX(ab,CH10008,6) -> 0 | CF10008: =INDEX(ab,CH10008,8) -> 0 | CG10008: =INDEX(ab,CH10008,7)&INDEX(ab,CH10008,9) | CH10008: 3 | CI10008: ab | CJ10008: =IF(INDEX(ab,CH10008,5)<>0,INDEX(ab,CH10008,5),"") | CK10008: =IF(INDEX(ab,CH10008,10)<>0,INDEX(ab,CH10008,10),"") | CL10008: =IF(INDEX(ab,CH10008,11)<>0,INDEX(ab,CH10008,11),"") | CM10008: =IF(INDEX(ab,CH10008,4)<>0,INDEX(ab,CH10008,4),"") | CN10008: =IF(INDEX(ab,CH10008,3)<>0,INDEX(ab,CH10008,3),"")
BQ10009: =IF(CE10009<0,1,0) -> 0 | BS10009: =IF(Kiadasi_kiseroiv!$K$2=BT10009,BV10009,"") | BT10009: =IF(AND($BT$4=CI10009,BU10009<>""),CC10009,"") | BU10009: =IF(AND($BU$1=CI10009,OR(ISERROR(VLOOKUP(CG10009,Kisiv,2,FALSE))=FALSE,CE10009<0)),CB10009,"") | BV10009: =IF(BU10009<>"",RANK(BU10009,$BU$7:$BU$33000,1),"") | BW10009: =IF(CC10009<min,$BW$2,IF(CC10009<=max,CG10009,"")) | BX10009: =IF(AND(OR($BX$1=0,$BX$1=CG10009),OR($BX$2=0,IF(ISERROR(SEARCH($BX$2,CJ10009&CK10009&CL10009,1)),FALSE,TRUE))),CB10009,"") | BY10009: =IF(AND(BX10009<>"",CC10009<>$CD$2),RANK(BX10009,$BX$7:$BX$33000,1),"") | BZ10009: =IF(AND(CC10009<$BZ$2,CI10009=$BZ$4),$BZ$5,IF(AND(CC10009<=$BZ$3,CI10009=$BZ$4),CB10009,"")) | CA10009: =IF(AND(BZ10009<>"",BZ10009<>$BZ$5),RANK(BZ10009,$BZ$7:$BZ$33000,1),"") | CB10009: =IF(COUNTIF($CD$7:CD10009,CD10009)=1,CD10009,CD10009+COUNTIF($CD$6:CD10008,CD10009)) -> 59149 | CC10009: =IF(INDEX(ab,CH10009,1)<>1,INDEX(ab,CH10009,1),$CD$2) -> 55153 | CD10009: =IF(CC10009<>$CD$2,RANK(CC10009,$CC$7:$CC$33000,1),$CD$2) -> 55153 | CE10009: =INDEX(ab,CH10009,6) -> 0 | CF10009: =INDEX(ab,CH10009,8) -> 0 | CG10009: =INDEX(ab,CH10009,7)&INDEX(ab,CH10009,9) | CH10009: 4 | CI10009: ab | CJ10009: =IF(INDEX(ab,CH10009,5)<>0,INDEX(ab,CH10009,5),"") | CK10009: =IF(INDEX(ab,CH10009,10)<>0,INDEX(ab,CH10009,10),"") | CL10009: =IF(INDEX(ab,CH10009,11)<>0,INDEX(ab,CH10009,11),"") | CM10009: =IF(INDEX(ab,CH10009,4)<>0,INDEX(ab,CH10009,4),"") | CN10009: =IF(INDEX(ab,CH10009,3)<>0,INDEX(ab,CH10009,3),"")
BQ10010: =IF(CE10010<0,1,0) -> 0 | BS10010: =IF(Kiadasi_kiseroiv!$K$2=BT10010,BV10010,"") | BT10010: =IF(AND($BT$4=CI10010,BU10010<>""),CC10010,"") | BU10010: =IF(AND($BU$1=CI10010,OR(ISERROR(VLOOKUP(CG10010,Kisiv,2,FALSE))=FALSE,CE10010<0)),CB10010,"") | BV10010: =IF(BU10010<>"",RANK(BU10010,$BU$7:$BU$33000,1),"") | BW10010: =IF(CC10010<min,$BW$2,IF(CC10010<=max,CG10010,"")) | BX10010: =IF(AND(OR($BX$1=0,$BX$1=CG10010),OR($BX$2=0,IF(ISERROR(SEARCH($BX$2,CJ10010&CK10010&CL10010,1)),FALSE,TRUE))),CB10010,"") | BY10010: =IF(AND(BX10010<>"",CC10010<>$CD$2),RANK(BX10010,$BX$7:$BX$33000,1),"") | BZ10010: =IF(AND(CC10010<$BZ$2,CI10010=$BZ$4),$BZ$5,IF(AND(CC10010<=$BZ$3,CI10010=$BZ$4),CB10010,"")) | CA10010: =IF(AND(BZ10010<>"",BZ10010<>$BZ$5),RANK(BZ10010,$BZ$7:$BZ$33000,1),"") | CB10010: =IF(COUNTIF($CD$7:CD10010,CD10010)=1,CD10010,CD10010+COUNTIF($CD$6:CD10009,CD10010)) -> 59150 | CC10010: =IF(INDEX(ab,CH10010,1)<>1,INDEX(ab,CH10010,1),$CD$2) -> 55153 | CD10010: =IF(CC10010<>$CD$2,RANK(CC10010,$CC$7:$CC$33000,1),$CD$2) -> 55153 | CE10010: =INDEX(ab,CH10010,6) -> 0 | CF10010: =INDEX(ab,CH10010,8) -> 0 | CG10010: =INDEX(ab,CH10010,7)&INDEX(ab,CH10010,9) | CH10010: 5 | CI10010: ab | CJ10010: =IF(INDEX(ab,CH10010,5)<>0,INDEX(ab,CH10010,5),"") | CK10010: =IF(INDEX(ab,CH10010,10)<>0,INDEX(ab,CH10010,10),"") | CL10010: =IF(INDEX(ab,CH10010,11)<>0,INDEX(ab,CH10010,11),"") | CM10010: =IF(INDEX(ab,CH10010,4)<>0,INDEX(ab,CH10010,4),"") | CN10010: =IF(INDEX(ab,CH10010,3)<>0,INDEX(ab,CH10010,3),"")
BQ10011: =IF(CE10011<0,1,0) -> 0 | BS10011: =IF(Kiadasi_kiseroiv!$K$2=BT10011,BV10011,"") | BT10011: =IF(AND($BT$4=CI10011,BU10011<>""),CC10011,"") | BU10011: =IF(AND($BU$1=CI10011,OR(ISERROR(VLOOKUP(CG10011,Kisiv,2,FALSE))=FALSE,CE10011<0)),CB10011,"") | BV10011: =IF(BU10011<>"",RANK(BU10011,$BU$7:$BU$33000,1),"") | BW10011: =IF(CC10011<min,$BW$2,IF(CC10011<=max,CG10011,"")) | BX10011: =IF(AND(OR($BX$1=0,$BX$1=CG10011),OR($BX$2=0,IF(ISERROR(SEARCH($BX$2,CJ10011&CK10011&CL10011,1)),FALSE,TRUE))),CB10011,"") | BY10011: =IF(AND(BX10011<>"",CC10011<>$CD$2),RANK(BX10011,$BX$7:$BX$33000,1),"") | BZ10011: =IF(AND(CC10011<$BZ$2,CI10011=$BZ$4),$BZ$5,IF(AND(CC10011<=$BZ$3,CI10011=$BZ$4),CB10011,"")) | CA10011: =IF(AND(BZ10011<>"",BZ10011<>$BZ$5),RANK(BZ10011,$BZ$7:$BZ$33000,1),"") | CB10011: =IF(COUNTIF($CD$7:CD10011,CD10011)=1,CD10011,CD10011+COUNTIF($CD$6:CD10010,CD10011)) -> 59151 | CC10011: =IF(INDEX(ab,CH10011,1)<>1,INDEX(ab,CH10011,1),$CD$2) -> 55153 | CD10011: =IF(CC10011<>$CD$2,RANK(CC10011,$CC$7:$CC$33000,1),$CD$2) -> 55153 | CE10011: =INDEX(ab,CH10011,6) -> 0 | CF10011: =INDEX(ab,CH10011,8) -> 0 | CG10011: =INDEX(ab,CH10011,7)&INDEX(ab,CH10011,9) | CH10011: 6 | CI10011: ab | CJ10011: =IF(INDEX(ab,CH10011,5)<>0,INDEX(ab,CH10011,5),"") | CK10011: =IF(INDEX(ab,CH10011,10)<>0,INDEX(ab,CH10011,10),"") | CL10011: =IF(INDEX(ab,CH10011,11)<>0,INDEX(ab,CH10011,11),"") | CM10011: =IF(INDEX(ab,CH10011,4)<>0,INDEX(ab,CH10011,4),"") | CN10011: =IF(INDEX(ab,CH10011,3)<>0,INDEX(ab,CH10011,3),"")
BQ10012: =IF(CE10012<0,1,0) -> 0 | BS10012: =IF(Kiadasi_kiseroiv!$K$2=BT10012,BV10012,"") | BT10012: =IF(AND($BT$4=CI10012,BU10012<>""),CC10012,"") | BU10012: =IF(AND($BU$1=CI10012,OR(ISERROR(VLOOKUP(CG10012,Kisiv,2,FALSE))=FALSE,CE10012<0)),CB10012,"") | BV10012: =IF(BU10012<>"",RANK(BU10012,$BU$7:$BU$33000,1),"") | BW10012: =IF(CC10012<min,$BW$2,IF(CC10012<=max,CG10012,"")) | BX10012: =IF(AND(OR($BX$1=0,$BX$1=CG10012),OR($BX$2=0,IF(ISERROR(SEARCH($BX$2,CJ10012&CK10012&CL10012,1)),FALSE,TRUE))),CB10012,"") | BY10012: =IF(AND(BX10012<>"",CC10012<>$CD$2),RANK(BX10012,$BX$7:$BX$33000,1),"") | BZ10012: =IF(AND(CC10012<$BZ$2,CI10012=$BZ$4),$BZ$5,IF(AND(CC10012<=$BZ$3,CI10012=$BZ$4),CB10012,"")) | CA10012: =IF(AND(BZ10012<>"",BZ10012<>$BZ$5),RANK(BZ10012,$BZ$7:$BZ$33000,1),"") | CB10012: =IF(COUNTIF($CD$7:CD10012,CD10012)=1,CD10012,CD10012+COUNTIF($CD$6:CD10011,CD10012)) -> 59152 | CC10012: =IF(INDEX(ab,CH10012,1)<>1,INDEX(ab,CH10012,1),$CD$2) -> 55153 | CD10012: =IF(CC10012<>$CD$2,RANK(CC10012,$CC$7:$CC$33000,1),$CD$2) -> 55153 | CE10012: =INDEX(ab,CH10012,6) -> 0 | CF10012: =INDEX(ab,CH10012,8) -> 0 | CG10012: =INDEX(ab,CH10012,7)&INDEX(ab,CH10012,9) | CH10012: 7 | CI10012: ab | CJ10012: =IF(INDEX(ab,CH10012,5)<>0,INDEX(ab,CH10012,5),"") | CK10012: =IF(INDEX(ab,CH10012,10)<>0,INDEX(ab,CH10012,10),"") | CL10012: =IF(INDEX(ab,CH10012,11)<>0,INDEX(ab,CH10012,11),"") | CM10012: =IF(INDEX(ab,CH10012,4)<>0,INDEX(ab,CH10012,4),"") | CN10012: =IF(INDEX(ab,CH10012,3)<>0,INDEX(ab,CH10012,3),"")
BQ10013: =IF(CE10013<0,1,0) -> 0 | BS10013: =IF(Kiadasi_kiseroiv!$K$2=BT10013,BV10013,"") | BT10013: =IF(AND($BT$4=CI10013,BU10013<>""),CC10013,"") | BU10013: =IF(AND($BU$1=CI10013,OR(ISERROR(VLOOKUP(CG10013,Kisiv,2,FALSE))=FALSE,CE10013<0)),CB10013,"") | BV10013: =IF(BU10013<>"",RANK(BU10013,$BU$7:$BU$33000,1),"") | BW10013: =IF(CC10013<min,$BW$2,IF(CC10013<=max,CG10013,"")) | BX10013: =IF(AND(OR($BX$1=0,$BX$1=CG10013),OR($BX$2=0,IF(ISERROR(SEARCH($BX$2,CJ10013&CK10013&CL10013,1)),FALSE,TRUE))),CB10013,"") | BY10013: =IF(AND(BX10013<>"",CC10013<>$CD$2),RANK(BX10013,$BX$7:$BX$33000,1),"") | BZ10013: =IF(AND(CC10013<$BZ$2,CI10013=$BZ$4),$BZ$5,IF(AND(CC10013<=$BZ$3,CI10013=$BZ$4),CB10013,"")) | CA10013: =IF(AND(BZ10013<>"",BZ10013<>$BZ$5),RANK(BZ10013,$BZ$7:$BZ$33000,1),"") | CB10013: =IF(COUNTIF($CD$7:CD10013,CD10013)=1,CD10013,CD10013+COUNTIF($CD$6:CD10012,CD10013)) -> 59153 | CC10013: =IF(INDEX(ab,CH10013,1)<>1,INDEX(ab,CH10013,1),$CD$2) -> 55153 | CD10013: =IF(CC10013<>$CD$2,RANK(CC10013,$CC$7:$CC$33000,1),$CD$2) -> 55153 | CE10013: =INDEX(ab,CH10013,6) -> 0 | CF10013: =INDEX(ab,CH10013,8) -> 0 | CG10013: =INDEX(ab,CH10013,7)&INDEX(ab,CH10013,9) | CH10013: 8 | CI10013: ab | CJ10013: =IF(INDEX(ab,CH10013,5)<>0,INDEX(ab,CH10013,5),"") | CK10013: =IF(INDEX(ab,CH10013,10)<>0,INDEX(ab,CH10013,10),"") | CL10013: =IF(INDEX(ab,CH10013,11)<>0,INDEX(ab,CH10013,11),"") | CM10013: =IF(INDEX(ab,CH10013,4)<>0,INDEX(ab,CH10013,4),"") | CN10013: =IF(INDEX(ab,CH10013,3)<>0,INDEX(ab,CH10013,3),"")
BQ10014: =IF(CE10014<0,1,0) -> 0 | BS10014: =IF(Kiadasi_kiseroiv!$K$2=BT10014,BV10014,"") | BT10014: =IF(AND($BT$4=CI10014,BU10014<>""),CC10014,"") | BU10014: =IF(AND($BU$1=CI10014,OR(ISERROR(VLOOKUP(CG10014,Kisiv,2,FALSE))=FALSE,CE10014<0)),CB10014,"") | BV10014: =IF(BU10014<>"",RANK(BU10014,$BU$7:$BU$33000,1),"") | BW10014: =IF(CC10014<min,$BW$2,IF(CC10014<=max,CG10014,"")) | BX10014: =IF(AND(OR($BX$1=0,$BX$1=CG10014),OR($BX$2=0,IF(ISERROR(SEARCH($BX$2,CJ10014&CK10014&CL10014,1)),FALSE,TRUE))),CB10014,"") | BY10014: =IF(AND(BX10014<>"",CC10014<>$CD$2),RANK(BX10014,$BX$7:$BX$33000,1),"") | BZ10014: =IF(AND(CC10014<$BZ$2,CI10014=$BZ$4),$BZ$5,IF(AND(CC10014<=$BZ$3,CI10014=$BZ$4),CB10014,"")) | CA10014: =IF(AND(BZ10014<>"",BZ10014<>$BZ$5),RANK(BZ10014,$BZ$7:$BZ$33000,1),"") | CB10014: =IF(COUNTIF($CD$7:CD10014,CD10014)=1,CD10014,CD10014+COUNTIF($CD$6:CD10013,CD10014)) -> 59154 | CC10014: =IF(INDEX(ab,CH10014,1)<>1,INDEX(ab,CH10014,1),$CD$2) -> 55153 | CD10014: =IF(CC10014<>$CD$2,RANK(CC10014,$CC$7:$CC$33000,1),$CD$2) -> 55153 | CE10014: =INDEX(ab,CH10014,6) -> 0 | CF10014: =INDEX(ab,CH10014,8) -> 0 | CG10014: =INDEX(ab,CH10014,7)&INDEX(ab,CH10014,9) | CH10014: 9 | CI10014: ab | CJ10014: =IF(INDEX(ab,CH10014,5)<>0,INDEX(ab,CH10014,5),"") | CK10014: =IF(INDEX(ab,CH10014,10)<>0,INDEX(ab,CH10014,10),"") | CL10014: =IF(INDEX(ab,CH10014,11)<>0,INDEX(ab,CH10014,11),"") | CM10014: =IF(INDEX(ab,CH10014,4)<>0,INDEX(ab,CH10014,4),"") | CN10014: =IF(INDEX(ab,CH10014,3)<>0,INDEX(ab,CH10014,3),"")
BQ10015: =IF(CE10015<0,1,0) -> 0 | BS10015: =IF(Kiadasi_kiseroiv!$K$2=BT10015,BV10015,"") | BT10015: =IF(AND($BT$4=CI10015,BU10015<>""),CC10015,"") | BU10015: =IF(AND($BU$1=CI10015,OR(ISERROR(VLOOKUP(CG10015,Kisiv,2,FALSE))=FALSE,CE10015<0)),CB10015,"") | BV10015: =IF(BU10015<>"",RANK(BU10015,$BU$7:$BU$33000,1),"") | BW10015: =IF(CC10015<min,$BW$2,IF(CC10015<=max,CG10015,"")) | BX10015: =IF(AND(OR($BX$1=0,$BX$1=CG10015),OR($BX$2=0,IF(ISERROR(SEARCH($BX$2,CJ10015&CK10015&CL10015,1)),FALSE,TRUE))),CB10015,"") | BY10015: =IF(AND(BX10015<>"",CC10015<>$CD$2),RANK(BX10015,$BX$7:$BX$33000,1),"") | BZ10015: =IF(AND(CC10015<$BZ$2,CI10015=$BZ$4),$BZ$5,IF(AND(CC10015<=$BZ$3,CI10015=$BZ$4),CB10015,"")) | CA10015: =IF(AND(BZ10015<>"",BZ10015<>$BZ$5),RANK(BZ10015,$BZ$7:$BZ$33000,1),"") | CB10015: =IF(COUNTIF($CD$7:CD10015,CD10015)=1,CD10015,CD10015+COUNTIF($CD$6:CD10014,CD10015)) -> 59155 | CC10015: =IF(INDEX(ab,CH10015,1)<>1,INDEX(ab,CH10015,1),$CD$2) -> 55153 | CD10015: =IF(CC10015<>$CD$2,RANK(CC10015,$CC$7:$CC$33000,1),$CD$2) -> 55153 | CE10015: =INDEX(ab,CH10015,6) -> 0 | CF10015: =INDEX(ab,CH10015,8) -> 0 | CG10015: =INDEX(ab,CH10015,7)&INDEX(ab,CH10015,9) | CH10015: 10 | CI10015: ab | CJ10015: =IF(INDEX(ab,CH10015,5)<>0,INDEX(ab,CH10015,5),"") | CK10015: =IF(INDEX(ab,CH10015,10)<>0,INDEX(ab,CH10015,10),"") | CL10015: =IF(INDEX(ab,CH10015,11)<>0,INDEX(ab,CH10015,11),"") | CM10015: =IF(INDEX(ab,CH10015,4)<>0,INDEX(ab,CH10015,4),"") | CN10015: =IF(INDEX(ab,CH10015,3)<>0,INDEX(ab,CH10015,3),"")
BQ10016: =IF(CE10016<0,1,0) -> 0 | BS10016: =IF(Kiadasi_kiseroiv!$K$2=BT10016,BV10016,"") | BT10016: =IF(AND($BT$4=CI10016,BU10016<>""),CC10016,"") | BU10016: =IF(AND($BU$1=CI10016,OR(ISERROR(VLOOKUP(CG10016,Kisiv,2,FALSE))=FALSE,CE10016<0)),CB10016,"") | BV10016: =IF(BU10016<>"",RANK(BU10016,$BU$7:$BU$33000,1),"") | BW10016: =IF(CC10016<min,$BW$2,IF(CC10016<=max,CG10016,"")) | BX10016: =IF(AND(OR($BX$1=0,$BX$1=CG10016),OR($BX$2=0,IF(ISERROR(SEARCH($BX$2,CJ10016&CK10016&CL10016,1)),FALSE,TRUE))),CB10016,"") | BY10016: =IF(AND(BX10016<>"",CC10016<>$CD$2),RANK(BX10016,$BX$7:$BX$33000,1),"") | BZ10016: =IF(AND(CC10016<$BZ$2,CI10016=$BZ$4),$BZ$5,IF(AND(CC10016<=$BZ$3,CI10016=$BZ$4),CB10016,"")) | CA10016: =IF(AND(BZ10016<>"",BZ10016<>$BZ$5),RANK(BZ10016,$BZ$7:$BZ$33000,1),"") | CB10016: =IF(COUNTIF($CD$7:CD10016,CD10016)=1,CD10016,CD10016+COUNTIF($CD$6:CD10015,CD10016)) -> 59156 | CC10016: =IF(INDEX(ab,CH10016,1)<>1,INDEX(ab,CH10016,1),$CD$2) -> 55153 | CD10016: =IF(CC10016<>$CD$2,RANK(CC10016,$CC$7:$CC$33000,1),$CD$2) -> 55153 | CE10016: =INDEX(ab,CH10016,6) -> 0 | CF10016: =INDEX(ab,CH10016,8) -> 0 | CG10016: =INDEX(ab,CH10016,7)&INDEX(ab,CH10016,9) | CH10016: 11 | CI10016: ab | CJ10016: =IF(INDEX(ab,CH10016,5)<>0,INDEX(ab,CH10016,5),"") | CK10016: =IF(INDEX(ab,CH10016,10)<>0,INDEX(ab,CH10016,10),"") | CL10016: =IF(INDEX(ab,CH10016,11)<>0,INDEX(ab,CH10016,11),"") | CM10016: =IF(INDEX(ab,CH10016,4)<>0,INDEX(ab,CH10016,4),"") | CN10016: =IF(INDEX(ab,CH10016,3)<>0,INDEX(ab,CH10016,3),"")
BS10017: =IF(Kiadasi_kiseroiv!$K$2=BT10017,BV10017,"") | BT10017: =IF(AND($BT$4=CI10017,BU10017<>""),CC10017,"") | BU10017: =IF(AND($BU$1=CI10017,OR(ISERROR(VLOOKUP(CG10017,Kisiv,2,FALSE))=FALSE,CE10017<0)),CB10017,"") | BV10017: =IF(BU10017<>"",RANK(BU10017,$BU$7:$BU$33000,1),"") | BW10017: =IF(CC10017<min,$BW$2,IF(CC10017<=max,CG10017,"")) | BX10017: =IF(AND(OR($BX$1=0,$BX$1=CG10017),OR($BX$2=0,IF(ISERROR(SEARCH($BX$2,CJ10017&CK10017&CL10017,1)),FALSE,TRUE))),CB10017,"") | BY10017: =IF(AND(BX10017<>"",CC10017<>$CD$2),RANK(BX10017,$BX$7:$BX$33000,1),"") | BZ10017: =IF(AND(CC10017<$BZ$2,CI10017=$BZ$4),$BZ$5,IF(AND(CC10017<=$BZ$3,CI10017=$BZ$4),CB10017,"")) | CA10017: =IF(AND(BZ10017<>"",BZ10017<>$BZ$5),RANK(BZ10017,$BZ$7:$BZ$33000,1),"") | CB10017: =IF(COUNTIF($CD$7:CD10017,CD10017)=1,CD10017,CD10017+COUNTIF($CD$6:CD10016,CD10017)) -> 59157 | CC10017: =IF(INDEX(ab,CH10017,1)<>1,INDEX(ab,CH10017,1),$CD$2) -> 55153 | CD10017: =IF(CC10017<>$CD$2,RANK(CC10017,$CC$7:$CC$33000,1),$CD$2) -> 55153 | CE10017: =INDEX(ab,CH10017,6) -> 0 | CF10017: =INDEX(ab,CH10017,8) -> 0 | CG10017: =INDEX(ab,CH10017,7)&INDEX(ab,CH10017,9) | CH10017: 12 | CI10017: ab | CJ10017: =IF(INDEX(ab,CH10017,5)<>0,INDEX(ab,CH10017,5),"") | CK10017: =IF(INDEX(ab,CH10017,10)<>0,INDEX(ab,CH10017,10),"") | CL10017: =IF(INDEX(ab,CH10017,11)<>0,INDEX(ab,CH10017,11),"") | CM10017: =IF(INDEX(ab,CH10017,4)<>0,INDEX(ab,CH10017,4),"") | CN10017: =IF(INDEX(ab,CH10017,3)<>0,INDEX(ab,CH10017,3),"")
BS10018: =IF(Kiadasi_kiseroiv!$K$2=BT10018,BV10018,"") | BT10018: =IF(AND($BT$4=CI10018,BU10018<>""),CC10018,"") | BU10018: =IF(AND($BU$1=CI10018,OR(ISERROR(VLOOKUP(CG10018,Kisiv,2,FALSE))=FALSE,CE10018<0)),CB10018,"") | BV10018: =IF(BU10018<>"",RANK(BU10018,$BU$7:$BU$33000,1),"") | BW10018: =IF(CC10018<min,$BW$2,IF(CC10018<=max,CG10018,"")) | BX10018: =IF(AND(OR($BX$1=0,$BX$1=CG10018),OR($BX$2=0,IF(ISERROR(SEARCH($BX$2,CJ10018&CK10018&CL10018,1)),FALSE,TRUE))),CB10018,"") | BY10018: =IF(AND(BX10018<>"",CC10018<>$CD$2),RANK(BX10018,$BX$7:$BX$33000,1),"") | BZ10018: =IF(AND(CC10018<$BZ$2,CI10018=$BZ$4),$BZ$5,IF(AND(CC10018<=$BZ$3,CI10018=$BZ$4),CB10018,"")) | CA10018: =IF(AND(BZ10018<>"",BZ10018<>$BZ$5),RANK(BZ10018,$BZ$7:$BZ$33000,1),"") | CB10018: =IF(COUNTIF($CD$7:CD10018,CD10018)=1,CD10018,CD10018+COUNTIF($CD$6:CD10017,CD10018)) -> 59158 | CC10018: =IF(INDEX(ab,CH10018,1)<>1,INDEX(ab,CH10018,1),$CD$2) -> 55153 | CD10018: =IF(CC10018<>$CD$2,RANK(CC10018,$CC$7:$CC$33000,1),$CD$2) -> 55153 | CE10018: =INDEX(ab,CH10018,6) -> 0 | CF10018: =INDEX(ab,CH10018,8) -> 0 | CG10018: =INDEX(ab,CH10018,7)&INDEX(ab,CH10018,9) | CH10018: 13 | CI10018: ab | CJ10018: =IF(INDEX(ab,CH10018,5)<>0,INDEX(ab,CH10018,5),"") | CK10018: =IF(INDEX(ab,CH10018,10)<>0,INDEX(ab,CH10018,10),"") | CL10018: =IF(INDEX(ab,CH10018,11)<>0,INDEX(ab,CH10018,11),"") | CM10018: =IF(INDEX(ab,CH10018,4)<>0,INDEX(ab,CH10018,4),"") | CN10018: =IF(INDEX(ab,CH10018,3)<>0,INDEX(ab,CH10018,3),"")
BS10019: =IF(Kiadasi_kiseroiv!$K$2=BT10019,BV10019,"") | BT10019: =IF(AND($BT$4=CI10019,BU10019<>""),CC10019,"") | BU10019: =IF(AND($BU$1=CI10019,OR(ISERROR(VLOOKUP(CG10019,Kisiv,2,FALSE))=FALSE,CE10019<0)),CB10019,"") | BV10019: =IF(BU10019<>"",RANK(BU10019,$BU$7:$BU$33000,1),"") | BW10019: =IF(CC10019<min,$BW$2,IF(CC10019<=max,CG10019,"")) | BX10019: =IF(AND(OR($BX$1=0,$BX$1=CG10019),OR($BX$2=0,IF(ISERROR(SEARCH($BX$2,CJ10019&CK10019&CL10019,1)),FALSE,TRUE))),CB10019,"") | BY10019: =IF(AND(BX10019<>"",CC10019<>$CD$2),RANK(BX10019,$BX$7:$BX$33000,1),"") | BZ10019: =IF(AND(CC10019<$BZ$2,CI10019=$BZ$4),$BZ$5,IF(AND(CC10019<=$BZ$3,CI10019=$BZ$4),CB10019,"")) | CA10019: =IF(AND(BZ10019<>"",BZ10019<>$BZ$5),RANK(BZ10019,$BZ$7:$BZ$33000,1),"") | CB10019: =IF(COUNTIF($CD$7:CD10019,CD10019)=1,CD10019,CD10019+COUNTIF($CD$6:CD10018,CD10019)) -> 59159 | CC10019: =IF(INDEX(ab,CH10019,1)<>1,INDEX(ab,CH10019,1),$CD$2) -> 55153 | CD10019: =IF(CC10019<>$CD$2,RANK(CC10019,$CC$7:$CC$33000,1),$CD$2) -> 55153 | CE10019: =INDEX(ab,CH10019,6) -> 0 | CF10019: =INDEX(ab,CH10019,8) -> 0 | CG10019: =INDEX(ab,CH10019,7)&INDEX(ab,CH10019,9) | CH10019: 14 | CI10019: ab | CJ10019: =IF(INDEX(ab,CH10019,5)<>0,INDEX(ab,CH10019,5),"") | CK10019: =IF(INDEX(ab,CH10019,10)<>0,INDEX(ab,CH10019,10),"") | CL10019: =IF(INDEX(ab,CH10019,11)<>0,INDEX(ab,CH10019,11),"") | CM10019: =IF(INDEX(ab,CH10019,4)<>0,INDEX(ab,CH10019,4),"") | CN10019: =IF(INDEX(ab,CH10019,3)<>0,INDEX(ab,CH10019,3),"")
BS10020: =IF(Kiadasi_kiseroiv!$K$2=BT10020,BV10020,"") | BT10020: =IF(AND($BT$4=CI10020,BU10020<>""),CC10020,"") | BU10020: =IF(AND($BU$1=CI10020,OR(ISERROR(VLOOKUP(CG10020,Kisiv,2,FALSE))=FALSE,CE10020<0)),CB10020,"") | BV10020: =IF(BU10020<>"",RANK(BU10020,$BU$7:$BU$33000,1),"") | BW10020: =IF(CC10020<min,$BW$2,IF(CC10020<=max,CG10020,"")) | BX10020: =IF(AND(OR($BX$1=0,$BX$1=CG10020),OR($BX$2=0,IF(ISERROR(SEARCH($BX$2,CJ10020&CK10020&CL10020,1)),FALSE,TRUE))),CB10020,"") | BY10020: =IF(AND(BX10020<>"",CC10020<>$CD$2),RANK(BX10020,$BX$7:$BX$33000,1),"") | BZ10020: =IF(AND(CC10020<$BZ$2,CI10020=$BZ$4),$BZ$5,IF(AND(CC10020<=$BZ$3,CI10020=$BZ$4),CB10020,"")) | CA10020: =IF(AND(BZ10020<>"",BZ10020<>$BZ$5),RANK(BZ10020,$BZ$7:$BZ$33000,1),"") | CB10020: =IF(COUNTIF($CD$7:CD10020,CD10020)=1,CD10020,CD10020+COUNTIF($CD$6:CD10019,CD10020)) -> 59160 | CC10020: =IF(INDEX(ab,CH10020,1)<>1,INDEX(ab,CH10020,1),$CD$2) -> 55153 | CD10020: =IF(CC10020<>$CD$2,RANK(CC10020,$CC$7:$CC$33000,1),$CD$2) -> 55153 | CE10020: =INDEX(ab,CH10020,6) -> 0 | CF10020: =INDEX(ab,CH10020,8) -> 0 | CG10020: =INDEX(ab,CH10020,7)&INDEX(ab,CH10020,9) | CH10020: 15 | CI10020: ab | CJ10020: =IF(INDEX(ab,CH10020,5)<>0,INDEX(ab,CH10020,5),"") | CK10020: =IF(INDEX(ab,CH10020,10)<>0,INDEX(ab,CH10020,10),"") | CL10020: =IF(INDEX(ab,CH10020,11)<>0,INDEX(ab,CH10020,11),"") | CM10020: =IF(INDEX(ab,CH10020,4)<>0,INDEX(ab,CH10020,4),"") | CN10020: =IF(INDEX(ab,CH10020,3)<>0,INDEX(ab,CH10020,3),"")
BS10021: =IF(Kiadasi_kiseroiv!$K$2=BT10021,BV10021,"") | BT10021: =IF(AND($BT$4=CI10021,BU10021<>""),CC10021,"") | BU10021: =IF(AND($BU$1=CI10021,OR(ISERROR(VLOOKUP(CG10021,Kisiv,2,FALSE))=FALSE,CE10021<0)),CB10021,"") | BV10021: =IF(BU10021<>"",RANK(BU10021,$BU$7:$BU$33000,1),"") | BW10021: =IF(CC10021<min,$BW$2,IF(CC10021<=max,CG10021,"")) | BX10021: =IF(AND(OR($BX$1=0,$BX$1=CG10021),OR($BX$2=0,IF(ISERROR(SEARCH($BX$2,CJ10021&CK10021&CL10021,1)),FALSE,TRUE))),CB10021,"") | BY10021: =IF(AND(BX10021<>"",CC10021<>$CD$2),RANK(BX10021,$BX$7:$BX$33000,1),"") | BZ10021: =IF(AND(CC10021<$BZ$2,CI10021=$BZ$4),$BZ$5,IF(AND(CC10021<=$BZ$3,CI10021=$BZ$4),CB10021,"")) | CA10021: =IF(AND(BZ10021<>"",BZ10021<>$BZ$5),RANK(BZ10021,$BZ$7:$BZ$33000,1),"") | CB10021: =IF(COUNTIF($CD$7:CD10021,CD10021)=1,CD10021,CD10021+COUNTIF($CD$6:CD10020,CD10021)) -> 59161 | CC10021: =IF(INDEX(ab,CH10021,1)<>1,INDEX(ab,CH10021,1),$CD$2) -> 55153 | CD10021: =IF(CC10021<>$CD$2,RANK(CC10021,$CC$7:$CC$33000,1),$CD$2) -> 55153 | CE10021: =INDEX(ab,CH10021,6) -> 0 | CF10021: =INDEX(ab,CH10021,8) -> 0 | CG10021: =INDEX(ab,CH10021,7)&INDEX(ab,CH10021,9) | CH10021: 16 | CI10021: ab | CJ10021: =IF(INDEX(ab,CH10021,5)<>0,INDEX(ab,CH10021,5),"") | CK10021: =IF(INDEX(ab,CH10021,10)<>0,INDEX(ab,CH10021,10),"") | CL10021: =IF(INDEX(ab,CH10021,11)<>0,INDEX(ab,CH10021,11),"") | CM10021: =IF(INDEX(ab,CH10021,4)<>0,INDEX(ab,CH10021,4),"") | CN10021: =IF(INDEX(ab,CH10021,3)<>0,INDEX(ab,CH10021,3),"")
BS10022: =IF(Kiadasi_kiseroiv!$K$2=BT10022,BV10022,"") | BT10022: =IF(AND($BT$4=CI10022,BU10022<>""),CC10022,"") | BU10022: =IF(AND($BU$1=CI10022,OR(ISERROR(VLOOKUP(CG10022,Kisiv,2,FALSE))=FALSE,CE10022<0)),CB10022,"") | BV10022: =IF(BU10022<>"",RANK(BU10022,$BU$7:$BU$33000,1),"") | BW10022: =IF(CC10022<min,$BW$2,IF(CC10022<=max,CG10022,"")) | BX10022: =IF(AND(OR($BX$1=0,$BX$1=CG10022),OR($BX$2=0,IF(ISERROR(SEARCH($BX$2,CJ10022&CK10022&CL10022,1)),FALSE,TRUE))),CB10022,"") | BY10022: =IF(AND(BX10022<>"",CC10022<>$CD$2),RANK(BX10022,$BX$7:$BX$33000,1),"") | BZ10022: =IF(AND(CC10022<$BZ$2,CI10022=$BZ$4),$BZ$5,IF(AND(CC10022<=$BZ$3,CI10022=$BZ$4),CB10022,"")) | CA10022: =IF(AND(BZ10022<>"",BZ10022<>$BZ$5),RANK(BZ10022,$BZ$7:$BZ$33000,1),"") | CB10022: =IF(COUNTIF($CD$7:CD10022,CD10022)=1,CD10022,CD10022+COUNTIF($CD$6:CD10021,CD10022)) -> 59162 | CC10022: =IF(INDEX(ab,CH10022,1)<>1,INDEX(ab,CH10022,1),$CD$2) -> 55153 | CD10022: =IF(CC10022<>$CD$2,RANK(CC10022,$CC$7:$CC$33000,1),$CD$2) -> 55153 | CE10022: =INDEX(ab,CH10022,6) -> 0 | CF10022: =INDEX(ab,CH10022,8) -> 0 | CG10022: =INDEX(ab,CH10022,7)&INDEX(ab,CH10022,9) | CH10022: 17 | CI10022: ab | CJ10022: =IF(INDEX(ab,CH10022,5)<>0,INDEX(ab,CH10022,5),"") | CK10022: =IF(INDEX(ab,CH10022,10)<>0,INDEX(ab,CH10022,10),"") | CL10022: =IF(INDEX(ab,CH10022,11)<>0,INDEX(ab,CH10022,11),"") | CM10022: =IF(INDEX(ab,CH10022,4)<>0,INDEX(ab,CH10022,4),"") | CN10022: =IF(INDEX(ab,CH10022,3)<>0,INDEX(ab,CH10022,3),"")
BS10023: =IF(Kiadasi_kiseroiv!$K$2=BT10023,BV10023,"") | BT10023: =IF(AND($BT$4=CI10023,BU10023<>""),CC10023,"") | BU10023: =IF(AND($BU$1=CI10023,OR(ISERROR(VLOOKUP(CG10023,Kisiv,2,FALSE))=FALSE,CE10023<0)),CB10023,"") | BV10023: =IF(BU10023<>"",RANK(BU10023,$BU$7:$BU$33000,1),"") | BW10023: =IF(CC10023<min,$BW$2,IF(CC10023<=max,CG10023,"")) | BX10023: =IF(AND(OR($BX$1=0,$BX$1=CG10023),OR($BX$2=0,IF(ISERROR(SEARCH($BX$2,CJ10023&CK10023&CL10023,1)),FALSE,TRUE))),CB10023,"") | BY10023: =IF(AND(BX10023<>"",CC10023<>$CD$2),RANK(BX10023,$BX$7:$BX$33000,1),"") | BZ10023: =IF(AND(CC10023<$BZ$2,CI10023=$BZ$4),$BZ$5,IF(AND(CC10023<=$BZ$3,CI10023=$BZ$4),CB10023,"")) | CA10023: =IF(AND(BZ10023<>"",BZ10023<>$BZ$5),RANK(BZ10023,$BZ$7:$BZ$33000,1),"") | CB10023: =IF(COUNTIF($CD$7:CD10023,CD10023)=1,CD10023,CD10023+COUNTIF($CD$6:CD10022,CD10023)) -> 59163 | CC10023: =IF(INDEX(ab,CH10023,1)<>1,INDEX(ab,CH10023,1),$CD$2) -> 55153 | CD10023: =IF(CC10023<>$CD$2,RANK(CC10023,$CC$7:$CC$33000,1),$CD$2) -> 55153 | CE10023: =INDEX(ab,CH10023,6) -> 0 | CF10023: =INDEX(ab,CH10023,8) -> 0 | CG10023: =INDEX(ab,CH10023,7)&INDEX(ab,CH10023,9) | CH10023: 18 | CI10023: ab | CJ10023: =IF(INDEX(ab,CH10023,5)<>0,INDEX(ab,CH10023,5),"") | CK10023: =IF(INDEX(ab,CH10023,10)<>0,INDEX(ab,CH10023,10),"") | CL10023: =IF(INDEX(ab,CH10023,11)<>0,INDEX(ab,CH10023,11),"") | CM10023: =IF(INDEX(ab,CH10023,4)<>0,INDEX(ab,CH10023,4),"") | CN10023: =IF(INDEX(ab,CH10023,3)<>0,INDEX(ab,CH10023,3),"")
BS10024: =IF(Kiadasi_kiseroiv!$K$2=BT10024,BV10024,"") | BT10024: =IF(AND($BT$4=CI10024,BU10024<>""),CC10024,"") | BU10024: =IF(AND($BU$1=CI10024,OR(ISERROR(VLOOKUP(CG10024,Kisiv,2,FALSE))=FALSE,CE10024<0)),CB10024,"") | BV10024: =IF(BU10024<>"",RANK(BU10024,$BU$7:$BU$33000,1),"") | BW10024: =IF(CC10024<min,$BW$2,IF(CC10024<=max,CG10024,"")) | BX10024: =IF(AND(OR($BX$1=0,$BX$1=CG10024),OR($BX$2=0,IF(ISERROR(SEARCH($BX$2,CJ10024&CK10024&CL10024,1)),FALSE,TRUE))),CB10024,"") | BY10024: =IF(AND(BX10024<>"",CC10024<>$CD$2),RANK(BX10024,$BX$7:$BX$33000,1),"") | BZ10024: =IF(AND(CC10024<$BZ$2,CI10024=$BZ$4),$BZ$5,IF(AND(CC10024<=$BZ$3,CI10024=$BZ$4),CB10024,"")) | CA10024: =IF(AND(BZ10024<>"",BZ10024<>$BZ$5),RANK(BZ10024,$BZ$7:$BZ$33000,1),"") | CB10024: =IF(COUNTIF($CD$7:CD10024,CD10024)=1,CD10024,CD10024+COUNTIF($CD$6:CD10023,CD10024)) -> 59164 | CC10024: =IF(INDEX(ab,CH10024,1)<>1,INDEX(ab,CH10024,1),$CD$2) -> 55153 | CD10024: =IF(CC10024<>$CD$2,RANK(CC10024,$CC$7:$CC$33000,1),$CD$2) -> 55153 | CE10024: =INDEX(ab,CH10024,6) -> 0 | CF10024: =INDEX(ab,CH10024,8) -> 0 | CG10024: =INDEX(ab,CH10024,7)&INDEX(ab,CH10024,9) | CH10024: 19 | CI10024: ab | CJ10024: =IF(INDEX(ab,CH10024,5)<>0,INDEX(ab,CH10024,5),"") | CK10024: =IF(INDEX(ab,CH10024,10)<>0,INDEX(ab,CH10024,10),"") | CL10024: =IF(INDEX(ab,CH10024,11)<>0,INDEX(ab,CH10024,11),"") | CM10024: =IF(INDEX(ab,CH10024,4)<>0,INDEX(ab,CH10024,4),"") | CN10024: =IF(INDEX(ab,CH10024,3)<>0,INDEX(ab,CH10024,3),"")
BS10025: =IF(Kiadasi_kiseroiv!$K$2=BT10025,BV10025,"") | BT10025: =IF(AND($BT$4=CI10025,BU10025<>""),CC10025,"") | BU10025: =IF(AND($BU$1=CI10025,OR(ISERROR(VLOOKUP(CG10025,Kisiv,2,FALSE))=FALSE,CE10025<0)),CB10025,"") | BV10025: =IF(BU10025<>"",RANK(BU10025,$BU$7:$BU$33000,1),"") | BW10025: =IF(CC10025<min,$BW$2,IF(CC10025<=max,CG10025,"")) | BX10025: =IF(AND(OR($BX$1=0,$BX$1=CG10025),OR($BX$2=0,IF(ISERROR(SEARCH($BX$2,CJ10025&CK10025&CL10025,1)),FALSE,TRUE))),CB10025,"") | BY10025: =IF(AND(BX10025<>"",CC10025<>$CD$2),RANK(BX10025,$BX$7:$BX$33000,1),"") | BZ10025: =IF(AND(CC10025<$BZ$2,CI10025=$BZ$4),$BZ$5,IF(AND(CC10025<=$BZ$3,CI10025=$BZ$4),CB10025,"")) | CA10025: =IF(AND(BZ10025<>"",BZ10025<>$BZ$5),RANK(BZ10025,$BZ$7:$BZ$33000,1),"") | CB10025: =IF(COUNTIF($CD$7:CD10025,CD10025)=1,CD10025,CD10025+COUNTIF($CD$6:CD10024,CD10025)) -> 59165 | CC10025: =IF(INDEX(ab,CH10025,1)<>1,INDEX(ab,CH10025,1),$CD$2) -> 55153 | CD10025: =IF(CC10025<>$CD$2,RANK(CC10025,$CC$7:$CC$33000,1),$CD$2) -> 55153 | CE10025: =INDEX(ab,CH10025,6) -> 0 | CF10025: =INDEX(ab,CH10025,8) -> 0 | CG10025: =INDEX(ab,CH10025,7)&INDEX(ab,CH10025,9) | CH10025: 20 | CI10025: ab | CJ10025: =IF(INDEX(ab,CH10025,5)<>0,INDEX(ab,CH10025,5),"") | CK10025: =IF(INDEX(ab,CH10025,10)<>0,INDEX(ab,CH10025,10),"") | CL10025: =IF(INDEX(ab,CH10025,11)<>0,INDEX(ab,CH10025,11),"") | CM10025: =IF(INDEX(ab,CH10025,4)<>0,INDEX(ab,CH10025,4),"") | CN10025: =IF(INDEX(ab,CH10025,3)<>0,INDEX(ab,CH10025,3),"")
BS10026: =IF(Kiadasi_kiseroiv!$K$2=BT10026,BV10026,"") | BT10026: =IF(AND($BT$4=CI10026,BU10026<>""),CC10026,"") | BU10026: =IF(AND($BU$1=CI10026,OR(ISERROR(VLOOKUP(CG10026,Kisiv,2,FALSE))=FALSE,CE10026<0)),CB10026,"") | BV10026: =IF(BU10026<>"",RANK(BU10026,$BU$7:$BU$33000,1),"") | BW10026: =IF(CC10026<min,$BW$2,IF(CC10026<=max,CG10026,"")) | BX10026: =IF(AND(OR($BX$1=0,$BX$1=CG10026),OR($BX$2=0,IF(ISERROR(SEARCH($BX$2,CJ10026&CK10026&CL10026,1)),FALSE,TRUE))),CB10026,"") | BY10026: =IF(AND(BX10026<>"",CC10026<>$CD$2),RANK(BX10026,$BX$7:$BX$33000,1),"") | BZ10026: =IF(AND(CC10026<$BZ$2,CI10026=$BZ$4),$BZ$5,IF(AND(CC10026<=$BZ$3,CI10026=$BZ$4),CB10026,"")) | CA10026: =IF(AND(BZ10026<>"",BZ10026<>$BZ$5),RANK(BZ10026,$BZ$7:$BZ$33000,1),"") | CB10026: =IF(COUNTIF($CD$7:CD10026,CD10026)=1,CD10026,CD10026+COUNTIF($CD$6:CD10025,CD10026)) -> 59166 | CC10026: =IF(INDEX(ab,CH10026,1)<>1,INDEX(ab,CH10026,1),$CD$2) -> 55153 | CD10026: =IF(CC10026<>$CD$2,RANK(CC10026,$CC$7:$CC$33000,1),$CD$2) -> 55153 | CE10026: =INDEX(ab,CH10026,6) -> 0 | CF10026: =INDEX(ab,CH10026,8) -> 0 | CG10026: =INDEX(ab,CH10026,7)&INDEX(ab,CH10026,9) | CH10026: 21 | CI10026: ab | CJ10026: =IF(INDEX(ab,CH10026,5)<>0,INDEX(ab,CH10026,5),"") | CK10026: =IF(INDEX(ab,CH10026,10)<>0,INDEX(ab,CH10026,10),"") | CL10026: =IF(INDEX(ab,CH10026,11)<>0,INDEX(ab,CH10026,11),"") | CM10026: =IF(INDEX(ab,CH10026,4)<>0,INDEX(ab,CH10026,4),"") | CN10026: =IF(INDEX(ab,CH10026,3)<>0,INDEX(ab,CH10026,3),"")
BS10027: =IF(Kiadasi_kiseroiv!$K$2=BT10027,BV10027,"") | BT10027: =IF(AND($BT$4=CI10027,BU10027<>""),CC10027,"") | BU10027: =IF(AND($BU$1=CI10027,OR(ISERROR(VLOOKUP(CG10027,Kisiv,2,FALSE))=FALSE,CE10027<0)),CB10027,"") | BV10027: =IF(BU10027<>"",RANK(BU10027,$BU$7:$BU$33000,1),"") | BW10027: =IF(CC10027<min,$BW$2,IF(CC10027<=max,CG10027,"")) | BX10027: =IF(AND(OR($BX$1=0,$BX$1=CG10027),OR($BX$2=0,IF(ISERROR(SEARCH($BX$2,CJ10027&CK10027&CL10027,1)),FALSE,TRUE))),CB10027,"") | BY10027: =IF(AND(BX10027<>"",CC10027<>$CD$2),RANK(BX10027,$BX$7:$BX$33000,1),"") | BZ10027: =IF(AND(CC10027<$BZ$2,CI10027=$BZ$4),$BZ$5,IF(AND(CC10027<=$BZ$3,CI10027=$BZ$4),CB10027,"")) | CA10027: =IF(AND(BZ10027<>"",BZ10027<>$BZ$5),RANK(BZ10027,$BZ$7:$BZ$33000,1),"") | CB10027: =IF(COUNTIF($CD$7:CD10027,CD10027)=1,CD10027,CD10027+COUNTIF($CD$6:CD10026,CD10027)) -> 59167 | CC10027: =IF(INDEX(ab,CH10027,1)<>1,INDEX(ab,CH10027,1),$CD$2) -> 55153 | CD10027: =IF(CC10027<>$CD$2,RANK(CC10027,$CC$7:$CC$33000,1),$CD$2) -> 55153 | CE10027: =INDEX(ab,CH10027,6) -> 0 | CF10027: =INDEX(ab,CH10027,8) -> 0 | CG10027: =INDEX(ab,CH10027,7)&INDEX(ab,CH10027,9) | CH10027: 22 | CI10027: ab | CJ10027: =IF(INDEX(ab,CH10027,5)<>0,INDEX(ab,CH10027,5),"") | CK10027: =IF(INDEX(ab,CH10027,10)<>0,INDEX(ab,CH10027,10),"") | CL10027: =IF(INDEX(ab,CH10027,11)<>0,INDEX(ab,CH10027,11),"") | CM10027: =IF(INDEX(ab,CH10027,4)<>0,INDEX(ab,CH10027,4),"") | CN10027: =IF(INDEX(ab,CH10027,3)<>0,INDEX(ab,CH10027,3),"")
BS10028: =IF(Kiadasi_kiseroiv!$K$2=BT10028,BV10028,"") | BT10028: =IF(AND($BT$4=CI10028,BU10028<>""),CC10028,"") | BU10028: =IF(AND($BU$1=CI10028,OR(ISERROR(VLOOKUP(CG10028,Kisiv,2,FALSE))=FALSE,CE10028<0)),CB10028,"") | BV10028: =IF(BU10028<>"",RANK(BU10028,$BU$7:$BU$33000,1),"") | BW10028: =IF(CC10028<min,$BW$2,IF(CC10028<=max,CG10028,"")) | BX10028: =IF(AND(OR($BX$1=0,$BX$1=CG10028),OR($BX$2=0,IF(ISERROR(SEARCH($BX$2,CJ10028&CK10028&CL10028,1)),FALSE,TRUE))),CB10028,"") | BY10028: =IF(AND(BX10028<>"",CC10028<>$CD$2),RANK(BX10028,$BX$7:$BX$33000,1),"") | BZ10028: =IF(AND(CC10028<$BZ$2,CI10028=$BZ$4),$BZ$5,IF(AND(CC10028<=$BZ$3,CI10028=$BZ$4),CB10028,"")) | CA10028: =IF(AND(BZ10028<>"",BZ10028<>$BZ$5),RANK(BZ10028,$BZ$7:$BZ$33000,1),"") | CB10028: =IF(COUNTIF($CD$7:CD10028,CD10028)=1,CD10028,CD10028+COUNTIF($CD$6:CD10027,CD10028)) -> 59168 | CC10028: =IF(INDEX(ab,CH10028,1)<>1,INDEX(ab,CH10028,1),$CD$2) -> 55153 | CD10028: =IF(CC10028<>$CD$2,RANK(CC10028,$CC$7:$CC$33000,1),$CD$2) -> 55153 | CE10028: =INDEX(ab,CH10028,6) -> 0 | CF10028: =INDEX(ab,CH10028,8) -> 0 | CG10028: =INDEX(ab,CH10028,7)&INDEX(ab,CH10028,9) | CH10028: 23 | CI10028: ab | CJ10028: =IF(INDEX(ab,CH10028,5)<>0,INDEX(ab,CH10028,5),"") | CK10028: =IF(INDEX(ab,CH10028,10)<>0,INDEX(ab,CH10028,10),"") | CL10028: =IF(INDEX(ab,CH10028,11)<>0,INDEX(ab,CH10028,11),"") | CM10028: =IF(INDEX(ab,CH10028,4)<>0,INDEX(ab,CH10028,4),"") | CN10028: =IF(INDEX(ab,CH10028,3)<>0,INDEX(ab,CH10028,3),"")
... BS11000: =IF(Kiadasi_kiseroiv!$K$2=BT11000,BV11000,"") | BT11000: =IF(AND($BT$4=CI11000,BU11000<>""),CC11000,"") | BU11000: =IF(AND($BU$1=CI11000,OR(ISERROR(VLOOKUP(CG11000,Kisiv,2,FALSE))=FALSE,CE11000<0)),CB11000,"") | BV11000: =IF(BU11000<>"",RANK(BU11000,$BU$7:$BU$33000,1),"") | BW11000: =IF(CC11000<min,$BW$2,IF(CC11000<=max,CG11000,"")) | BX11000: =IF(AND(OR($BX$1=0,$BX$1=CG11000),OR($BX$2=0,IF(ISERROR(SEARCH($BX$2,CJ11000&CK11000&CL11000,1)),FALSE,TRUE))),CB11000,"") | BY11000: =IF(AND(BX11000<>"",CC11000<>$CD$2),RANK(BX11000,$BX$7:$BX$33000,1),"") | BZ11000: =IF(AND(CC11000<$BZ$2,CI11000=$BZ$4),$BZ$5,IF(AND(CC11000<=$BZ$3,CI11000=$BZ$4),CB11000,"")) | CA11000: =IF(AND(BZ11000<>"",BZ11000<>$BZ$5),RANK(BZ11000,$BZ$7:$BZ$33000,1),"") | CB11000: =IF(COUNTIF($CD$7:CD11000,CD11000)=1,CD11000,CD11000+COUNTIF($CD$6:CD10999,CD11000)) -> 60140 | CC11000: =IF(INDEX(ab,CH11000,1)<>1,INDEX(ab,CH11000,1),$CD$2) -> 55153 | CD11000: =IF(CC11000<>$CD$2,RANK(CC11000,$CC$7:$CC$33000,1),$CD$2) -> 55153 | CE11000: =INDEX(ab,CH11000,6) -> 0 | CF11000: =INDEX(ab,CH11000,8) -> 0 | CG11000: =INDEX(ab,CH11000,7)&INDEX(ab,CH11000,9) | CH11000: 995 | CI11000: ab | CJ11000: =IF(INDEX(ab,CH11000,5)<>0,INDEX(ab,CH11000,5),"") | CK11000: =IF(INDEX(ab,CH11000,10)<>0,INDEX(ab,CH11000,10),"") | CL11000: =IF(INDEX(ab,CH11000,11)<>0,INDEX(ab,CH11000,11),"") | CM11000: =IF(INDEX(ab,CH11000,4)<>0,INDEX(ab,CH11000,4),"") | CN11000: =IF(INDEX(ab,CH11000,3)<>0,INDEX(ab,CH11000,3),"")
CH14006: 1
BS14007: =IF(Kiadasi_kiseroiv!$K$2=BT14007,BV14007,"") | BT14007: =IF(AND($BT$4=CI14007,BU14007<>""),CC14007,"") | BU14007: =IF(AND($BU$1=CI14007,ISERROR(VLOOKUP(CG14007,Kisiv,2,FALSE))=FALSE),CB14007,"") | BV14007: =IF(BU14007<>"",RANK(BU14007,$BU$7:$BU$33000,1),"") | BW14007: =IF(CC14007<min,$BW$2,IF(CC14007<=max,CG14007,"")) | BX14007: =IF(AND(OR($BX$1=0,$BX$1=CG14007),OR($BX$2=0,IF(ISERROR(SEARCH($BX$2,CJ14007&CK14007&CL14007,1)),FALSE,TRUE))),CB14007,"") | BY14007: =IF(AND(BX14007<>"",CC14007<>$CD$2),RANK(BX14007,$BX$7:$BX$33000,1),"") | BZ14007: =IF(AND(CC14007<$BZ$2,CI14007=$BZ$4),$BZ$5,IF(AND(CC14007<=$BZ$3,CI14007=$BZ$4),CB14007,"")) | CA14007: =IF(AND(BZ14007<>"",BZ14007<>$BZ$5),RANK(BZ14007,$BZ$7:$BZ$33000,1),"") | CB14007: =IF(COUNTIF($CD$7:CD14007,CD14007)=1,CD14007,CD14007+COUNTIF($CD$6:CD14006,CD14007)) -> 60141 | CC14007: =IF(INDEX(bb,CH14007,1)<>1,INDEX(bb,CH14007,1),$CD$2) -> 55153 | CD14007: =IF(CC14007<>$CD$2,RANK(CC14007,$CC$7:$CC$33000,1),$CD$2) -> 55153 | CE14007: =INDEX(bb,CH14007,6) -> 0 | CF14007: =INDEX(bb,CH14007,8) -> 0 | CG14007: =INDEX(bb,CH14007,7)&INDEX(bb,CH14007,9) | CH14007: 2 | CI14007: bb | CJ14007: =IF(INDEX(bb,CH14007,5)<>0,INDEX(bb,CH14007,5),"") | CK14007: =IF(INDEX(bb,CH14007,10)<>0,INDEX(bb,CH14007,10),"") | CL14007: =IF(INDEX(bb,CH14007,11)<>0,INDEX(bb,CH14007,11),"") | CM14007: =IF(INDEX(bb,CH14007,4)<>0,INDEX(bb,CH14007,4),"") | CN14007: =IF(INDEX(bb,CH14007,3)<>0,INDEX(bb,CH14007,3),"")
BS14008: =IF(Kiadasi_kiseroiv!$K$2=BT14008,BV14008,"") | BT14008: =IF(AND($BT$4=CI14008,BU14008<>""),CC14008,"") | BU14008: =IF(AND($BU$1=CI14008,ISERROR(VLOOKUP(CG14008,Kisiv,2,FALSE))=FALSE),CB14008,"") | BV14008: =IF(BU14008<>"",RANK(BU14008,$BU$7:$BU$33000,1),"") | BW14008: =IF(CC14008<min,$BW$2,IF(CC14008<=max,CG14008,"")) | BX14008: =IF(AND(OR($BX$1=0,$BX$1=CG14008),OR($BX$2=0,IF(ISERROR(SEARCH($BX$2,CJ14008&CK14008&CL14008,1)),FALSE,TRUE))),CB14008,"") | BY14008: =IF(AND(BX14008<>"",CC14008<>$CD$2),RANK(BX14008,$BX$7:$BX$33000,1),"") | BZ14008: =IF(AND(CC14008<$BZ$2,CI14008=$BZ$4),$BZ$5,IF(AND(CC14008<=$BZ$3,CI14008=$BZ$4),CB14008,"")) | CA14008: =IF(AND(BZ14008<>"",BZ14008<>$BZ$5),RANK(BZ14008,$BZ$7:$BZ$33000,1),"") | CB14008: =IF(COUNTIF($CD$7:CD14008,CD14008)=1,CD14008,CD14008+COUNTIF($CD$6:CD14007,CD14008)) -> 60142 | CC14008: =IF(INDEX(bb,CH14008,1)<>1,INDEX(bb,CH14008,1),$CD$2) -> 55153 | CD14008: =IF(CC14008<>$CD$2,RANK(CC14008,$CC$7:$CC$33000,1),$CD$2) -> 55153 | CE14008: =INDEX(bb,CH14008,6) -> 0 | CF14008: =INDEX(bb,CH14008,8) -> 0 | CG14008: =INDEX(bb,CH14008,7)&INDEX(bb,CH14008,9) | CH14008: 3 | CI14008: bb | CJ14008: =IF(INDEX(bb,CH14008,5)<>0,INDEX(bb,CH14008,5),"") | CK14008: =IF(INDEX(bb,CH14008,10)<>0,INDEX(bb,CH14008,10),"") | CL14008: =IF(INDEX(bb,CH14008,11)<>0,INDEX(bb,CH14008,11),"") | CM14008: =IF(INDEX(bb,CH14008,4)<>0,INDEX(bb,CH14008,4),"") | CN14008: =IF(INDEX(bb,CH14008,3)<>0,INDEX(bb,CH14008,3),"")
BS14009: =IF(Kiadasi_kiseroiv!$K$2=BT14009,BV14009,"") | BT14009: =IF(AND($BT$4=CI14009,BU14009<>""),CC14009,"") | BU14009: =IF(AND($BU$1=CI14009,ISERROR(VLOOKUP(CG14009,Kisiv,2,FALSE))=FALSE),CB14009,"") | BV14009: =IF(BU14009<>"",RANK(BU14009,$BU$7:$BU$33000,1),"") | BW14009: =IF(CC14009<min,$BW$2,IF(CC14009<=max,CG14009,"")) | BX14009: =IF(AND(OR($BX$1=0,$BX$1=CG14009),OR($BX$2=0,IF(ISERROR(SEARCH($BX$2,CJ14009&CK14009&CL14009,1)),FALSE,TRUE))),CB14009,"") | BY14009: =IF(AND(BX14009<>"",CC14009<>$CD$2),RANK(BX14009,$BX$7:$BX$33000,1),"") | BZ14009: =IF(AND(CC14009<$BZ$2,CI14009=$BZ$4),$BZ$5,IF(AND(CC14009<=$BZ$3,CI14009=$BZ$4),CB14009,"")) | CA14009: =IF(AND(BZ14009<>"",BZ14009<>$BZ$5),RANK(BZ14009,$BZ$7:$BZ$33000,1),"") | CB14009: =IF(COUNTIF($CD$7:CD14009,CD14009)=1,CD14009,CD14009+COUNTIF($CD$6:CD14008,CD14009)) -> 60143 | CC14009: =IF(INDEX(bb,CH14009,1)<>1,INDEX(bb,CH14009,1),$CD$2) -> 55153 | CD14009: =IF(CC14009<>$CD$2,RANK(CC14009,$CC$7:$CC$33000,1),$CD$2) -> 55153 | CE14009: =INDEX(bb,CH14009,6) -> 0 | CF14009: =INDEX(bb,CH14009,8) -> 0 | CG14009: =INDEX(bb,CH14009,7)&INDEX(bb,CH14009,9) | CH14009: 4 | CI14009: bb | CJ14009: =IF(INDEX(bb,CH14009,5)<>0,INDEX(bb,CH14009,5),"") | CK14009: =IF(INDEX(bb,CH14009,10)<>0,INDEX(bb,CH14009,10),"") | CL14009: =IF(INDEX(bb,CH14009,11)<>0,INDEX(bb,CH14009,11),"") | CM14009: =IF(INDEX(bb,CH14009,4)<>0,INDEX(bb,CH14009,4),"") | CN14009: =IF(INDEX(bb,CH14009,3)<>0,INDEX(bb,CH14009,3),"")
BS14010: =IF(Kiadasi_kiseroiv!$K$2=BT14010,BV14010,"") | BT14010: =IF(AND($BT$4=CI14010,BU14010<>""),CC14010,"") | BU14010: =IF(AND($BU$1=CI14010,ISERROR(VLOOKUP(CG14010,Kisiv,2,FALSE))=FALSE),CB14010,"") | BV14010: =IF(BU14010<>"",RANK(BU14010,$BU$7:$BU$33000,1),"") | BW14010: =IF(CC14010<min,$BW$2,IF(CC14010<=max,CG14010,"")) | BX14010: =IF(AND(OR($BX$1=0,$BX$1=CG14010),OR($BX$2=0,IF(ISERROR(SEARCH($BX$2,CJ14010&CK14010&CL14010,1)),FALSE,TRUE))),CB14010,"") | BY14010: =IF(AND(BX14010<>"",CC14010<>$CD$2),RANK(BX14010,$BX$7:$BX$33000,1),"") | BZ14010: =IF(AND(CC14010<$BZ$2,CI14010=$BZ$4),$BZ$5,IF(AND(CC14010<=$BZ$3,CI14010=$BZ$4),CB14010,"")) | CA14010: =IF(AND(BZ14010<>"",BZ14010<>$BZ$5),RANK(BZ14010,$BZ$7:$BZ$33000,1),"") | CB14010: =IF(COUNTIF($CD$7:CD14010,CD14010)=1,CD14010,CD14010+COUNTIF($CD$6:CD14009,CD14010)) -> 60144 | CC14010: =IF(INDEX(bb,CH14010,1)<>1,INDEX(bb,CH14010,1),$CD$2) -> 55153 | CD14010: =IF(CC14010<>$CD$2,RANK(CC14010,$CC$7:$CC$33000,1),$CD$2) -> 55153 | CE14010: =INDEX(bb,CH14010,6) -> 0 | CF14010: =INDEX(bb,CH14010,8) -> 0 | CG14010: =INDEX(bb,CH14010,7)&INDEX(bb,CH14010,9) | CH14010: 5 | CI14010: bb | CJ14010: =IF(INDEX(bb,CH14010,5)<>0,INDEX(bb,CH14010,5),"") | CK14010: =IF(INDEX(bb,CH14010,10)<>0,INDEX(bb,CH14010,10),"") | CL14010: =IF(INDEX(bb,CH14010,11)<>0,INDEX(bb,CH14010,11),"") | CM14010: =IF(INDEX(bb,CH14010,4)<>0,INDEX(bb,CH14010,4),"") | CN14010: =IF(INDEX(bb,CH14010,3)<>0,INDEX(bb,CH14010,3),"")
BS14011: =IF(Kiadasi_kiseroiv!$K$2=BT14011,BV14011,"") | BT14011: =IF(AND($BT$4=CI14011,BU14011<>""),CC14011,"") | BU14011: =IF(AND($BU$1=CI14011,ISERROR(VLOOKUP(CG14011,Kisiv,2,FALSE))=FALSE),CB14011,"") | BV14011: =IF(BU14011<>"",RANK(BU14011,$BU$7:$BU$33000,1),"") | BW14011: =IF(CC14011<min,$BW$2,IF(CC14011<=max,CG14011,"")) | BX14011: =IF(AND(OR($BX$1=0,$BX$1=CG14011),OR($BX$2=0,IF(ISERROR(SEARCH($BX$2,CJ14011&CK14011&CL14011,1)),FALSE,TRUE))),CB14011,"") | BY14011: =IF(AND(BX14011<>"",CC14011<>$CD$2),RANK(BX14011,$BX$7:$BX$33000,1),"") | BZ14011: =IF(AND(CC14011<$BZ$2,CI14011=$BZ$4),$BZ$5,IF(AND(CC14011<=$BZ$3,CI14011=$BZ$4),CB14011,"")) | CA14011: =IF(AND(BZ14011<>"",BZ14011<>$BZ$5),RANK(BZ14011,$BZ$7:$BZ$33000,1),"") | CB14011: =IF(COUNTIF($CD$7:CD14011,CD14011)=1,CD14011,CD14011+COUNTIF($CD$6:CD14010,CD14011)) -> 60145 | CC14011: =IF(INDEX(bb,CH14011,1)<>1,INDEX(bb,CH14011,1),$CD$2) -> 55153 | CD14011: =IF(CC14011<>$CD$2,RANK(CC14011,$CC$7:$CC$33000,1),$CD$2) -> 55153 | CE14011: =INDEX(bb,CH14011,6) -> 0 | CF14011: =INDEX(bb,CH14011,8) -> 0 | CG14011: =INDEX(bb,CH14011,7)&INDEX(bb,CH14011,9) | CH14011: 6 | CI14011: bb | CJ14011: =IF(INDEX(bb,CH14011,5)<>0,INDEX(bb,CH14011,5),"") | CK14011: =IF(INDEX(bb,CH14011,10)<>0,INDEX(bb,CH14011,10),"") | CL14011: =IF(INDEX(bb,CH14011,11)<>0,INDEX(bb,CH14011,11),"") | CM14011: =IF(INDEX(bb,CH14011,4)<>0,INDEX(bb,CH14011,4),"") | CN14011: =IF(INDEX(bb,CH14011,3)<>0,INDEX(bb,CH14011,3),"")
BS14012: =IF(Kiadasi_kiseroiv!$K$2=BT14012,BV14012,"") | BT14012: =IF(AND($BT$4=CI14012,BU14012<>""),CC14012,"") | BU14012: =IF(AND($BU$1=CI14012,ISERROR(VLOOKUP(CG14012,Kisiv,2,FALSE))=FALSE),CB14012,"") | BV14012: =IF(BU14012<>"",RANK(BU14012,$BU$7:$BU$33000,1),"") | BW14012: =IF(CC14012<min,$BW$2,IF(CC14012<=max,CG14012,"")) | BX14012: =IF(AND(OR($BX$1=0,$BX$1=CG14012),OR($BX$2=0,IF(ISERROR(SEARCH($BX$2,CJ14012&CK14012&CL14012,1)),FALSE,TRUE))),CB14012,"") | BY14012: =IF(AND(BX14012<>"",CC14012<>$CD$2),RANK(BX14012,$BX$7:$BX$33000,1),"") | BZ14012: =IF(AND(CC14012<$BZ$2,CI14012=$BZ$4),$BZ$5,IF(AND(CC14012<=$BZ$3,CI14012=$BZ$4),CB14012,"")) | CA14012: =IF(AND(BZ14012<>"",BZ14012<>$BZ$5),RANK(BZ14012,$BZ$7:$BZ$33000,1),"") | CB14012: =IF(COUNTIF($CD$7:CD14012,CD14012)=1,CD14012,CD14012+COUNTIF($CD$6:CD14011,CD14012)) -> 60146 | CC14012: =IF(INDEX(bb,CH14012,1)<>1,INDEX(bb,CH14012,1),$CD$2) -> 55153 | CD14012: =IF(CC14012<>$CD$2,RANK(CC14012,$CC$7:$CC$33000,1),$CD$2) -> 55153 | CE14012: =INDEX(bb,CH14012,6) -> 0 | CF14012: =INDEX(bb,CH14012,8) -> 0 | CG14012: =INDEX(bb,CH14012,7)&INDEX(bb,CH14012,9) | CH14012: 7 | CI14012: bb | CJ14012: =IF(INDEX(bb,CH14012,5)<>0,INDEX(bb,CH14012,5),"") | CK14012: =IF(INDEX(bb,CH14012,10)<>0,INDEX(bb,CH14012,10),"") | CL14012: =IF(INDEX(bb,CH14012,11)<>0,INDEX(bb,CH14012,11),"") | CM14012: =IF(INDEX(bb,CH14012,4)<>0,INDEX(bb,CH14012,4),"") | CN14012: =IF(INDEX(bb,CH14012,3)<>0,INDEX(bb,CH14012,3),"")
BS14013: =IF(Kiadasi_kiseroiv!$K$2=BT14013,BV14013,"") | BT14013: =IF(AND($BT$4=CI14013,BU14013<>""),CC14013,"") | BU14013: =IF(AND($BU$1=CI14013,ISERROR(VLOOKUP(CG14013,Kisiv,2,FALSE))=FALSE),CB14013,"") | BV14013: =IF(BU14013<>"",RANK(BU14013,$BU$7:$BU$33000,1),"") | BW14013: =IF(CC14013<min,$BW$2,IF(CC14013<=max,CG14013,"")) | BX14013: =IF(AND(OR($BX$1=0,$BX$1=CG14013),OR($BX$2=0,IF(ISERROR(SEARCH($BX$2,CJ14013&CK14013&CL14013,1)),FALSE,TRUE))),CB14013,"") | BY14013: =IF(AND(BX14013<>"",CC14013<>$CD$2),RANK(BX14013,$BX$7:$BX$33000,1),"") | BZ14013: =IF(AND(CC14013<$BZ$2,CI14013=$BZ$4),$BZ$5,IF(AND(CC14013<=$BZ$3,CI14013=$BZ$4),CB14013,"")) | CA14013: =IF(AND(BZ14013<>"",BZ14013<>$BZ$5),RANK(BZ14013,$BZ$7:$BZ$33000,1),"") | CB14013: =IF(COUNTIF($CD$7:CD14013,CD14013)=1,CD14013,CD14013+COUNTIF($CD$6:CD14012,CD14013)) -> 60147 | CC14013: =IF(INDEX(bb,CH14013,1)<>1,INDEX(bb,CH14013,1),$CD$2) -> 55153 | CD14013: =IF(CC14013<>$CD$2,RANK(CC14013,$CC$7:$CC$33000,1),$CD$2) -> 55153 | CE14013: =INDEX(bb,CH14013,6) -> 0 | CF14013: =INDEX(bb,CH14013,8) -> 0 | CG14013: =INDEX(bb,CH14013,7)&INDEX(bb,CH14013,9) | CH14013: 8 | CI14013: bb | CJ14013: =IF(INDEX(bb,CH14013,5)<>0,INDEX(bb,CH14013,5),"") | CK14013: =IF(INDEX(bb,CH14013,10)<>0,INDEX(bb,CH14013,10),"") | CL14013: =IF(INDEX(bb,CH14013,11)<>0,INDEX(bb,CH14013,11),"") | CM14013: =IF(INDEX(bb,CH14013,4)<>0,INDEX(bb,CH14013,4),"") | CN14013: =IF(INDEX(bb,CH14013,3)<>0,INDEX(bb,CH14013,3),"")
BS14014: =IF(Kiadasi_kiseroiv!$K$2=BT14014,BV14014,"") | BT14014: =IF(AND($BT$4=CI14014,BU14014<>""),CC14014,"") | BU14014: =IF(AND($BU$1=CI14014,ISERROR(VLOOKUP(CG14014,Kisiv,2,FALSE))=FALSE),CB14014,"") | BV14014: =IF(BU14014<>"",RANK(BU14014,$BU$7:$BU$33000,1),"") | BW14014: =IF(CC14014<min,$BW$2,IF(CC14014<=max,CG14014,"")) | BX14014: =IF(AND(OR($BX$1=0,$BX$1=CG14014),OR($BX$2=0,IF(ISERROR(SEARCH($BX$2,CJ14014&CK14014&CL14014,1)),FALSE,TRUE))),CB14014,"") | BY14014: =IF(AND(BX14014<>"",CC14014<>$CD$2),RANK(BX14014,$BX$7:$BX$33000,1),"") | BZ14014: =IF(AND(CC14014<$BZ$2,CI14014=$BZ$4),$BZ$5,IF(AND(CC14014<=$BZ$3,CI14014=$BZ$4),CB14014,"")) | CA14014: =IF(AND(BZ14014<>"",BZ14014<>$BZ$5),RANK(BZ14014,$BZ$7:$BZ$33000,1),"") | CB14014: =IF(COUNTIF($CD$7:CD14014,CD14014)=1,CD14014,CD14014+COUNTIF($CD$6:CD14013,CD14014)) -> 60148 | CC14014: =IF(INDEX(bb,CH14014,1)<>1,INDEX(bb,CH14014,1),$CD$2) -> 55153 | CD14014: =IF(CC14014<>$CD$2,RANK(CC14014,$CC$7:$CC$33000,1),$CD$2) -> 55153 | CE14014: =INDEX(bb,CH14014,6) -> 0 | CF14014: =INDEX(bb,CH14014,8) -> 0 | CG14014: =INDEX(bb,CH14014,7)&INDEX(bb,CH14014,9) | CH14014: 9 | CI14014: bb | CJ14014: =IF(INDEX(bb,CH14014,5)<>0,INDEX(bb,CH14014,5),"") | CK14014: =IF(INDEX(bb,CH14014,10)<>0,INDEX(bb,CH14014,10),"") | CL14014: =IF(INDEX(bb,CH14014,11)<>0,INDEX(bb,CH14014,11),"") | CM14014: =IF(INDEX(bb,CH14014,4)<>0,INDEX(bb,CH14014,4),"") | CN14014: =IF(INDEX(bb,CH14014,3)<>0,INDEX(bb,CH14014,3),"")
BS14015: =IF(Kiadasi_kiseroiv!$K$2=BT14015,BV14015,"") | BT14015: =IF(AND($BT$4=CI14015,BU14015<>""),CC14015,"") | BU14015: =IF(AND($BU$1=CI14015,ISERROR(VLOOKUP(CG14015,Kisiv,2,FALSE))=FALSE),CB14015,"") | BV14015: =IF(BU14015<>"",RANK(BU14015,$BU$7:$BU$33000,1),"") | BW14015: =IF(CC14015<min,$BW$2,IF(CC14015<=max,CG14015,"")) | BX14015: =IF(AND(OR($BX$1=0,$BX$1=CG14015),OR($BX$2=0,IF(ISERROR(SEARCH($BX$2,CJ14015&CK14015&CL14015,1)),FALSE,TRUE))),CB14015,"") | BY14015: =IF(AND(BX14015<>"",CC14015<>$CD$2),RANK(BX14015,$BX$7:$BX$33000,1),"") | BZ14015: =IF(AND(CC14015<$BZ$2,CI14015=$BZ$4),$BZ$5,IF(AND(CC14015<=$BZ$3,CI14015=$BZ$4),CB14015,"")) | CA14015: =IF(AND(BZ14015<>"",BZ14015<>$BZ$5),RANK(BZ14015,$BZ$7:$BZ$33000,1),"") | CB14015: =IF(COUNTIF($CD$7:CD14015,CD14015)=1,CD14015,CD14015+COUNTIF($CD$6:CD14014,CD14015)) -> 60149 | CC14015: =IF(INDEX(bb,CH14015,1)<>1,INDEX(bb,CH14015,1),$CD$2) -> 55153 | CD14015: =IF(CC14015<>$CD$2,RANK(CC14015,$CC$7:$CC$33000,1),$CD$2) -> 55153 | CE14015: =INDEX(bb,CH14015,6) -> 0 | CF14015: =INDEX(bb,CH14015,8) -> 0 | CG14015: =INDEX(bb,CH14015,7)&INDEX(bb,CH14015,9) | CH14015: 10 | CI14015: bb | CJ14015: =IF(INDEX(bb,CH14015,5)<>0,INDEX(bb,CH14015,5),"") | CK14015: =IF(INDEX(bb,CH14015,10)<>0,INDEX(bb,CH14015,10),"") | CL14015: =IF(INDEX(bb,CH14015,11)<>0,INDEX(bb,CH14015,11),"") | CM14015: =IF(INDEX(bb,CH14015,4)<>0,INDEX(bb,CH14015,4),"") | CN14015: =IF(INDEX(bb,CH14015,3)<>0,INDEX(bb,CH14015,3),"")
BS14016: =IF(Kiadasi_kiseroiv!$K$2=BT14016,BV14016,"") | BT14016: =IF(AND($BT$4=CI14016,BU14016<>""),CC14016,"") | BU14016: =IF(AND($BU$1=CI14016,ISERROR(VLOOKUP(CG14016,Kisiv,2,FALSE))=FALSE),CB14016,"") | BV14016: =IF(BU14016<>"",RANK(BU14016,$BU$7:$BU$33000,1),"") | BW14016: =IF(CC14016<min,$BW$2,IF(CC14016<=max,CG14016,"")) | BX14016: =IF(AND(OR($BX$1=0,$BX$1=CG14016),OR($BX$2=0,IF(ISERROR(SEARCH($BX$2,CJ14016&CK14016&CL14016,1)),FALSE,TRUE))),CB14016,"") | BY14016: =IF(AND(BX14016<>"",CC14016<>$CD$2),RANK(BX14016,$BX$7:$BX$33000,1),"") | BZ14016: =IF(AND(CC14016<$BZ$2,CI14016=$BZ$4),$BZ$5,IF(AND(CC14016<=$BZ$3,CI14016=$BZ$4),CB14016,"")) | CA14016: =IF(AND(BZ14016<>"",BZ14016<>$BZ$5),RANK(BZ14016,$BZ$7:$BZ$33000,1),"") | CB14016: =IF(COUNTIF($CD$7:CD14016,CD14016)=1,CD14016,CD14016+COUNTIF($CD$6:CD14015,CD14016)) -> 60150 | CC14016: =IF(INDEX(bb,CH14016,1)<>1,INDEX(bb,CH14016,1),$CD$2) -> 55153 | CD14016: =IF(CC14016<>$CD$2,RANK(CC14016,$CC$7:$CC$33000,1),$CD$2) -> 55153 | CE14016: =INDEX(bb,CH14016,6) -> 0 | CF14016: =INDEX(bb,CH14016,8) -> 0 | CG14016: =INDEX(bb,CH14016,7)&INDEX(bb,CH14016,9) | CH14016: 11 | CI14016: bb | CJ14016: =IF(INDEX(bb,CH14016,5)<>0,INDEX(bb,CH14016,5),"") | CK14016: =IF(INDEX(bb,CH14016,10)<>0,INDEX(bb,CH14016,10),"") | CL14016: =IF(INDEX(bb,CH14016,11)<>0,INDEX(bb,CH14016,11),"") | CM14016: =IF(INDEX(bb,CH14016,4)<>0,INDEX(bb,CH14016,4),"") | CN14016: =IF(INDEX(bb,CH14016,3)<>0,INDEX(bb,CH14016,3),"")
BS14017: =IF(Kiadasi_kiseroiv!$K$2=BT14017,BV14017,"") | BT14017: =IF(AND($BT$4=CI14017,BU14017<>""),CC14017,"") | BU14017: =IF(AND($BU$1=CI14017,ISERROR(VLOOKUP(CG14017,Kisiv,2,FALSE))=FALSE),CB14017,"") | BV14017: =IF(BU14017<>"",RANK(BU14017,$BU$7:$BU$33000,1),"") | BW14017: =IF(CC14017<min,$BW$2,IF(CC14017<=max,CG14017,"")) | BX14017: =IF(AND(OR($BX$1=0,$BX$1=CG14017),OR($BX$2=0,IF(ISERROR(SEARCH($BX$2,CJ14017&CK14017&CL14017,1)),FALSE,TRUE))),CB14017,"") | BY14017: =IF(AND(BX14017<>"",CC14017<>$CD$2),RANK(BX14017,$BX$7:$BX$33000,1),"") | BZ14017: =IF(AND(CC14017<$BZ$2,CI14017=$BZ$4),$BZ$5,IF(AND(CC14017<=$BZ$3,CI14017=$BZ$4),CB14017,"")) | CA14017: =IF(AND(BZ14017<>"",BZ14017<>$BZ$5),RANK(BZ14017,$BZ$7:$BZ$33000,1),"") | CB14017: =IF(COUNTIF($CD$7:CD14017,CD14017)=1,CD14017,CD14017+COUNTIF($CD$6:CD14016,CD14017)) -> 60151 | CC14017: =IF(INDEX(bb,CH14017,1)<>1,INDEX(bb,CH14017,1),$CD$2) -> 55153 | CD14017: =IF(CC14017<>$CD$2,RANK(CC14017,$CC$7:$CC$33000,1),$CD$2) -> 55153 | CE14017: =INDEX(bb,CH14017,6) -> 0 | CF14017: =INDEX(bb,CH14017,8) -> 0 | CG14017: =INDEX(bb,CH14017,7)&INDEX(bb,CH14017,9) | CH14017: 12 | CI14017: bb | CJ14017: =IF(INDEX(bb,CH14017,5)<>0,INDEX(bb,CH14017,5),"") | CK14017: =IF(INDEX(bb,CH14017,10)<>0,INDEX(bb,CH14017,10),"") | CL14017: =IF(INDEX(bb,CH14017,11)<>0,INDEX(bb,CH14017,11),"") | CM14017: =IF(INDEX(bb,CH14017,4)<>0,INDEX(bb,CH14017,4),"") | CN14017: =IF(INDEX(bb,CH14017,3)<>0,INDEX(bb,CH14017,3),"")
BS14018: =IF(Kiadasi_kiseroiv!$K$2=BT14018,BV14018,"") | BT14018: =IF(AND($BT$4=CI14018,BU14018<>""),CC14018,"") | BU14018: =IF(AND($BU$1=CI14018,ISERROR(VLOOKUP(CG14018,Kisiv,2,FALSE))=FALSE),CB14018,"") | BV14018: =IF(BU14018<>"",RANK(BU14018,$BU$7:$BU$33000,1),"") | BW14018: =IF(CC14018<min,$BW$2,IF(CC14018<=max,CG14018,"")) | BX14018: =IF(AND(OR($BX$1=0,$BX$1=CG14018),OR($BX$2=0,IF(ISERROR(SEARCH($BX$2,CJ14018&CK14018&CL14018,1)),FALSE,TRUE))),CB14018,"") | BY14018: =IF(AND(BX14018<>"",CC14018<>$CD$2),RANK(BX14018,$BX$7:$BX$33000,1),"") | BZ14018: =IF(AND(CC14018<$BZ$2,CI14018=$BZ$4),$BZ$5,IF(AND(CC14018<=$BZ$3,CI14018=$BZ$4),CB14018,"")) | CA14018: =IF(AND(BZ14018<>"",BZ14018<>$BZ$5),RANK(BZ14018,$BZ$7:$BZ$33000,1),"") | CB14018: =IF(COUNTIF($CD$7:CD14018,CD14018)=1,CD14018,CD14018+COUNTIF($CD$6:CD14017,CD14018)) -> 60152 | CC14018: =IF(INDEX(bb,CH14018,1)<>1,INDEX(bb,CH14018,1),$CD$2) -> 55153 | CD14018: =IF(CC14018<>$CD$2,RANK(CC14018,$CC$7:$CC$33000,1),$CD$2) -> 55153 | CE14018: =INDEX(bb,CH14018,6) -> 0 | CF14018: =INDEX(bb,CH14018,8) -> 0 | CG14018: =INDEX(bb,CH14018,7)&INDEX(bb,CH14018,9) | CH14018: 13 | CI14018: bb | CJ14018: =IF(INDEX(bb,CH14018,5)<>0,INDEX(bb,CH14018,5),"") | CK14018: =IF(INDEX(bb,CH14018,10)<>0,INDEX(bb,CH14018,10),"") | CL14018: =IF(INDEX(bb,CH14018,11)<>0,INDEX(bb,CH14018,11),"") | CM14018: =IF(INDEX(bb,CH14018,4)<>0,INDEX(bb,CH14018,4),"") | CN14018: =IF(INDEX(bb,CH14018,3)<>0,INDEX(bb,CH14018,3),"")
... BS14500: =IF(Kiadasi_kiseroiv!$K$2=BT14500,BV14500,"") | BT14500: =IF(AND($BT$4=CI14500,BU14500<>""),CC14500,"") | BU14500: =IF(AND($BU$1=CI14500,ISERROR(VLOOKUP(CG14500,Kisiv,2,FALSE))=FALSE),CB14500,"") | BV14500: =IF(BU14500<>"",RANK(BU14500,$BU$7:$BU$33000,1),"") | BW14500: =IF(CC14500<min,$BW$2,IF(CC14500<=max,CG14500,"")) | BX14500: =IF(AND(OR($BX$1=0,$BX$1=CG14500),OR($BX$2=0,IF(ISERROR(SEARCH($BX$2,CJ14500&CK14500&CL14500,1)),FALSE,TRUE))),CB14500,"") | BY14500: =IF(AND(BX14500<>"",CC14500<>$CD$2),RANK(BX14500,$BX$7:$BX$33000,1),"") | BZ14500: =IF(AND(CC14500<$BZ$2,CI14500=$BZ$4),$BZ$5,IF(AND(CC14500<=$BZ$3,CI14500=$BZ$4),CB14500,"")) | CA14500: =IF(AND(BZ14500<>"",BZ14500<>$BZ$5),RANK(BZ14500,$BZ$7:$BZ$33000,1),"") | CB14500: =IF(COUNTIF($CD$7:CD14500,CD14500)=1,CD14500,CD14500+COUNTIF($CD$6:CD14499,CD14500)) -> 60634 | CC14500: =IF(INDEX(bb,CH14500,1)<>1,INDEX(bb,CH14500,1),$CD$2) -> 55153 | CD14500: =IF(CC14500<>$CD$2,RANK(CC14500,$CC$7:$CC$33000,1),$CD$2) -> 55153 | CE14500: =INDEX(bb,CH14500,6) -> 0 | CF14500: =INDEX(bb,CH14500,8) -> 0 | CG14500: =INDEX(bb,CH14500,7)&INDEX(bb,CH14500,9) | CH14500: 495 | CI14500: bb | CJ14500: =IF(INDEX(bb,CH14500,5)<>0,INDEX(bb,CH14500,5),"") | CK14500: =IF(INDEX(bb,CH14500,10)<>0,INDEX(bb,CH14500,10),"") | CL14500: =IF(INDEX(bb,CH14500,11)<>0,INDEX(bb,CH14500,11),"") | CM14500: =IF(INDEX(bb,CH14500,4)<>0,INDEX(bb,CH14500,4),"") | CN14500: =IF(INDEX(bb,CH14500,3)<>0,INDEX(bb,CH14500,3),"")
CH16006: 1
BS16007: =IF(Kiadasi_kiseroiv!$K$2=BT16007,BV16007,"") | BT16007: =IF(AND($BT$4=CI16007,BU16007<>""),CC16007,"") | BU16007: =IF(AND($BU$1=CI16007,ISERROR(VLOOKUP(CG16007,Kisiv,2,FALSE))=FALSE),CB16007,"") | BV16007: =IF(BU16007<>"",RANK(BU16007,$BU$7:$BU$33000,1),"") | BW16007: =IF(CC16007<min,$BW$2,IF(CC16007<=max,CG16007,"")) | BX16007: =IF(AND(OR($BX$1=0,$BX$1=CG16007),OR($BX$2=0,IF(ISERROR(SEARCH($BX$2,CJ16007&CK16007&CL16007,1)),FALSE,TRUE))),CB16007,"") | BY16007: =IF(AND(BX16007<>"",CC16007<>$CD$2),RANK(BX16007,$BX$7:$BX$33000,1),"") | BZ16007: =IF(AND(CC16007<$BZ$2,CI16007=$BZ$4),$BZ$5,IF(AND(CC16007<=$BZ$3,CI16007=$BZ$4),CB16007,"")) | CA16007: =IF(AND(BZ16007<>"",BZ16007<>$BZ$5),RANK(BZ16007,$BZ$7:$BZ$33000,1),"") | CB16007: =IF(COUNTIF($CD$7:CD16007,CD16007)=1,CD16007,CD16007+COUNTIF($CD$6:CD16006,CD16007)) -> 60635 | CC16007: =IF(INDEX(cb,CH16007,1)<>1,INDEX(cb,CH16007,1),$CD$2) -> 55153 | CD16007: =IF(CC16007<>$CD$2,RANK(CC16007,$CC$7:$CC$33000,1),$CD$2) -> 55153 | CE16007: =INDEX(cb,CH16007,6) -> 0 | CF16007: =INDEX(cb,CH16007,8) -> 0 | CG16007: =INDEX(cb,CH16007,7)&INDEX(cb,CH16007,9) | CH16007: 2 | CI16007: cb | CJ16007: =IF(INDEX(cb,CH16007,5)<>0,INDEX(cb,CH16007,5),"") | CK16007: =IF(INDEX(cb,CH16007,10)<>0,INDEX(cb,CH16007,10),"") | CL16007: =IF(INDEX(cb,CH16007,11)<>0,INDEX(cb,CH16007,11),"") | CM16007: =IF(INDEX(cb,CH16007,4)<>0,INDEX(cb,CH16007,4),"") | CN16007: =IF(INDEX(cb,CH16007,3)<>0,INDEX(cb,CH16007,3),"")
...

Sheet Kiadasi_kiseroiv
A1: A jobboldali, zöld cellában lehet kiválasztani a lenyílóból a kasszát illetve a számlákat. Ha a cella üres, vagy értéke 0 (nulla), akkor alapértelmezettként a kasszát listázza. | F1: Kassza | J1: A A a | K1: =IF(AND(F3<>0,F3<>"",ISERROR(VLOOKUP(F3,BC1:BD366,2,FALSE))<>TRUE),F3,MAX(BC1:BC367)) -> 46023 | L1: Ezen a napon összesen | M1: =MAX(Cs!BS7:BS33000) -> 0 | N1: =MIN(Cs!BS7:BS33000) -> 0 | O1: =SUM(M1,-N1,1) -> 1 | T1: =IF(VLOOKUP(P2,AO1:AR21,4,FALSE)<>"",VLOOKUP(P2,AO1:AR21,4,FALSE)&" "&IF(F1<>AN1,F1,""),F1) -> Kasszakönyv | U1: =IF(AND(T1<>R1,AND(ISERROR(SEARCH("száml",T1,1)),ISERROR(SEARCH("kassz",T1,1))))," számla","") | AN1: Kassza | AO1: kassza | AP1: kassza | AQ1: =Cs!CQ1 -> 0 | AR1: Kasszakönyv | AW1: =Kiadasi_kiseroiv!$BC$1:INDEX(Kiadasi_kiseroiv!$BC:$BC,Kiadasi_kiseroiv!$AX$1) -> 0 | AX1: =IF(MATCH(0,BC1:BC367,0)>1,MATCH(0,BC1:BC367,0)-1,1) -> 1 | BA1: 1 | BB1: =IF(BC1<>0,VLOOKUP(MONTH(BC1),$BK$1:$BL$12,2,FALSE)&DAY(BC1),"--") -> -- | BC1: =IF(ISERROR(VLOOKUP(BA1,$BD$1:$BE$366,2,FALSE))=FALSE,VLOOKUP(BA1,$BD$1:$BE$366,2,FALSE),0) -> 0 | BD1: =IF(COUNTIF(Cs!$BT$7:$BT$33000,BE1)<>0,1,0) -> 0 | BE1: =DATE(Cs!CJ1,1,1) -> 46023 | BF1: =ROUNDUP(COUNTIF(Cs!$BT$7:$BT$33000,BE1)/20,0) -> 0 | BK1: 1 | BL1: Jan.
A2: =IF(M2>1,L1&M2&L2&M3&L3,"") | F2: 1 | J2: A A a | K2: =DATE(Cs!CJ1,MONTH(K1),DAY(K1)) -> 46023 | L2: kiadási kísérőív lap van. Ebből jelenleg a(z) | M2: =ROUNDUP(O1/20,0) -> 1 | P2: =IF(ISERROR(VLOOKUP(F1,AN1:AP21,2,FALSE))=FALSE,VLOOKUP(F1,AN1:AP21,2,FALSE),AN1) -> kassza | AN2: A - számla | AO2: ab | AP2: a | AQ2: =Cs!CQ2 -> 0 | AR2: =IF(Cs!CR2<>0,Cs!CR2&" /","") | BA2: 2 | BB2: =IF(BC2<>0,VLOOKUP(MONTH(BC2),$BK$1:$BL$12,2,FALSE)&DAY(BC2),"--") -> -- | BC2: =IF(ISERROR(VLOOKUP(BA2,$BD$1:$BE$366,2,FALSE))=FALSE,VLOOKUP(BA2,$BD$1:$BE$366,2,FALSE),0) -> 0 | BD2: =IF(COUNTIF(Cs!$BT$7:$BT$33000,BE2)<>0,BD1+1,BD1) -> 0 | BE2: =BE1+1 -> 46024 | BF2: =ROUNDUP(COUNTIF(Cs!$BT$7:$BT$33000,BE2)/20,0) -> 0 | BG2: =SUM($BF$1:BF1) -> 0 | BK2: 2 | BL2: Febr.
A3: A jobboldali, zöld cellában lehet kiválasztani a dátumot. A lenyílóban csak azok a napok jelennek meg, amikor kiadás volt a kasszában, illetve a bankszámlán. Ha a cella üres, vagy értéke 0 (nulla), akkor a legutolsó kiadási kísérőlapot listázza. | J3: A A a | K3: =IF(MONTH(K2)<10,0,"") -> 0 | L3: . látszik. A jobboldali, zöld cellában lehet megadni a listázni kívánt lapszámot. | M3: =IF(OR(F2=0,F2>M2,F2=""),1,F2) -> 1 | T3: ="Összesen kiadás - "&F6 -> Összesen kiadás - 2026.01.01. | AN3: B - számla | AO3: bb | AP3: b | AQ3: =Cs!CQ3 -> 0 | AR3: =IF(Cs!CR3<>0,Cs!CR3&" /","") | BA3: 3 | BB3: =IF(BC3<>0,VLOOKUP(MONTH(BC3),$BK$1:$BL$12,2,FALSE)&DAY(BC3),"--") -> -- | BC3: =IF(ISERROR(VLOOKUP(BA3,$BD$1:$BE$366,2,FALSE))=FALSE,VLOOKUP(BA3,$BD$1:$BE$366,2,FALSE),0) -> 0 | BD3: =IF(COUNTIF(Cs!$BT$7:$BT$33000,BE3)<>0,BD2+1,BD2) -> 0 | BE3: =BE2+1 -> 46025 | BF3: =ROUNDUP(COUNTIF(Cs!$BT$7:$BT$33000,BE3)/20,0) -> 0 | BG3: =SUM($BF$1:BF2) -> 0 | BK3: 3 | BL3: Márc.
A4: =TRIM(Cs!CK1&" "&Cs!CL1) -> 0 Ref. Egyházközség | K4: =IF(DAY(K2)<10,0,"") -> 0 | M4: =IF(ISERROR(VLOOKUP(K2,BE1:BG366,3,FALSE))=FALSE,VLOOKUP(K2,BE1:BG366,3,FALSE)+M3,1) -> 1 | AN4: C - számla | AO4: cb | AP4: c | AQ4: =Cs!CQ4 -> 0 | AR4: =IF(Cs!CR4<>0,Cs!CR4&" /","") | BA4: 4 | BB4: =IF(BC4<>0,VLOOKUP(MONTH(BC4),$BK$1:$BL$12,2,FALSE)&DAY(BC4),"--") -> -- | BC4: =IF(ISERROR(VLOOKUP(BA4,$BD$1:$BE$366,2,FALSE))=FALSE,VLOOKUP(BA4,$BD$1:$BE$366,2,FALSE),0) -> 0 | BD4: =IF(COUNTIF(Cs!$BT$7:$BT$33000,BE4)<>0,BD3+1,BD3) -> 0 | BE4: =BE3+1 -> 46026 | BF4: =ROUNDUP(COUNTIF(Cs!$BT$7:$BT$33000,BE4)/20,0) -> 0 | BG4: =SUM($BF$1:BF3) -> 0 | BK4: 4 | BL4: Ápr.
A5: KIADÁSI KÍSÉRŐÍV | J5: =IF(N1=M1,N1&" sz. kiadás","") -> 0 sz. kiadás | AN5: D - számla | AO5: db | AP5: d | AQ5: =Cs!CQ5 -> 0 | AR5: =IF(Cs!CR5<>0,Cs!CR5&" /","") | BA5: 5 | BB5: =IF(BC5<>0,VLOOKUP(MONTH(BC5),$BK$1:$BL$12,2,FALSE)&DAY(BC5),"--") -> -- | BC5: =IF(ISERROR(VLOOKUP(BA5,$BD$1:$BE$366,2,FALSE))=FALSE,VLOOKUP(BA5,$BD$1:$BE$366,2,FALSE),0) -> 0 | BD5: =IF(COUNTIF(Cs!$BT$7:$BT$33000,BE5)<>0,BD4+1,BD4) -> 0 | BE5: =BE4+1 -> 46027 | BF5: =ROUNDUP(COUNTIF(Cs!$BT$7:$BT$33000,BE5)/20,0) -> 0 | BG5: =SUM($BF$1:BF4) -> 0 | BK5: 5 | BL5: Máj.
A6: =TRIM(T1&U1) -> Kasszakönyv | E6: =TRIM(J5&J6&J7) -> 0 sz. kiadás | F6: =YEAR(K2)&"."&K3&MONTH(K2)&"."&K4&DAY(K2)&"." -> 2026.01.01. | J6: =IF(N1<M1,N1&" - "&M1&" sz. kiadások ","") | L6: =Cs!CV51 -> Kis értékű leltári tárgyak beszerzése | AN6: E - számla | AO6: eb | AP6: e | AQ6: =Cs!CQ6 -> 0 | AR6: =IF(Cs!CR6<>0,Cs!CR6&" /","") | BA6: 6 | BB6: =IF(BC6<>0,VLOOKUP(MONTH(BC6),$BK$1:$BL$12,2,FALSE)&DAY(BC6),"--") -> -- | BC6: =IF(ISERROR(VLOOKUP(BA6,$BD$1:$BE$366,2,FALSE))=FALSE,VLOOKUP(BA6,$BD$1:$BE$366,2,FALSE),0) -> 0 | BD6: =IF(COUNTIF(Cs!$BT$7:$BT$33000,BE6)<>0,BD5+1,BD5) -> 0 | BE6: =BE5+1 -> 46028 | BF6: =ROUNDUP(COUNTIF(Cs!$BT$7:$BT$33000,BE6)/20,0) -> 0 | BG6: =SUM($BF$1:BF5) -> 0 | BK6: 6 | BL6: Jún.
A7: Kiad. sz. | B7: Iratszám | C7: Irat | D7: Költségv. Tétel | E7: Kiadás megnevezése: | F7: Összeg | L7: =VLOOKUP(L6,Csfi,2,FALSE) -> 201.12 | M7: =ROUND(SUM(M3,-1)*20,0) -> 0 | U7: =MAX(L8:L27) -> 0 | AN7: F - számla | AO7: fb | AP7: f | AQ7: =Cs!CQ7 -> 0 | AR7: =IF(Cs!CR7<>0,Cs!CR7&" /","") | BA7: 7 | BB7: =IF(BC7<>0,VLOOKUP(MONTH(BC7),$BK$1:$BL$12,2,FALSE)&DAY(BC7),"--") -> -- | BC7: =IF(ISERROR(VLOOKUP(BA7,$BD$1:$BE$366,2,FALSE))=FALSE,VLOOKUP(BA7,$BD$1:$BE$366,2,FALSE),0) -> 0 | BD7: =IF(COUNTIF(Cs!$BT$7:$BT$33000,BE7)<>0,BD6+1,BD6) -> 0 | BE7: =BE6+1 -> 46029 | BF7: =ROUNDUP(COUNTIF(Cs!$BT$7:$BT$33000,BE7)/20,0) -> 0 | BG7: =SUM($BF$1:BF6) -> 0 | BK7: 7 | BL7: Júl.
A8: =IF(AND($M$1>=M8,$M$1>0),M8,"") | B8: =IF(AND($M$1>=M8,$M$1>0),TRIM(VLOOKUP(M8,Cs!$BS$7:$CN$33000,22,FALSE)),"") | C8: =IF(AND($M$1>=M8,$M$1>0),TRIM(VLOOKUP(M8,Cs!$BS$7:$CN$33000,21,FALSE)),"") | D8: =IF(AND($M$1>=M8,$M$1>0),VLOOKUP(R8,Csfi,2,FALSE),"") | E8: =TRIM(IF(AND($M$1>=M8,$M$1>0),O8&" "&P8&" "&Q8,IF($M$1=M7,$T$3,""))) -> Összesen kiadás - 2026.01.01. | F8: =IF(AND($M$1>=M8,$M$1>0),SUM(I8:J8),IF($M$1=M7,SUM($H$7:I7),"")) -> 0 | H8: =IF(ISNUMBER(J8),ABS(J8),0) -> 0 | I8: =IF(ISERROR(VLOOKUP(M8,Cs!$BS$7:$CN$33000,14,FALSE))=FALSE,VLOOKUP(M8,Cs!$BS$7:$CN$33000,14,FALSE),0) -> 0 | J8: =IF(ISERROR(VLOOKUP(M8,Cs!$BS$7:$CN$33000,13,FALSE))=FALSE,VLOOKUP(M8,Cs!$BS$7:$CN$33000,13,FALSE),0) -> 0 | L8: =IF(D8=$L$7,1,0) -> 0 | M8: =SUM(N1,M7) -> 0 | O8: =IF($M$1>=M8,TRIM(VLOOKUP(M8,Cs!$BS$7:$CN$33000,18,FALSE)),"") -> #N/A | P8: =IF($M$1>=M8,TRIM(VLOOKUP(M8,Cs!$BS$7:$CN$33000,19,FALSE)),"") -> #N/A | Q8: =IF($M$1>=M8,TRIM(VLOOKUP(M8,Cs!$BS$7:$CN$33000,20,FALSE)),"") -> #N/A | R8: =IF($M$1>=M8,VLOOKUP(M8,Cs!$BS$7:$CN$33000,15,FALSE),"") -> #N/A | U8: 1 | V8: =IF($U$7>=U8,VLOOKUP(U8,$L$8:$M$28,2,FALSE),"") | W8: =IF($U$7>=U8," _____","") | AN8: G - számla | AO8: gb | AP8: g | AQ8: =Cs!CQ8 -> 0 | AR8: =IF(Cs!CR8<>0,Cs!CR8&" /","") | BA8: 8 | BB8: =IF(BC8<>0,VLOOKUP(MONTH(BC8),$BK$1:$BL$12,2,FALSE)&DAY(BC8),"--") -> -- | BC8: =IF(ISERROR(VLOOKUP(BA8,$BD$1:$BE$366,2,FALSE))=FALSE,VLOOKUP(BA8,$BD$1:$BE$366,2,FALSE),0) -> 0 | BD8: =IF(COUNTIF(Cs!$BT$7:$BT$33000,BE8)<>0,BD7+1,BD7) -> 0 | BE8: =BE7+1 -> 46030 | BF8: =ROUNDUP(COUNTIF(Cs!$BT$7:$BT$33000,BE8)/20,0) -> 0 | BG8: =SUM($BF$1:BF7) -> 0 | BK8: 8 | BL8: Aug.
A9: =IF(AND($M$1>=M9,$M$1>0),M9,"") | B9: =IF(AND($M$1>=M9,$M$1>0),TRIM(VLOOKUP(M9,Cs!$BS$7:$CN$33000,22,FALSE)),"") | C9: =IF(AND($M$1>=M9,$M$1>0),TRIM(VLOOKUP(M9,Cs!$BS$7:$CN$33000,21,FALSE)),"") | D9: =IF(AND($M$1>=M9,$M$1>0),VLOOKUP(R9,Csfi,2,FALSE),"") | E9: =TRIM(IF(AND($M$1>=M9,$M$1>0),O9&" "&P9&" "&Q9,IF($M$1=M8,$T$3,""))) -> Összesen kiadás - 2026.01.01. | F9: =IF(AND($M$1>=M9,$M$1>0),SUM(I9:J9),IF($M$1=M8,SUM($H$7:I8),"")) -> 0 | H9: =IF(ISNUMBER(J9),ABS(J9),0) -> 0 | I9: =IF(ISERROR(VLOOKUP(M9,Cs!$BS$7:$CN$33000,14,FALSE))=FALSE,VLOOKUP(M9,Cs!$BS$7:$CN$33000,14,FALSE),0) -> 0 | J9: =IF(ISERROR(VLOOKUP(M9,Cs!$BS$7:$CN$33000,13,FALSE))=FALSE,VLOOKUP(M9,Cs!$BS$7:$CN$33000,13,FALSE),0) -> 0 | L9: =IF(D9=$L$7,L8+1,L8) -> 0 | M9: =M8+1 -> 1 | O9: =IF($M$1>=M9,TRIM(VLOOKUP(M9,Cs!$BS$7:$CN$33000,18,FALSE)),"") | P9: =IF($M$1>=M9,TRIM(VLOOKUP(M9,Cs!$BS$7:$CN$33000,19,FALSE)),"") | Q9: =IF($M$1>=M9,TRIM(VLOOKUP(M9,Cs!$BS$7:$CN$33000,20,FALSE)),"") | R9: =IF($M$1>=M9,VLOOKUP(M9,Cs!$BS$7:$CN$33000,15,FALSE),"") | U9: 2 | V9: =IF($U$7>=U9,"; "&VLOOKUP(U9,$L$8:$M$28,2,FALSE),"") | W9: =IF($U$7>=U9," _____","") | AN9: H - számla | AO9: hb | AP9: h | AQ9: =Cs!CQ9 -> 0 | AR9: =IF(Cs!CR9<>0,Cs!CR9&" /","") | BA9: 9 | BB9: =IF(BC9<>0,VLOOKUP(MONTH(BC9),$BK$1:$BL$12,2,FALSE)&DAY(BC9),"--") -> -- | BC9: =IF(ISERROR(VLOOKUP(BA9,$BD$1:$BE$366,2,FALSE))=FALSE,VLOOKUP(BA9,$BD$1:$BE$366,2,FALSE),0) -> 0 | BD9: =IF(COUNTIF(Cs!$BT$7:$BT$33000,BE9)<>0,BD8+1,BD8) -> 0 | BE9: =BE8+1 -> 46031 | BF9: =ROUNDUP(COUNTIF(Cs!$BT$7:$BT$33000,BE9)/20,0) -> 0 | BG9: =SUM($BF$1:BF8) -> 0 | BK9: 9 | BL9: Szept.
A10: =IF(AND($M$1>=M10,$M$1>0),M10,"") | B10: =IF(AND($M$1>=M10,$M$1>0),TRIM(VLOOKUP(M10,Cs!$BS$7:$CN$33000,22,FALSE)),"") | C10: =IF(AND($M$1>=M10,$M$1>0),TRIM(VLOOKUP(M10,Cs!$BS$7:$CN$33000,21,FALSE)),"") | D10: =IF(AND($M$1>=M10,$M$1>0),VLOOKUP(R10,Csfi,2,FALSE),"") | E10: =TRIM(IF(AND($M$1>=M10,$M$1>0),O10&" "&P10&" "&Q10,IF($M$1=M9,$T$3,""))) | F10: =IF(AND($M$1>=M10,$M$1>0),SUM(I10:J10),IF($M$1=M9,SUM($H$7:I9),"")) | H10: =IF(ISNUMBER(J10),ABS(J10),0) -> 0 | I10: =IF(ISERROR(VLOOKUP(M10,Cs!$BS$7:$CN$33000,14,FALSE))=FALSE,VLOOKUP(M10,Cs!$BS$7:$CN$33000,14,FALSE),0) -> 0 | J10: =IF(ISERROR(VLOOKUP(M10,Cs!$BS$7:$CN$33000,13,FALSE))=FALSE,VLOOKUP(M10,Cs!$BS$7:$CN$33000,13,FALSE),0) -> 0 | L10: =IF(D10=$L$7,L9+1,L9) -> 0 | M10: =M9+1 -> 2 | O10: =IF($M$1>=M10,TRIM(VLOOKUP(M10,Cs!$BS$7:$CN$33000,18,FALSE)),"") | P10: =IF($M$1>=M10,TRIM(VLOOKUP(M10,Cs!$BS$7:$CN$33000,19,FALSE)),"") | Q10: =IF($M$1>=M10,TRIM(VLOOKUP(M10,Cs!$BS$7:$CN$33000,20,FALSE)),"") | R10: =IF($M$1>=M10,VLOOKUP(M10,Cs!$BS$7:$CN$33000,15,FALSE),"") | U10: 3 | V10: =IF($U$7>=U10,"; "&VLOOKUP(U10,$L$8:$M$28,2,FALSE),"") | W10: =IF($U$7>=U10," _____","") | AN10: I - számla | AO10: ib | AP10: i | AQ10: =Cs!CQ10 -> 0 | AR10: =IF(Cs!CR10<>0,Cs!CR10&" /","") | BA10: 10 | BB10: =IF(BC10<>0,VLOOKUP(MONTH(BC10),$BK$1:$BL$12,2,FALSE)&DAY(BC10),"--") -> -- | BC10: =IF(ISERROR(VLOOKUP(BA10,$BD$1:$BE$366,2,FALSE))=FALSE,VLOOKUP(BA10,$BD$1:$BE$366,2,FALSE),0) -> 0 | BD10: =IF(COUNTIF(Cs!$BT$7:$BT$33000,BE10)<>0,BD9+1,BD9) -> 0 | BE10: =BE9+1 -> 46032 | BF10: =ROUNDUP(COUNTIF(Cs!$BT$7:$BT$33000,BE10)/20,0) -> 0 | BG10: =SUM($BF$1:BF9) -> 0 | BK10: 10 | BL10: Okt.
A11: =IF(AND($M$1>=M11,$M$1>0),M11,"") | B11: =IF(AND($M$1>=M11,$M$1>0),TRIM(VLOOKUP(M11,Cs!$BS$7:$CN$33000,22,FALSE)),"") | C11: =IF(AND($M$1>=M11,$M$1>0),TRIM(VLOOKUP(M11,Cs!$BS$7:$CN$33000,21,FALSE)),"") | D11: =IF(AND($M$1>=M11,$M$1>0),VLOOKUP(R11,Csfi,2,FALSE),"") | E11: =TRIM(IF(AND($M$1>=M11,$M$1>0),O11&" "&P11&" "&Q11,IF($M$1=M10,$T$3,""))) | F11: =IF(AND($M$1>=M11,$M$1>0),SUM(I11:J11),IF($M$1=M10,SUM($H$7:I10),"")) | H11: =IF(ISNUMBER(J11),ABS(J11),0) -> 0 | I11: =IF(ISERROR(VLOOKUP(M11,Cs!$BS$7:$CN$33000,14,FALSE))=FALSE,VLOOKUP(M11,Cs!$BS$7:$CN$33000,14,FALSE),0) -> 0 | J11: =IF(ISERROR(VLOOKUP(M11,Cs!$BS$7:$CN$33000,13,FALSE))=FALSE,VLOOKUP(M11,Cs!$BS$7:$CN$33000,13,FALSE),0) -> 0 | L11: =IF(D11=$L$7,L10+1,L10) -> 0 | M11: =M10+1 -> 3 | O11: =IF($M$1>=M11,TRIM(VLOOKUP(M11,Cs!$BS$7:$CN$33000,18,FALSE)),"") | P11: =IF($M$1>=M11,TRIM(VLOOKUP(M11,Cs!$BS$7:$CN$33000,19,FALSE)),"") | Q11: =IF($M$1>=M11,TRIM(VLOOKUP(M11,Cs!$BS$7:$CN$33000,20,FALSE)),"") | R11: =IF($M$1>=M11,VLOOKUP(M11,Cs!$BS$7:$CN$33000,15,FALSE),"") | U11: 4 | V11: =IF($U$7>=U11,"; "&VLOOKUP(U11,$L$8:$M$28,2,FALSE),"") | W11: =IF($U$7>=U11," _____","") | AN11: J - számla | AO11: jb | AP11: j | AQ11: =Cs!CQ11 -> 0 | AR11: =IF(Cs!CR11<>0,Cs!CR11&" /","") | BA11: 11 | BB11: =IF(BC11<>0,VLOOKUP(MONTH(BC11),$BK$1:$BL$12,2,FALSE)&DAY(BC11),"--") -> -- | BC11: =IF(ISERROR(VLOOKUP(BA11,$BD$1:$BE$366,2,FALSE))=FALSE,VLOOKUP(BA11,$BD$1:$BE$366,2,FALSE),0) -> 0 | BD11: =IF(COUNTIF(Cs!$BT$7:$BT$33000,BE11)<>0,BD10+1,BD10) -> 0 | BE11: =BE10+1 -> 46033 | BF11: =ROUNDUP(COUNTIF(Cs!$BT$7:$BT$33000,BE11)/20,0) -> 0 | BG11: =SUM($BF$1:BF10) -> 0 | BK11: 11 | BL11: Nov.
A12: =IF(AND($M$1>=M12,$M$1>0),M12,"") | B12: =IF(AND($M$1>=M12,$M$1>0),TRIM(VLOOKUP(M12,Cs!$BS$7:$CN$33000,22,FALSE)),"") | C12: =IF(AND($M$1>=M12,$M$1>0),TRIM(VLOOKUP(M12,Cs!$BS$7:$CN$33000,21,FALSE)),"") | D12: =IF(AND($M$1>=M12,$M$1>0),VLOOKUP(R12,Csfi,2,FALSE),"") | E12: =TRIM(IF(AND($M$1>=M12,$M$1>0),O12&" "&P12&" "&Q12,IF($M$1=M11,$T$3,""))) | F12: =IF(AND($M$1>=M12,$M$1>0),SUM(I12:J12),IF($M$1=M11,SUM($H$7:I11),"")) | H12: =IF(ISNUMBER(J12),ABS(J12),0) -> 0 | I12: =IF(ISERROR(VLOOKUP(M12,Cs!$BS$7:$CN$33000,14,FALSE))=FALSE,VLOOKUP(M12,Cs!$BS$7:$CN$33000,14,FALSE),0) -> 0 | J12: =IF(ISERROR(VLOOKUP(M12,Cs!$BS$7:$CN$33000,13,FALSE))=FALSE,VLOOKUP(M12,Cs!$BS$7:$CN$33000,13,FALSE),0) -> 0 | L12: =IF(D12=$L$7,L11+1,L11) -> 0 | M12: =M11+1 -> 4 | O12: =IF($M$1>=M12,TRIM(VLOOKUP(M12,Cs!$BS$7:$CN$33000,18,FALSE)),"") | P12: =IF($M$1>=M12,TRIM(VLOOKUP(M12,Cs!$BS$7:$CN$33000,19,FALSE)),"") | Q12: =IF($M$1>=M12,TRIM(VLOOKUP(M12,Cs!$BS$7:$CN$33000,20,FALSE)),"") | R12: =IF($M$1>=M12,VLOOKUP(M12,Cs!$BS$7:$CN$33000,15,FALSE),"") | U12: 5 | V12: =IF($U$7>=U12,"; "&VLOOKUP(U12,$L$8:$M$28,2,FALSE),"") | W12: =IF($U$7>=U12," _____","") | AN12: K - számla | AO12: kb | AP12: k | AQ12: =Cs!CQ12 -> 0 | AR12: =IF(Cs!CR12<>0,Cs!CR12&" /","") | BA12: 12 | BB12: =IF(BC12<>0,VLOOKUP(MONTH(BC12),$BK$1:$BL$12,2,FALSE)&DAY(BC12),"--") -> -- | BC12: =IF(ISERROR(VLOOKUP(BA12,$BD$1:$BE$366,2,FALSE))=FALSE,VLOOKUP(BA12,$BD$1:$BE$366,2,FALSE),0) -> 0 | BD12: =IF(COUNTIF(Cs!$BT$7:$BT$33000,BE12)<>0,BD11+1,BD11) -> 0 | BE12: =BE11+1 -> 46034 | BF12: =ROUNDUP(COUNTIF(Cs!$BT$7:$BT$33000,BE12)/20,0) -> 0 | BG12: =SUM($BF$1:BF11) -> 0 | BK12: 12 | BL12: Dec.
A13: =IF(AND($M$1>=M13,$M$1>0),M13,"") | B13: =IF(AND($M$1>=M13,$M$1>0),TRIM(VLOOKUP(M13,Cs!$BS$7:$CN$33000,22,FALSE)),"") | C13: =IF(AND($M$1>=M13,$M$1>0),TRIM(VLOOKUP(M13,Cs!$BS$7:$CN$33000,21,FALSE)),"") | D13: =IF(AND($M$1>=M13,$M$1>0),VLOOKUP(R13,Csfi,2,FALSE),"") | E13: =TRIM(IF(AND($M$1>=M13,$M$1>0),O13&" "&P13&" "&Q13,IF($M$1=M12,$T$3,""))) | F13: =IF(AND($M$1>=M13,$M$1>0),SUM(I13:J13),IF($M$1=M12,SUM($H$7:I12),"")) | H13: =IF(ISNUMBER(J13),ABS(J13),0) -> 0 | I13: =IF(ISERROR(VLOOKUP(M13,Cs!$BS$7:$CN$33000,14,FALSE))=FALSE,VLOOKUP(M13,Cs!$BS$7:$CN$33000,14,FALSE),0) -> 0 | J13: =IF(ISERROR(VLOOKUP(M13,Cs!$BS$7:$CN$33000,13,FALSE))=FALSE,VLOOKUP(M13,Cs!$BS$7:$CN$33000,13,FALSE),0) -> 0 | L13: =IF(D13=$L$7,L12+1,L12) -> 0 | M13: =M12+1 -> 5 | O13: =IF($M$1>=M13,TRIM(VLOOKUP(M13,Cs!$BS$7:$CN$33000,18,FALSE)),"") | P13: =IF($M$1>=M13,TRIM(VLOOKUP(M13,Cs!$BS$7:$CN$33000,19,FALSE)),"") | Q13: =IF($M$1>=M13,TRIM(VLOOKUP(M13,Cs!$BS$7:$CN$33000,20,FALSE)),"") | R13: =IF($M$1>=M13,VLOOKUP(M13,Cs!$BS$7:$CN$33000,15,FALSE),"") | U13: 6 | V13: =IF($U$7>=U13,"; "&VLOOKUP(U13,$L$8:$M$28,2,FALSE),"") | W13: =IF($U$7>=U13," _____","") | AN13: L - számla | AO13: lb | AP13: l | AQ13: =Cs!CQ13 -> 0 | AR13: =IF(Cs!CR13<>0,Cs!CR13&" /","") | BA13: 13 | BB13: =IF(BC13<>0,VLOOKUP(MONTH(BC13),$BK$1:$BL$12,2,FALSE)&DAY(BC13),"--") -> -- | BC13: =IF(ISERROR(VLOOKUP(BA13,$BD$1:$BE$366,2,FALSE))=FALSE,VLOOKUP(BA13,$BD$1:$BE$366,2,FALSE),0) -> 0 | BD13: =IF(COUNTIF(Cs!$BT$7:$BT$33000,BE13)<>0,BD12+1,BD12) -> 0 | BE13: =BE12+1 -> 46035 | BF13: =ROUNDUP(COUNTIF(Cs!$BT$7:$BT$33000,BE13)/20,0) -> 0 | BG13: =SUM($BF$1:BF12) -> 0
A14: =IF(AND($M$1>=M14,$M$1>0),M14,"") | B14: =IF(AND($M$1>=M14,$M$1>0),TRIM(VLOOKUP(M14,Cs!$BS$7:$CN$33000,22,FALSE)),"") | C14: =IF(AND($M$1>=M14,$M$1>0),TRIM(VLOOKUP(M14,Cs!$BS$7:$CN$33000,21,FALSE)),"") | D14: =IF(AND($M$1>=M14,$M$1>0),VLOOKUP(R14,Csfi,2,FALSE),"") | E14: =TRIM(IF(AND($M$1>=M14,$M$1>0),O14&" "&P14&" "&Q14,IF($M$1=M13,$T$3,""))) | F14: =IF(AND($M$1>=M14,$M$1>0),SUM(I14:J14),IF($M$1=M13,SUM($H$7:I13),"")) | H14: =IF(ISNUMBER(J14),ABS(J14),0) -> 0 | I14: =IF(ISERROR(VLOOKUP(M14,Cs!$BS$7:$CN$33000,14,FALSE))=FALSE,VLOOKUP(M14,Cs!$BS$7:$CN$33000,14,FALSE),0) -> 0 | J14: =IF(ISERROR(VLOOKUP(M14,Cs!$BS$7:$CN$33000,13,FALSE))=FALSE,VLOOKUP(M14,Cs!$BS$7:$CN$33000,13,FALSE),0) -> 0 | L14: =IF(D14=$L$7,L13+1,L13) -> 0 | M14: =M13+1 -> 6 | O14: =IF($M$1>=M14,TRIM(VLOOKUP(M14,Cs!$BS$7:$CN$33000,18,FALSE)),"") | P14: =IF($M$1>=M14,TRIM(VLOOKUP(M14,Cs!$BS$7:$CN$33000,19,FALSE)),"") | Q14: =IF($M$1>=M14,TRIM(VLOOKUP(M14,Cs!$BS$7:$CN$33000,20,FALSE)),"") | R14: =IF($M$1>=M14,VLOOKUP(M14,Cs!$BS$7:$CN$33000,15,FALSE),"") | U14: 7 | V14: =IF($U$7>=U14,"; "&VLOOKUP(U14,$L$8:$M$28,2,FALSE),"") | W14: =IF($U$7>=U14," _____","") | AN14: M - számla | AO14: mb | AP14: m | AQ14: =Cs!CQ14 -> 0 | AR14: =IF(Cs!CR14<>0,Cs!CR14&" /","") | BA14: 14 | BB14: =IF(BC14<>0,VLOOKUP(MONTH(BC14),$BK$1:$BL$12,2,FALSE)&DAY(BC14),"--") -> -- | BC14: =IF(ISERROR(VLOOKUP(BA14,$BD$1:$BE$366,2,FALSE))=FALSE,VLOOKUP(BA14,$BD$1:$BE$366,2,FALSE),0) -> 0 | BD14: =IF(COUNTIF(Cs!$BT$7:$BT$33000,BE14)<>0,BD13+1,BD13) -> 0 | BE14: =BE13+1 -> 46036 | BF14: =ROUNDUP(COUNTIF(Cs!$BT$7:$BT$33000,BE14)/20,0) -> 0 | BG14: =SUM($BF$1:BF13) -> 0
A15: =IF(AND($M$1>=M15,$M$1>0),M15,"") | B15: =IF(AND($M$1>=M15,$M$1>0),TRIM(VLOOKUP(M15,Cs!$BS$7:$CN$33000,22,FALSE)),"") | C15: =IF(AND($M$1>=M15,$M$1>0),TRIM(VLOOKUP(M15,Cs!$BS$7:$CN$33000,21,FALSE)),"") | D15: =IF(AND($M$1>=M15,$M$1>0),VLOOKUP(R15,Csfi,2,FALSE),"") | E15: =TRIM(IF(AND($M$1>=M15,$M$1>0),O15&" "&P15&" "&Q15,IF($M$1=M14,$T$3,""))) | F15: =IF(AND($M$1>=M15,$M$1>0),SUM(I15:J15),IF($M$1=M14,SUM($H$7:I14),"")) | H15: =IF(ISNUMBER(J15),ABS(J15),0) -> 0 | I15: =IF(ISERROR(VLOOKUP(M15,Cs!$BS$7:$CN$33000,14,FALSE))=FALSE,VLOOKUP(M15,Cs!$BS$7:$CN$33000,14,FALSE),0) -> 0 | J15: =IF(ISERROR(VLOOKUP(M15,Cs!$BS$7:$CN$33000,13,FALSE))=FALSE,VLOOKUP(M15,Cs!$BS$7:$CN$33000,13,FALSE),0) -> 0 | L15: =IF(D15=$L$7,L14+1,L14) -> 0 | M15: =M14+1 -> 7 | O15: =IF($M$1>=M15,TRIM(VLOOKUP(M15,Cs!$BS$7:$CN$33000,18,FALSE)),"") | P15: =IF($M$1>=M15,TRIM(VLOOKUP(M15,Cs!$BS$7:$CN$33000,19,FALSE)),"") | Q15: =IF($M$1>=M15,TRIM(VLOOKUP(M15,Cs!$BS$7:$CN$33000,20,FALSE)),"") | R15: =IF($M$1>=M15,VLOOKUP(M15,Cs!$BS$7:$CN$33000,15,FALSE),"") | U15: 8 | V15: =IF($U$7>=U15,"; "&VLOOKUP(U15,$L$8:$M$28,2,FALSE),"") | W15: =IF($U$7>=U15," _____","") | AN15: N - számla | AO15: nb | AP15: n | AQ15: =Cs!CQ15 -> 0 | AR15: =IF(Cs!CR15<>0,Cs!CR15&" /","") | BA15: 15 | BB15: =IF(BC15<>0,VLOOKUP(MONTH(BC15),$BK$1:$BL$12,2,FALSE)&DAY(BC15),"--") -> -- | BC15: =IF(ISERROR(VLOOKUP(BA15,$BD$1:$BE$366,2,FALSE))=FALSE,VLOOKUP(BA15,$BD$1:$BE$366,2,FALSE),0) -> 0 | BD15: =IF(COUNTIF(Cs!$BT$7:$BT$33000,BE15)<>0,BD14+1,BD14) -> 0 | BE15: =BE14+1 -> 46037 | BF15: =ROUNDUP(COUNTIF(Cs!$BT$7:$BT$33000,BE15)/20,0) -> 0 | BG15: =SUM($BF$1:BF14) -> 0
A16: =IF(AND($M$1>=M16,$M$1>0),M16,"") | B16: =IF(AND($M$1>=M16,$M$1>0),TRIM(VLOOKUP(M16,Cs!$BS$7:$CN$33000,22,FALSE)),"") | C16: =IF(AND($M$1>=M16,$M$1>0),TRIM(VLOOKUP(M16,Cs!$BS$7:$CN$33000,21,FALSE)),"") | D16: =IF(AND($M$1>=M16,$M$1>0),VLOOKUP(R16,Csfi,2,FALSE),"") | E16: =TRIM(IF(AND($M$1>=M16,$M$1>0),O16&" "&P16&" "&Q16,IF($M$1=M15,$T$3,""))) | F16: =IF(AND($M$1>=M16,$M$1>0),SUM(I16:J16),IF($M$1=M15,SUM($H$7:I15),"")) | H16: =IF(ISNUMBER(J16),ABS(J16),0) -> 0 | I16: =IF(ISERROR(VLOOKUP(M16,Cs!$BS$7:$CN$33000,14,FALSE))=FALSE,VLOOKUP(M16,Cs!$BS$7:$CN$33000,14,FALSE),0) -> 0 | J16: =IF(ISERROR(VLOOKUP(M16,Cs!$BS$7:$CN$33000,13,FALSE))=FALSE,VLOOKUP(M16,Cs!$BS$7:$CN$33000,13,FALSE),0) -> 0 | L16: =IF(D16=$L$7,L15+1,L15) -> 0 | M16: =M15+1 -> 8 | O16: =IF($M$1>=M16,TRIM(VLOOKUP(M16,Cs!$BS$7:$CN$33000,18,FALSE)),"") | P16: =IF($M$1>=M16,TRIM(VLOOKUP(M16,Cs!$BS$7:$CN$33000,19,FALSE)),"") | Q16: =IF($M$1>=M16,TRIM(VLOOKUP(M16,Cs!$BS$7:$CN$33000,20,FALSE)),"") | R16: =IF($M$1>=M16,VLOOKUP(M16,Cs!$BS$7:$CN$33000,15,FALSE),"") | U16: 9 | V16: =IF($U$7>=U16,"; "&VLOOKUP(U16,$L$8:$M$28,2,FALSE),"") | W16: =IF($U$7>=U16," _____","") | AN16: O - számla | AO16: ob | AP16: o | AQ16: =Cs!CQ16 -> 0 | AR16: =IF(Cs!CR16<>0,Cs!CR16&" /","") | BA16: 16 | BB16: =IF(BC16<>0,VLOOKUP(MONTH(BC16),$BK$1:$BL$12,2,FALSE)&DAY(BC16),"--") -> -- | BC16: =IF(ISERROR(VLOOKUP(BA16,$BD$1:$BE$366,2,FALSE))=FALSE,VLOOKUP(BA16,$BD$1:$BE$366,2,FALSE),0) -> 0 | BD16: =IF(COUNTIF(Cs!$BT$7:$BT$33000,BE16)<>0,BD15+1,BD15) -> 0 | BE16: =BE15+1 -> 46038 | BF16: =ROUNDUP(COUNTIF(Cs!$BT$7:$BT$33000,BE16)/20,0) -> 0 | BG16: =SUM($BF$1:BF15) -> 0
A17: =IF(AND($M$1>=M17,$M$1>0),M17,"") | B17: =IF(AND($M$1>=M17,$M$1>0),TRIM(VLOOKUP(M17,Cs!$BS$7:$CN$33000,22,FALSE)),"") | C17: =IF(AND($M$1>=M17,$M$1>0),TRIM(VLOOKUP(M17,Cs!$BS$7:$CN$33000,21,FALSE)),"") | D17: =IF(AND($M$1>=M17,$M$1>0),VLOOKUP(R17,Csfi,2,FALSE),"") | E17: =TRIM(IF(AND($M$1>=M17,$M$1>0),O17&" "&P17&" "&Q17,IF($M$1=M16,$T$3,""))) | F17: =IF(AND($M$1>=M17,$M$1>0),SUM(I17:J17),IF($M$1=M16,SUM($H$7:I16),"")) | H17: =IF(ISNUMBER(J17),ABS(J17),0) -> 0 | I17: =IF(ISERROR(VLOOKUP(M17,Cs!$BS$7:$CN$33000,14,FALSE))=FALSE,VLOOKUP(M17,Cs!$BS$7:$CN$33000,14,FALSE),0) -> 0 | J17: =IF(ISERROR(VLOOKUP(M17,Cs!$BS$7:$CN$33000,13,FALSE))=FALSE,VLOOKUP(M17,Cs!$BS$7:$CN$33000,13,FALSE),0) -> 0 | L17: =IF(D17=$L$7,L16+1,L16) -> 0 | M17: =M16+1 -> 9 | O17: =IF($M$1>=M17,TRIM(VLOOKUP(M17,Cs!$BS$7:$CN$33000,18,FALSE)),"") | P17: =IF($M$1>=M17,TRIM(VLOOKUP(M17,Cs!$BS$7:$CN$33000,19,FALSE)),"") | Q17: =IF($M$1>=M17,TRIM(VLOOKUP(M17,Cs!$BS$7:$CN$33000,20,FALSE)),"") | R17: =IF($M$1>=M17,VLOOKUP(M17,Cs!$BS$7:$CN$33000,15,FALSE),"") | U17: 10 | V17: =IF($U$7>=U17,"; "&VLOOKUP(U17,$L$8:$M$28,2,FALSE),"") | W17: =IF($U$7>=U17," _____","") | AN17: P - számla | AO17: pb | AP17: p | AQ17: =Cs!CQ17 -> 0 | AR17: =IF(Cs!CR17<>0,Cs!CR17&" /","") | BA17: 17 | BB17: =IF(BC17<>0,VLOOKUP(MONTH(BC17),$BK$1:$BL$12,2,FALSE)&DAY(BC17),"--") -> -- | BC17: =IF(ISERROR(VLOOKUP(BA17,$BD$1:$BE$366,2,FALSE))=FALSE,VLOOKUP(BA17,$BD$1:$BE$366,2,FALSE),0) -> 0 | BD17: =IF(COUNTIF(Cs!$BT$7:$BT$33000,BE17)<>0,BD16+1,BD16) -> 0 | BE17: =BE16+1 -> 46039 | BF17: =ROUNDUP(COUNTIF(Cs!$BT$7:$BT$33000,BE17)/20,0) -> 0 | BG17: =SUM($BF$1:BF16) -> 0
A18: =IF(AND($M$1>=M18,$M$1>0),M18,"") | B18: =IF(AND($M$1>=M18,$M$1>0),TRIM(VLOOKUP(M18,Cs!$BS$7:$CN$33000,22,FALSE)),"") | C18: =IF(AND($M$1>=M18,$M$1>0),TRIM(VLOOKUP(M18,Cs!$BS$7:$CN$33000,21,FALSE)),"") | D18: =IF(AND($M$1>=M18,$M$1>0),VLOOKUP(R18,Csfi,2,FALSE),"") | E18: =TRIM(IF(AND($M$1>=M18,$M$1>0),O18&" "&P18&" "&Q18,IF($M$1=M17,$T$3,""))) | F18: =IF(AND($M$1>=M18,$M$1>0),SUM(I18:J18),IF($M$1=M17,SUM($H$7:I17),"")) | H18: =IF(ISNUMBER(J18),ABS(J18),0) -> 0 | I18: =IF(ISERROR(VLOOKUP(M18,Cs!$BS$7:$CN$33000,14,FALSE))=FALSE,VLOOKUP(M18,Cs!$BS$7:$CN$33000,14,FALSE),0) -> 0 | J18: =IF(ISERROR(VLOOKUP(M18,Cs!$BS$7:$CN$33000,13,FALSE))=FALSE,VLOOKUP(M18,Cs!$BS$7:$CN$33000,13,FALSE),0) -> 0 | L18: =IF(D18=$L$7,L17+1,L17) -> 0 | M18: =M17+1 -> 10 | O18: =IF($M$1>=M18,TRIM(VLOOKUP(M18,Cs!$BS$7:$CN$33000,18,FALSE)),"") | P18: =IF($M$1>=M18,TRIM(VLOOKUP(M18,Cs!$BS$7:$CN$33000,19,FALSE)),"") | Q18: =IF($M$1>=M18,TRIM(VLOOKUP(M18,Cs!$BS$7:$CN$33000,20,FALSE)),"") | R18: =IF($M$1>=M18,VLOOKUP(M18,Cs!$BS$7:$CN$33000,15,FALSE),"") | U18: 11 | V18: =IF($U$7>=U18,"; "&VLOOKUP(U18,$L$8:$M$28,2,FALSE),"") | W18: =IF($U$7>=U18," _____","") | AN18: Q - számla | AO18: qb | AP18: q | AQ18: =Cs!CQ18 -> 0 | AR18: =IF(Cs!CR18<>0,Cs!CR18&" /","") | BA18: 18 | BB18: =IF(BC18<>0,VLOOKUP(MONTH(BC18),$BK$1:$BL$12,2,FALSE)&DAY(BC18),"--") -> -- | BC18: =IF(ISERROR(VLOOKUP(BA18,$BD$1:$BE$366,2,FALSE))=FALSE,VLOOKUP(BA18,$BD$1:$BE$366,2,FALSE),0) -> 0 | BD18: =IF(COUNTIF(Cs!$BT$7:$BT$33000,BE18)<>0,BD17+1,BD17) -> 0 | BE18: =BE17+1 -> 46040 | BF18: =ROUNDUP(COUNTIF(Cs!$BT$7:$BT$33000,BE18)/20,0) -> 0 | BG18: =SUM($BF$1:BF17) -> 0
A19: =IF(AND($M$1>=M19,$M$1>0),M19,"") | B19: =IF(AND($M$1>=M19,$M$1>0),TRIM(VLOOKUP(M19,Cs!$BS$7:$CN$33000,22,FALSE)),"") | C19: =IF(AND($M$1>=M19,$M$1>0),TRIM(VLOOKUP(M19,Cs!$BS$7:$CN$33000,21,FALSE)),"") | D19: =IF(AND($M$1>=M19,$M$1>0),VLOOKUP(R19,Csfi,2,FALSE),"") | E19: =TRIM(IF(AND($M$1>=M19,$M$1>0),O19&" "&P19&" "&Q19,IF($M$1=M18,$T$3,""))) | F19: =IF(AND($M$1>=M19,$M$1>0),SUM(I19:J19),IF($M$1=M18,SUM($H$7:I18),"")) | H19: =IF(ISNUMBER(J19),ABS(J19),0) -> 0 | I19: =IF(ISERROR(VLOOKUP(M19,Cs!$BS$7:$CN$33000,14,FALSE))=FALSE,VLOOKUP(M19,Cs!$BS$7:$CN$33000,14,FALSE),0) -> 0 | J19: =IF(ISERROR(VLOOKUP(M19,Cs!$BS$7:$CN$33000,13,FALSE))=FALSE,VLOOKUP(M19,Cs!$BS$7:$CN$33000,13,FALSE),0) -> 0 | L19: =IF(D19=$L$7,L18+1,L18) -> 0 | M19: =M18+1 -> 11 | O19: =IF($M$1>=M19,TRIM(VLOOKUP(M19,Cs!$BS$7:$CN$33000,18,FALSE)),"") | P19: =IF($M$1>=M19,TRIM(VLOOKUP(M19,Cs!$BS$7:$CN$33000,19,FALSE)),"") | Q19: =IF($M$1>=M19,TRIM(VLOOKUP(M19,Cs!$BS$7:$CN$33000,20,FALSE)),"") | R19: =IF($M$1>=M19,VLOOKUP(M19,Cs!$BS$7:$CN$33000,15,FALSE),"") | U19: 12 | V19: =IF($U$7>=U19,"; "&VLOOKUP(U19,$L$8:$M$28,2,FALSE),"") | W19: =IF($U$7>=U19," _____","") | AN19: R - számla | AO19: rb | AP19: r | AQ19: =Cs!CQ19 -> 0 | AR19: =IF(Cs!CR19<>0,Cs!CR19&" /","") | BA19: 19 | BB19: =IF(BC19<>0,VLOOKUP(MONTH(BC19),$BK$1:$BL$12,2,FALSE)&DAY(BC19),"--") -> -- | BC19: =IF(ISERROR(VLOOKUP(BA19,$BD$1:$BE$366,2,FALSE))=FALSE,VLOOKUP(BA19,$BD$1:$BE$366,2,FALSE),0) -> 0 | BD19: =IF(COUNTIF(Cs!$BT$7:$BT$33000,BE19)<>0,BD18+1,BD18) -> 0 | BE19: =BE18+1 -> 46041 | BF19: =ROUNDUP(COUNTIF(Cs!$BT$7:$BT$33000,BE19)/20,0) -> 0 | BG19: =SUM($BF$1:BF18) -> 0
A20: =IF(AND($M$1>=M20,$M$1>0),M20,"") | B20: =IF(AND($M$1>=M20,$M$1>0),TRIM(VLOOKUP(M20,Cs!$BS$7:$CN$33000,22,FALSE)),"") | C20: =IF(AND($M$1>=M20,$M$1>0),TRIM(VLOOKUP(M20,Cs!$BS$7:$CN$33000,21,FALSE)),"") | D20: =IF(AND($M$1>=M20,$M$1>0),VLOOKUP(R20,Csfi,2,FALSE),"") | E20: =TRIM(IF(AND($M$1>=M20,$M$1>0),O20&" "&P20&" "&Q20,IF($M$1=M19,$T$3,""))) | F20: =IF(AND($M$1>=M20,$M$1>0),SUM(I20:J20),IF($M$1=M19,SUM($H$7:I19),"")) | H20: =IF(ISNUMBER(J20),ABS(J20),0) -> 0 | I20: =IF(ISERROR(VLOOKUP(M20,Cs!$BS$7:$CN$33000,14,FALSE))=FALSE,VLOOKUP(M20,Cs!$BS$7:$CN$33000,14,FALSE),0) -> 0 | J20: =IF(ISERROR(VLOOKUP(M20,Cs!$BS$7:$CN$33000,13,FALSE))=FALSE,VLOOKUP(M20,Cs!$BS$7:$CN$33000,13,FALSE),0) -> 0 | L20: =IF(D20=$L$7,L19+1,L19) -> 0 | M20: =M19+1 -> 12 | O20: =IF($M$1>=M20,TRIM(VLOOKUP(M20,Cs!$BS$7:$CN$33000,18,FALSE)),"") | P20: =IF($M$1>=M20,TRIM(VLOOKUP(M20,Cs!$BS$7:$CN$33000,19,FALSE)),"") | Q20: =IF($M$1>=M20,TRIM(VLOOKUP(M20,Cs!$BS$7:$CN$33000,20,FALSE)),"") | R20: =IF($M$1>=M20,VLOOKUP(M20,Cs!$BS$7:$CN$33000,15,FALSE),"") | U20: 13 | V20: =IF($U$7>=U20,"; "&VLOOKUP(U20,$L$8:$M$28,2,FALSE),"") | W20: =IF($U$7>=U20," _____","") | AN20: S - számla | AO20: sb | AP20: s | AQ20: =Cs!CQ20 -> 0 | BA20: 20 | BB20: =IF(BC20<>0,VLOOKUP(MONTH(BC20),$BK$1:$BL$12,2,FALSE)&DAY(BC20),"--") -> -- | BC20: =IF(ISERROR(VLOOKUP(BA20,$BD$1:$BE$366,2,FALSE))=FALSE,VLOOKUP(BA20,$BD$1:$BE$366,2,FALSE),0) -> 0 | BD20: =IF(COUNTIF(Cs!$BT$7:$BT$33000,BE20)<>0,BD19+1,BD19) -> 0 | BE20: =BE19+1 -> 46042 | BF20: =ROUNDUP(COUNTIF(Cs!$BT$7:$BT$33000,BE20)/20,0) -> 0 | BG20: =SUM($BF$1:BF19) -> 0
A21: =IF(AND($M$1>=M21,$M$1>0),M21,"") | B21: =IF(AND($M$1>=M21,$M$1>0),TRIM(VLOOKUP(M21,Cs!$BS$7:$CN$33000,22,FALSE)),"") | C21: =IF(AND($M$1>=M21,$M$1>0),TRIM(VLOOKUP(M21,Cs!$BS$7:$CN$33000,21,FALSE)),"") | D21: =IF(AND($M$1>=M21,$M$1>0),VLOOKUP(R21,Csfi,2,FALSE),"") | E21: =TRIM(IF(AND($M$1>=M21,$M$1>0),O21&" "&P21&" "&Q21,IF($M$1=M20,$T$3,""))) | F21: =IF(AND($M$1>=M21,$M$1>0),SUM(I21:J21),IF($M$1=M20,SUM($H$7:I20),"")) | H21: =IF(ISNUMBER(J21),ABS(J21),0) -> 0 | I21: =IF(ISERROR(VLOOKUP(M21,Cs!$BS$7:$CN$33000,14,FALSE))=FALSE,VLOOKUP(M21,Cs!$BS$7:$CN$33000,14,FALSE),0) -> 0 | J21: =IF(ISERROR(VLOOKUP(M21,Cs!$BS$7:$CN$33000,13,FALSE))=FALSE,VLOOKUP(M21,Cs!$BS$7:$CN$33000,13,FALSE),0) -> 0 | L21: =IF(D21=$L$7,L20+1,L20) -> 0 | M21: =M20+1 -> 13 | O21: =IF($M$1>=M21,TRIM(VLOOKUP(M21,Cs!$BS$7:$CN$33000,18,FALSE)),"") | P21: =IF($M$1>=M21,TRIM(VLOOKUP(M21,Cs!$BS$7:$CN$33000,19,FALSE)),"") | Q21: =IF($M$1>=M21,TRIM(VLOOKUP(M21,Cs!$BS$7:$CN$33000,20,FALSE)),"") | R21: =IF($M$1>=M21,VLOOKUP(M21,Cs!$BS$7:$CN$33000,15,FALSE),"") | U21: 14 | V21: =IF($U$7>=U21,"; "&VLOOKUP(U21,$L$8:$M$28,2,FALSE),"") | W21: =IF($U$7>=U21," _____","") | AN21: T - számla | AO21: tb | AP21: t | AQ21: =Cs!CQ21 -> 0 | BA21: 21 | BB21: =IF(BC21<>0,VLOOKUP(MONTH(BC21),$BK$1:$BL$12,2,FALSE)&DAY(BC21),"--") -> -- | BC21: =IF(ISERROR(VLOOKUP(BA21,$BD$1:$BE$366,2,FALSE))=FALSE,VLOOKUP(BA21,$BD$1:$BE$366,2,FALSE),0) -> 0 | BD21: =IF(COUNTIF(Cs!$BT$7:$BT$33000,BE21)<>0,BD20+1,BD20) -> 0 | BE21: =BE20+1 -> 46043 | BF21: =ROUNDUP(COUNTIF(Cs!$BT$7:$BT$33000,BE21)/20,0) -> 0 | BG21: =SUM($BF$1:BF20) -> 0
A22: =IF(AND($M$1>=M22,$M$1>0),M22,"") | B22: =IF(AND($M$1>=M22,$M$1>0),TRIM(VLOOKUP(M22,Cs!$BS$7:$CN$33000,22,FALSE)),"") | C22: =IF(AND($M$1>=M22,$M$1>0),TRIM(VLOOKUP(M22,Cs!$BS$7:$CN$33000,21,FALSE)),"") | D22: =IF(AND($M$1>=M22,$M$1>0),VLOOKUP(R22,Csfi,2,FALSE),"") | E22: =TRIM(IF(AND($M$1>=M22,$M$1>0),O22&" "&P22&" "&Q22,IF($M$1=M21,$T$3,""))) | F22: =IF(AND($M$1>=M22,$M$1>0),SUM(I22:J22),IF($M$1=M21,SUM($H$7:I21),"")) | H22: =IF(ISNUMBER(J22),ABS(J22),0) -> 0 | I22: =IF(ISERROR(VLOOKUP(M22,Cs!$BS$7:$CN$33000,14,FALSE))=FALSE,VLOOKUP(M22,Cs!$BS$7:$CN$33000,14,FALSE),0) -> 0 | J22: =IF(ISERROR(VLOOKUP(M22,Cs!$BS$7:$CN$33000,13,FALSE))=FALSE,VLOOKUP(M22,Cs!$BS$7:$CN$33000,13,FALSE),0) -> 0 | L22: =IF(D22=$L$7,L21+1,L21) -> 0 | M22: =M21+1 -> 14 | O22: =IF($M$1>=M22,TRIM(VLOOKUP(M22,Cs!$BS$7:$CN$33000,18,FALSE)),"") | P22: =IF($M$1>=M22,TRIM(VLOOKUP(M22,Cs!$BS$7:$CN$33000,19,FALSE)),"") | Q22: =IF($M$1>=M22,TRIM(VLOOKUP(M22,Cs!$BS$7:$CN$33000,20,FALSE)),"") | R22: =IF($M$1>=M22,VLOOKUP(M22,Cs!$BS$7:$CN$33000,15,FALSE),"") | U22: 15 | V22: =IF($U$7>=U22,"; "&VLOOKUP(U22,$L$8:$M$28,2,FALSE),"") | W22: =IF($U$7>=U22," _____","") | BA22: 22 | BB22: =IF(BC22<>0,VLOOKUP(MONTH(BC22),$BK$1:$BL$12,2,FALSE)&DAY(BC22),"--") -> -- | BC22: =IF(ISERROR(VLOOKUP(BA22,$BD$1:$BE$366,2,FALSE))=FALSE,VLOOKUP(BA22,$BD$1:$BE$366,2,FALSE),0) -> 0 | BD22: =IF(COUNTIF(Cs!$BT$7:$BT$33000,BE22)<>0,BD21+1,BD21) -> 0 | BE22: =BE21+1 -> 46044 | BF22: =ROUNDUP(COUNTIF(Cs!$BT$7:$BT$33000,BE22)/20,0) -> 0 | BG22: =SUM($BF$1:BF21) -> 0
A23: =IF(AND($M$1>=M23,$M$1>0),M23,"") | B23: =IF(AND($M$1>=M23,$M$1>0),TRIM(VLOOKUP(M23,Cs!$BS$7:$CN$33000,22,FALSE)),"") | C23: =IF(AND($M$1>=M23,$M$1>0),TRIM(VLOOKUP(M23,Cs!$BS$7:$CN$33000,21,FALSE)),"") | D23: =IF(AND($M$1>=M23,$M$1>0),VLOOKUP(R23,Csfi,2,FALSE),"") | E23: =TRIM(IF(AND($M$1>=M23,$M$1>0),O23&" "&P23&" "&Q23,IF($M$1=M22,$T$3,""))) | F23: =IF(AND($M$1>=M23,$M$1>0),SUM(I23:J23),IF($M$1=M22,SUM($H$7:I22),"")) | H23: =IF(ISNUMBER(J23),ABS(J23),0) -> 0 | I23: =IF(ISERROR(VLOOKUP(M23,Cs!$BS$7:$CN$33000,14,FALSE))=FALSE,VLOOKUP(M23,Cs!$BS$7:$CN$33000,14,FALSE),0) -> 0 | J23: =IF(ISERROR(VLOOKUP(M23,Cs!$BS$7:$CN$33000,13,FALSE))=FALSE,VLOOKUP(M23,Cs!$BS$7:$CN$33000,13,FALSE),0) -> 0 | L23: =IF(D23=$L$7,L22+1,L22) -> 0 | M23: =M22+1 -> 15 | O23: =IF($M$1>=M23,TRIM(VLOOKUP(M23,Cs!$BS$7:$CN$33000,18,FALSE)),"") | P23: =IF($M$1>=M23,TRIM(VLOOKUP(M23,Cs!$BS$7:$CN$33000,19,FALSE)),"") | Q23: =IF($M$1>=M23,TRIM(VLOOKUP(M23,Cs!$BS$7:$CN$33000,20,FALSE)),"") | R23: =IF($M$1>=M23,VLOOKUP(M23,Cs!$BS$7:$CN$33000,15,FALSE),"") | U23: 16 | V23: =IF($U$7>=U23,"; "&VLOOKUP(U23,$L$8:$M$28,2,FALSE),"") | W23: =IF($U$7>=U23," _____","") | BA23: 23 | BB23: =IF(BC23<>0,VLOOKUP(MONTH(BC23),$BK$1:$BL$12,2,FALSE)&DAY(BC23),"--") -> -- | BC23: =IF(ISERROR(VLOOKUP(BA23,$BD$1:$BE$366,2,FALSE))=FALSE,VLOOKUP(BA23,$BD$1:$BE$366,2,FALSE),0) -> 0 | BD23: =IF(COUNTIF(Cs!$BT$7:$BT$33000,BE23)<>0,BD22+1,BD22) -> 0 | BE23: =BE22+1 -> 46045 | BF23: =ROUNDUP(COUNTIF(Cs!$BT$7:$BT$33000,BE23)/20,0) -> 0 | BG23: =SUM($BF$1:BF22) -> 0
A24: =IF(AND($M$1>=M24,$M$1>0),M24,"") | B24: =IF(AND($M$1>=M24,$M$1>0),TRIM(VLOOKUP(M24,Cs!$BS$7:$CN$33000,22,FALSE)),"") | C24: =IF(AND($M$1>=M24,$M$1>0),TRIM(VLOOKUP(M24,Cs!$BS$7:$CN$33000,21,FALSE)),"") | D24: =IF(AND($M$1>=M24,$M$1>0),VLOOKUP(R24,Csfi,2,FALSE),"") | E24: =TRIM(IF(AND($M$1>=M24,$M$1>0),O24&" "&P24&" "&Q24,IF($M$1=M23,$T$3,""))) | F24: =IF(AND($M$1>=M24,$M$1>0),SUM(I24:J24),IF($M$1=M23,SUM($H$7:I23),"")) | H24: =IF(ISNUMBER(J24),ABS(J24),0) -> 0 | I24: =IF(ISERROR(VLOOKUP(M24,Cs!$BS$7:$CN$33000,14,FALSE))=FALSE,VLOOKUP(M24,Cs!$BS$7:$CN$33000,14,FALSE),0) -> 0 | J24: =IF(ISERROR(VLOOKUP(M24,Cs!$BS$7:$CN$33000,13,FALSE))=FALSE,VLOOKUP(M24,Cs!$BS$7:$CN$33000,13,FALSE),0) -> 0 | L24: =IF(D24=$L$7,L23+1,L23) -> 0 | M24: =M23+1 -> 16 | O24: =IF($M$1>=M24,TRIM(VLOOKUP(M24,Cs!$BS$7:$CN$33000,18,FALSE)),"") | P24: =IF($M$1>=M24,TRIM(VLOOKUP(M24,Cs!$BS$7:$CN$33000,19,FALSE)),"") | Q24: =IF($M$1>=M24,TRIM(VLOOKUP(M24,Cs!$BS$7:$CN$33000,20,FALSE)),"") | R24: =IF($M$1>=M24,VLOOKUP(M24,Cs!$BS$7:$CN$33000,15,FALSE),"") | U24: 17 | V24: =IF($U$7>=U24,"; "&VLOOKUP(U24,$L$8:$M$28,2,FALSE),"") | W24: =IF($U$7>=U24," _____","") | BA24: 24 | BB24: =IF(BC24<>0,VLOOKUP(MONTH(BC24),$BK$1:$BL$12,2,FALSE)&DAY(BC24),"--") -> -- | BC24: =IF(ISERROR(VLOOKUP(BA24,$BD$1:$BE$366,2,FALSE))=FALSE,VLOOKUP(BA24,$BD$1:$BE$366,2,FALSE),0) -> 0 | BD24: =IF(COUNTIF(Cs!$BT$7:$BT$33000,BE24)<>0,BD23+1,BD23) -> 0 | BE24: =BE23+1 -> 46046 | BF24: =ROUNDUP(COUNTIF(Cs!$BT$7:$BT$33000,BE24)/20,0) -> 0 | BG24: =SUM($BF$1:BF23) -> 0
A25: =IF(AND($M$1>=M25,$M$1>0),M25,"") | B25: =IF(AND($M$1>=M25,$M$1>0),TRIM(VLOOKUP(M25,Cs!$BS$7:$CN$33000,22,FALSE)),"") | C25: =IF(AND($M$1>=M25,$M$1>0),TRIM(VLOOKUP(M25,Cs!$BS$7:$CN$33000,21,FALSE)),"") | D25: =IF(AND($M$1>=M25,$M$1>0),VLOOKUP(R25,Csfi,2,FALSE),"") | E25: =TRIM(IF(AND($M$1>=M25,$M$1>0),O25&" "&P25&" "&Q25,IF($M$1=M24,$T$3,""))) | F25: =IF(AND($M$1>=M25,$M$1>0),SUM(I25:J25),IF($M$1=M24,SUM($H$7:I24),"")) | H25: =IF(ISNUMBER(J25),ABS(J25),0) -> 0 | I25: =IF(ISERROR(VLOOKUP(M25,Cs!$BS$7:$CN$33000,14,FALSE))=FALSE,VLOOKUP(M25,Cs!$BS$7:$CN$33000,14,FALSE),0) -> 0 | J25: =IF(ISERROR(VLOOKUP(M25,Cs!$BS$7:$CN$33000,13,FALSE))=FALSE,VLOOKUP(M25,Cs!$BS$7:$CN$33000,13,FALSE),0) -> 0 | L25: =IF(D25=$L$7,L24+1,L24) -> 0 | M25: =M24+1 -> 17 | O25: =IF($M$1>=M25,TRIM(VLOOKUP(M25,Cs!$BS$7:$CN$33000,18,FALSE)),"") | P25: =IF($M$1>=M25,TRIM(VLOOKUP(M25,Cs!$BS$7:$CN$33000,19,FALSE)),"") | Q25: =IF($M$1>=M25,TRIM(VLOOKUP(M25,Cs!$BS$7:$CN$33000,20,FALSE)),"") | R25: =IF($M$1>=M25,VLOOKUP(M25,Cs!$BS$7:$CN$33000,15,FALSE),"") | U25: 18 | V25: =IF($U$7>=U25,"; "&VLOOKUP(U25,$L$8:$M$28,2,FALSE),"") | W25: =IF($U$7>=U25," _____","") | BA25: 25 | BB25: =IF(BC25<>0,VLOOKUP(MONTH(BC25),$BK$1:$BL$12,2,FALSE)&DAY(BC25),"--") -> -- | BC25: =IF(ISERROR(VLOOKUP(BA25,$BD$1:$BE$366,2,FALSE))=FALSE,VLOOKUP(BA25,$BD$1:$BE$366,2,FALSE),0) -> 0 | BD25: =IF(COUNTIF(Cs!$BT$7:$BT$33000,BE25)<>0,BD24+1,BD24) -> 0 | BE25: =BE24+1 -> 46047 | BF25: =ROUNDUP(COUNTIF(Cs!$BT$7:$BT$33000,BE25)/20,0) -> 0 | BG25: =SUM($BF$1:BF24) -> 0
A26: =IF(AND($M$1>=M26,$M$1>0),M26,"") | B26: =IF(AND($M$1>=M26,$M$1>0),TRIM(VLOOKUP(M26,Cs!$BS$7:$CN$33000,22,FALSE)),"") | C26: =IF(AND($M$1>=M26,$M$1>0),TRIM(VLOOKUP(M26,Cs!$BS$7:$CN$33000,21,FALSE)),"") | D26: =IF(AND($M$1>=M26,$M$1>0),VLOOKUP(R26,Csfi,2,FALSE),"") | E26: =TRIM(IF(AND($M$1>=M26,$M$1>0),O26&" "&P26&" "&Q26,IF($M$1=M25,$T$3,""))) | F26: =IF(AND($M$1>=M26,$M$1>0),SUM(I26:J26),IF($M$1=M25,SUM($H$7:I25),"")) | H26: =IF(ISNUMBER(J26),ABS(J26),0) -> 0 | I26: =IF(ISERROR(VLOOKUP(M26,Cs!$BS$7:$CN$33000,14,FALSE))=FALSE,VLOOKUP(M26,Cs!$BS$7:$CN$33000,14,FALSE),0) -> 0 | J26: =IF(ISERROR(VLOOKUP(M26,Cs!$BS$7:$CN$33000,13,FALSE))=FALSE,VLOOKUP(M26,Cs!$BS$7:$CN$33000,13,FALSE),0) -> 0 | L26: =IF(D26=$L$7,L25+1,L25) -> 0 | M26: =M25+1 -> 18 | O26: =IF($M$1>=M26,TRIM(VLOOKUP(M26,Cs!$BS$7:$CN$33000,18,FALSE)),"") | P26: =IF($M$1>=M26,TRIM(VLOOKUP(M26,Cs!$BS$7:$CN$33000,19,FALSE)),"") | Q26: =IF($M$1>=M26,TRIM(VLOOKUP(M26,Cs!$BS$7:$CN$33000,20,FALSE)),"") | R26: =IF($M$1>=M26,VLOOKUP(M26,Cs!$BS$7:$CN$33000,15,FALSE),"") | U26: 19 | V26: =IF($U$7>=U26,"; "&VLOOKUP(U26,$L$8:$M$28,2,FALSE),"") | W26: =IF($U$7>=U26," _____","") | BA26: 26 | BB26: =IF(BC26<>0,VLOOKUP(MONTH(BC26),$BK$1:$BL$12,2,FALSE)&DAY(BC26),"--") -> -- | BC26: =IF(ISERROR(VLOOKUP(BA26,$BD$1:$BE$366,2,FALSE))=FALSE,VLOOKUP(BA26,$BD$1:$BE$366,2,FALSE),0) -> 0 | BD26: =IF(COUNTIF(Cs!$BT$7:$BT$33000,BE26)<>0,BD25+1,BD25) -> 0 | BE26: =BE25+1 -> 46048 | BF26: =ROUNDUP(COUNTIF(Cs!$BT$7:$BT$33000,BE26)/20,0) -> 0 | BG26: =SUM($BF$1:BF25) -> 0
A27: =IF(AND($M$1>=M27,$M$1>0),M27,"") | B27: =IF(AND($M$1>=M27,$M$1>0),TRIM(VLOOKUP(M27,Cs!$BS$7:$CN$33000,22,FALSE)),"") | C27: =IF(AND($M$1>=M27,$M$1>0),TRIM(VLOOKUP(M27,Cs!$BS$7:$CN$33000,21,FALSE)),"") | D27: =IF(AND($M$1>=M27,$M$1>0),VLOOKUP(R27,Csfi,2,FALSE),"") | E27: =TRIM(IF(AND($M$1>=M27,$M$1>0),O27&" "&P27&" "&Q27,IF($M$1=M26,$T$3,""))) | F27: =IF(AND($M$1>=M27,$M$1>0),SUM(I27:J27),IF($M$1=M26,SUM($H$7:I26),"")) | H27: =IF(ISNUMBER(J27),ABS(J27),0) -> 0 | I27: =IF(ISERROR(VLOOKUP(M27,Cs!$BS$7:$CN$33000,14,FALSE))=FALSE,VLOOKUP(M27,Cs!$BS$7:$CN$33000,14,FALSE),0) -> 0 | J27: =IF(ISERROR(VLOOKUP(M27,Cs!$BS$7:$CN$33000,13,FALSE))=FALSE,VLOOKUP(M27,Cs!$BS$7:$CN$33000,13,FALSE),0) -> 0 | L27: =IF(D27=$L$7,L26+1,L26) -> 0 | M27: =M26+1 -> 19 | O27: =IF($M$1>=M27,TRIM(VLOOKUP(M27,Cs!$BS$7:$CN$33000,18,FALSE)),"") | P27: =IF($M$1>=M27,TRIM(VLOOKUP(M27,Cs!$BS$7:$CN$33000,19,FALSE)),"") | Q27: =IF($M$1>=M27,TRIM(VLOOKUP(M27,Cs!$BS$7:$CN$33000,20,FALSE)),"") | R27: =IF($M$1>=M27,VLOOKUP(M27,Cs!$BS$7:$CN$33000,15,FALSE),"") | U27: 20 | V27: =IF($U$7>=U27,"; "&VLOOKUP(U27,$L$8:$M$28,2,FALSE),"") | W27: =IF($U$7>=U27," _____","") | BA27: 27 | BB27: =IF(BC27<>0,VLOOKUP(MONTH(BC27),$BK$1:$BL$12,2,FALSE)&DAY(BC27),"--") -> -- | BC27: =IF(ISERROR(VLOOKUP(BA27,$BD$1:$BE$366,2,FALSE))=FALSE,VLOOKUP(BA27,$BD$1:$BE$366,2,FALSE),0) -> 0 | BD27: =IF(COUNTIF(Cs!$BT$7:$BT$33000,BE27)<>0,BD26+1,BD26) -> 0 | BE27: =BE26+1 -> 46049 | BF27: =ROUNDUP(COUNTIF(Cs!$BT$7:$BT$33000,BE27)/20,0) -> 0 | BG27: =SUM($BF$1:BF26) -> 0
E28: =TRIM(IF($M$1>=M27,$T$3,"")) | F28: =IF($M$1>=M27,SUM($H$7:I27),"") | BA28: 28 | BB28: =IF(BC28<>0,VLOOKUP(MONTH(BC28),$BK$1:$BL$12,2,FALSE)&DAY(BC28),"--") -> -- | BC28: =IF(ISERROR(VLOOKUP(BA28,$BD$1:$BE$366,2,FALSE))=FALSE,VLOOKUP(BA28,$BD$1:$BE$366,2,FALSE),0) -> 0 | BD28: =IF(COUNTIF(Cs!$BT$7:$BT$33000,BE28)<>0,BD27+1,BD27) -> 0 | BE28: =BE27+1 -> 46050 | BF28: =ROUNDUP(COUNTIF(Cs!$BT$7:$BT$33000,BE28)/20,0) -> 0 | BG28: =SUM($BF$1:BF27) -> 0
A29: =TRIM(IF(U7=1,"A(z) "&V29&". kiadási szám alatt vásárolt tárgy leltári száma: _________",IF(U7>1,"A(z) "&V29&". kiadási számok alatt vásárolt tárgyak leltári száma: "&W29,""))) | J29: A A a | V29: =CONCATENATE(V8,V9,V10,V11,V12,V13,V14,V15,V16,V17,V18,V19,V20,V21,V22,V23,V24,V25,V26,V27) | W29: =CONCATENATE(W8,W9,W10,W11,W12,W13,W14,W15,W16,W17,W18,W19,W20,W21,W22,W23,W24,W25,W26,W27) | BA29: 29 | BB29: =IF(BC29<>0,VLOOKUP(MONTH(BC29),$BK$1:$BL$12,2,FALSE)&DAY(BC29),"--") -> -- | BC29: =IF(ISERROR(VLOOKUP(BA29,$BD$1:$BE$366,2,FALSE))=FALSE,VLOOKUP(BA29,$BD$1:$BE$366,2,FALSE),0) -> 0 | BD29: =IF(COUNTIF(Cs!$BT$7:$BT$33000,BE29)<>0,BD28+1,BD28) -> 0 | BE29: =BE28+1 -> 46051 | BF29: =ROUNDUP(COUNTIF(Cs!$BT$7:$BT$33000,BE29)/20,0) -> 0 | BG29: =SUM($BF$1:BF28) -> 0
A30: Lelkipásztor | E30: Főgondnok | J30: Lelkipásztor | K30: Gondnok | BA30: 30 | BB30: =IF(BC30<>0,VLOOKUP(MONTH(BC30),$BK$1:$BL$12,2,FALSE)&DAY(BC30),"--") -> -- | BC30: =IF(ISERROR(VLOOKUP(BA30,$BD$1:$BE$366,2,FALSE))=FALSE,VLOOKUP(BA30,$BD$1:$BE$366,2,FALSE),0) -> 0 | BD30: =IF(COUNTIF(Cs!$BT$7:$BT$33000,BE30)<>0,BD29+1,BD29) -> 0 | BE30: =BE29+1 -> 46052 | BF30: =ROUNDUP(COUNTIF(Cs!$BT$7:$BT$33000,BE30)/20,0) -> 0 | BG30: =SUM($BF$1:BF29) -> 0
J31: Esperes | K31: Főgondnok | BA31: 31 | BB31: =IF(BC31<>0,VLOOKUP(MONTH(BC31),$BK$1:$BL$12,2,FALSE)&DAY(BC31),"--") -> -- | BC31: =IF(ISERROR(VLOOKUP(BA31,$BD$1:$BE$366,2,FALSE))=FALSE,VLOOKUP(BA31,$BD$1:$BE$366,2,FALSE),0) -> 0 | BD31: =IF(COUNTIF(Cs!$BT$7:$BT$33000,BE31)<>0,BD30+1,BD30) -> 0 | BE31: =BE30+1 -> 46053 | BF31: =ROUNDUP(COUNTIF(Cs!$BT$7:$BT$33000,BE31)/20,0) -> 0 | BG31: =SUM($BF$1:BF30) -> 0
A32: Ellenőrízte | K32: Számvevő | BA32: 32 | BB32: =IF(BC32<>0,VLOOKUP(MONTH(BC32),$BK$1:$BL$12,2,FALSE)&DAY(BC32),"--") -> -- | BC32: =IF(ISERROR(VLOOKUP(BA32,$BD$1:$BE$366,2,FALSE))=FALSE,VLOOKUP(BA32,$BD$1:$BE$366,2,FALSE),0) -> 0 | BD32: =IF(COUNTIF(Cs!$BT$7:$BT$33000,BE32)<>0,BD31+1,BD31) -> 0 | BE32: =BE31+1 -> 46054 | BF32: =ROUNDUP(COUNTIF(Cs!$BT$7:$BT$33000,BE32)/20,0) -> 0 | BG32: =SUM($BF$1:BF31) -> 0
F33: ="pg. "&M4 -> pg. 1 | BA33: 33 | BB33: =IF(BC33<>0,VLOOKUP(MONTH(BC33),$BK$1:$BL$12,2,FALSE)&DAY(BC33),"--") -> -- | BC33: =IF(ISERROR(VLOOKUP(BA33,$BD$1:$BE$366,2,FALSE))=FALSE,VLOOKUP(BA33,$BD$1:$BE$366,2,FALSE),0) -> 0 | BD33: =IF(COUNTIF(Cs!$BT$7:$BT$33000,BE33)<>0,BD32+1,BD32) -> 0 | BE33: =BE32+1 -> 46055 | BF33: =ROUNDUP(COUNTIF(Cs!$BT$7:$BT$33000,BE33)/20,0) -> 0 | BG33: =SUM($BF$1:BF32) -> 0
BA34: 34 | BB34: =IF(BC34<>0,VLOOKUP(MONTH(BC34),$BK$1:$BL$12,2,FALSE)&DAY(BC34),"--") -> -- | BC34: =IF(ISERROR(VLOOKUP(BA34,$BD$1:$BE$366,2,FALSE))=FALSE,VLOOKUP(BA34,$BD$1:$BE$366,2,FALSE),0) -> 0 | BD34: =IF(COUNTIF(Cs!$BT$7:$BT$33000,BE34)<>0,BD33+1,BD33) -> 0 | BE34: =BE33+1 -> 46056 | BF34: =ROUNDUP(COUNTIF(Cs!$BT$7:$BT$33000,BE34)/20,0) -> 0 | BG34: =SUM($BF$1:BF33) -> 0
BA35: 35 | BB35: =IF(BC35<>0,VLOOKUP(MONTH(BC35),$BK$1:$BL$12,2,FALSE)&DAY(BC35),"--") -> -- | BC35: =IF(ISERROR(VLOOKUP(BA35,$BD$1:$BE$366,2,FALSE))=FALSE,VLOOKUP(BA35,$BD$1:$BE$366,2,FALSE),0) -> 0 | BD35: =IF(COUNTIF(Cs!$BT$7:$BT$33000,BE35)<>0,BD34+1,BD34) -> 0 | BE35: =BE34+1 -> 46057 | BF35: =ROUNDUP(COUNTIF(Cs!$BT$7:$BT$33000,BE35)/20,0) -> 0 | BG35: =SUM($BF$1:BF34) -> 0
BA36: 36 | BB36: =IF(BC36<>0,VLOOKUP(MONTH(BC36),$BK$1:$BL$12,2,FALSE)&DAY(BC36),"--") -> -- | BC36: =IF(ISERROR(VLOOKUP(BA36,$BD$1:$BE$366,2,FALSE))=FALSE,VLOOKUP(BA36,$BD$1:$BE$366,2,FALSE),0) -> 0 | BD36: =IF(COUNTIF(Cs!$BT$7:$BT$33000,BE36)<>0,BD35+1,BD35) -> 0 | BE36: =BE35+1 -> 46058 | BF36: =ROUNDUP(COUNTIF(Cs!$BT$7:$BT$33000,BE36)/20,0) -> 0 | BG36: =SUM($BF$1:BF35) -> 0
D37: =TRIM(IF($M$1>=M37,O37&" "&P37&" "&Q37,IF($M$1=M36,$T$3,""))) | BA37: 37 | BB37: =IF(BC37<>0,VLOOKUP(MONTH(BC37),$BK$1:$BL$12,2,FALSE)&DAY(BC37),"--") -> -- | BC37: =IF(ISERROR(VLOOKUP(BA37,$BD$1:$BE$366,2,FALSE))=FALSE,VLOOKUP(BA37,$BD$1:$BE$366,2,FALSE),0) -> 0 | BD37: =IF(COUNTIF(Cs!$BT$7:$BT$33000,BE37)<>0,BD36+1,BD36) -> 0 | BE37: =BE36+1 -> 46059 | BF37: =ROUNDUP(COUNTIF(Cs!$BT$7:$BT$33000,BE37)/20,0) -> 0 | BG37: =SUM($BF$1:BF36) -> 0
D38: =TRIM(IF($M$1>=M38,O38&" "&P38&" "&Q38,IF($M$1=M37,$T$3,""))) | BA38: 38 | BB38: =IF(BC38<>0,VLOOKUP(MONTH(BC38),$BK$1:$BL$12,2,FALSE)&DAY(BC38),"--") -> -- | BC38: =IF(ISERROR(VLOOKUP(BA38,$BD$1:$BE$366,2,FALSE))=FALSE,VLOOKUP(BA38,$BD$1:$BE$366,2,FALSE),0) -> 0 | BD38: =IF(COUNTIF(Cs!$BT$7:$BT$33000,BE38)<>0,BD37+1,BD37) -> 0 | BE38: =BE37+1 -> 46060 | BF38: =ROUNDUP(COUNTIF(Cs!$BT$7:$BT$33000,BE38)/20,0) -> 0 | BG38: =SUM($BF$1:BF37) -> 0
BA39: 39 | BB39: =IF(BC39<>0,VLOOKUP(MONTH(BC39),$BK$1:$BL$12,2,FALSE)&DAY(BC39),"--") -> -- | BC39: =IF(ISERROR(VLOOKUP(BA39,$BD$1:$BE$366,2,FALSE))=FALSE,VLOOKUP(BA39,$BD$1:$BE$366,2,FALSE),0) -> 0 | BD39: =IF(COUNTIF(Cs!$BT$7:$BT$33000,BE39)<>0,BD38+1,BD38) -> 0 | BE39: =BE38+1 -> 46061 | BF39: =ROUNDUP(COUNTIF(Cs!$BT$7:$BT$33000,BE39)/20,0) -> 0 | BG39: =SUM($BF$1:BF38) -> 0
BA40: 40 | BB40: =IF(BC40<>0,VLOOKUP(MONTH(BC40),$BK$1:$BL$12,2,FALSE)&DAY(BC40),"--") -> -- | BC40: =IF(ISERROR(VLOOKUP(BA40,$BD$1:$BE$366,2,FALSE))=FALSE,VLOOKUP(BA40,$BD$1:$BE$366,2,FALSE),0) -> 0 | BD40: =IF(COUNTIF(Cs!$BT$7:$BT$33000,BE40)<>0,BD39+1,BD39) -> 0 | BE40: =BE39+1 -> 46062 | BF40: =ROUNDUP(COUNTIF(Cs!$BT$7:$BT$33000,BE40)/20,0) -> 0 | BG40: =SUM($BF$1:BF39) -> 0
BA41: 41 | BB41: =IF(BC41<>0,VLOOKUP(MONTH(BC41),$BK$1:$BL$12,2,FALSE)&DAY(BC41),"--") -> -- | BC41: =IF(ISERROR(VLOOKUP(BA41,$BD$1:$BE$366,2,FALSE))=FALSE,VLOOKUP(BA41,$BD$1:$BE$366,2,FALSE),0) -> 0 | BD41: =IF(COUNTIF(Cs!$BT$7:$BT$33000,BE41)<>0,BD40+1,BD40) -> 0 | BE41: =BE40+1 -> 46063 | BF41: =ROUNDUP(COUNTIF(Cs!$BT$7:$BT$33000,BE41)/20,0) -> 0 | BG41: =SUM($BF$1:BF40) -> 0
BA42: 42 | BB42: =IF(BC42<>0,VLOOKUP(MONTH(BC42),$BK$1:$BL$12,2,FALSE)&DAY(BC42),"--") -> -- | BC42: =IF(ISERROR(VLOOKUP(BA42,$BD$1:$BE$366,2,FALSE))=FALSE,VLOOKUP(BA42,$BD$1:$BE$366,2,FALSE),0) -> 0 | BD42: =IF(COUNTIF(Cs!$BT$7:$BT$33000,BE42)<>0,BD41+1,BD41) -> 0 | BE42: =BE41+1 -> 46064 | BF42: =ROUNDUP(COUNTIF(Cs!$BT$7:$BT$33000,BE42)/20,0) -> 0 | BG42: =SUM($BF$1:BF41) -> 0
BA43: 43 | BB43: =IF(BC43<>0,VLOOKUP(MONTH(BC43),$BK$1:$BL$12,2,FALSE)&DAY(BC43),"--") -> -- | BC43: =IF(ISERROR(VLOOKUP(BA43,$BD$1:$BE$366,2,FALSE))=FALSE,VLOOKUP(BA43,$BD$1:$BE$366,2,FALSE),0) -> 0 | BD43: =IF(COUNTIF(Cs!$BT$7:$BT$33000,BE43)<>0,BD42+1,BD42) -> 0 | BE43: =BE42+1 -> 46065 | BF43: =ROUNDUP(COUNTIF(Cs!$BT$7:$BT$33000,BE43)/20,0) -> 0 | BG43: =SUM($BF$1:BF42) -> 0
BA44: 44 | BB44: =IF(BC44<>0,VLOOKUP(MONTH(BC44),$BK$1:$BL$12,2,FALSE)&DAY(BC44),"--") -> -- | BC44: =IF(ISERROR(VLOOKUP(BA44,$BD$1:$BE$366,2,FALSE))=FALSE,VLOOKUP(BA44,$BD$1:$BE$366,2,FALSE),0) -> 0 | BD44: =IF(COUNTIF(Cs!$BT$7:$BT$33000,BE44)<>0,BD43+1,BD43) -> 0 | BE44: =BE43+1 -> 46066 | BF44: =ROUNDUP(COUNTIF(Cs!$BT$7:$BT$33000,BE44)/20,0) -> 0 | BG44: =SUM($BF$1:BF43) -> 0
BA45: 45 | BB45: =IF(BC45<>0,VLOOKUP(MONTH(BC45),$BK$1:$BL$12,2,FALSE)&DAY(BC45),"--") -> -- | BC45: =IF(ISERROR(VLOOKUP(BA45,$BD$1:$BE$366,2,FALSE))=FALSE,VLOOKUP(BA45,$BD$1:$BE$366,2,FALSE),0) -> 0 | BD45: =IF(COUNTIF(Cs!$BT$7:$BT$33000,BE45)<>0,BD44+1,BD44) -> 0 | BE45: =BE44+1 -> 46067 | BF45: =ROUNDUP(COUNTIF(Cs!$BT$7:$BT$33000,BE45)/20,0) -> 0 | BG45: =SUM($BF$1:BF44) -> 0
BA46: 46 | BB46: =IF(BC46<>0,VLOOKUP(MONTH(BC46),$BK$1:$BL$12,2,FALSE)&DAY(BC46),"--") -> -- | BC46: =IF(ISERROR(VLOOKUP(BA46,$BD$1:$BE$366,2,FALSE))=FALSE,VLOOKUP(BA46,$BD$1:$BE$366,2,FALSE),0) -> 0 | BD46: =IF(COUNTIF(Cs!$BT$7:$BT$33000,BE46)<>0,BD45+1,BD45) -> 0 | BE46: =BE45+1 -> 46068 | BF46: =ROUNDUP(COUNTIF(Cs!$BT$7:$BT$33000,BE46)/20,0) -> 0 | BG46: =SUM($BF$1:BF45) -> 0
BA47: 47 | BB47: =IF(BC47<>0,VLOOKUP(MONTH(BC47),$BK$1:$BL$12,2,FALSE)&DAY(BC47),"--") -> -- | BC47: =IF(ISERROR(VLOOKUP(BA47,$BD$1:$BE$366,2,FALSE))=FALSE,VLOOKUP(BA47,$BD$1:$BE$366,2,FALSE),0) -> 0 | BD47: =IF(COUNTIF(Cs!$BT$7:$BT$33000,BE47)<>0,BD46+1,BD46) -> 0 | BE47: =BE46+1 -> 46069 | BF47: =ROUNDUP(COUNTIF(Cs!$BT$7:$BT$33000,BE47)/20,0) -> 0 | BG47: =SUM($BF$1:BF46) -> 0
BA48: 48 | BB48: =IF(BC48<>0,VLOOKUP(MONTH(BC48),$BK$1:$BL$12,2,FALSE)&DAY(BC48),"--") -> -- | BC48: =IF(ISERROR(VLOOKUP(BA48,$BD$1:$BE$366,2,FALSE))=FALSE,VLOOKUP(BA48,$BD$1:$BE$366,2,FALSE),0) -> 0 | BD48: =IF(COUNTIF(Cs!$BT$7:$BT$33000,BE48)<>0,BD47+1,BD47) -> 0 | BE48: =BE47+1 -> 46070 | BF48: =ROUNDUP(COUNTIF(Cs!$BT$7:$BT$33000,BE48)/20,0) -> 0 | BG48: =SUM($BF$1:BF47) -> 0
BA49: 49 | BB49: =IF(BC49<>0,VLOOKUP(MONTH(BC49),$BK$1:$BL$12,2,FALSE)&DAY(BC49),"--") -> -- | BC49: =IF(ISERROR(VLOOKUP(BA49,$BD$1:$BE$366,2,FALSE))=FALSE,VLOOKUP(BA49,$BD$1:$BE$366,2,FALSE),0) -> 0 | BD49: =IF(COUNTIF(Cs!$BT$7:$BT$33000,BE49)<>0,BD48+1,BD48) -> 0 | BE49: =BE48+1 -> 46071 | BF49: =ROUNDUP(COUNTIF(Cs!$BT$7:$BT$33000,BE49)/20,0) -> 0 | BG49: =SUM($BF$1:BF48) -> 0
BA50: 50 | BB50: =IF(BC50<>0,VLOOKUP(MONTH(BC50),$BK$1:$BL$12,2,FALSE)&DAY(BC50),"--") -> -- | BC50: =IF(ISERROR(VLOOKUP(BA50,$BD$1:$BE$366,2,FALSE))=FALSE,VLOOKUP(BA50,$BD$1:$BE$366,2,FALSE),0) -> 0 | BD50: =IF(COUNTIF(Cs!$BT$7:$BT$33000,BE50)<>0,BD49+1,BD49) -> 0 | BE50: =BE49+1 -> 46072 | BF50: =ROUNDUP(COUNTIF(Cs!$BT$7:$BT$33000,BE50)/20,0) -> 0 | BG50: =SUM($BF$1:BF49) -> 0
... BA366: 366 | BB366: =IF(BC366<>0,VLOOKUP(MONTH(BC366),$BK$1:$BL$12,2,FALSE)&DAY(BC366),"--") -> -- | BC366: =IF(ISERROR(VLOOKUP(BA366,$BD$1:$BE$366,2,FALSE))=FALSE,VLOOKUP(BA366,$BD$1:$BE$366,2,FALSE),0) -> 0 | BD366: =IF(COUNTIF(Cs!$BT$7:$BT$33000,BE366)<>0,BD365+1,BD365) -> 0 | BE366: =BE365+1 -> 46388 | BF366: =ROUNDUP(COUNTIF(Cs!$BT$7:$BT$33000,BE366)/20,0) -> 0 | BG366: =SUM($BF$1:BF365) -> 0
BB367: =IF(BC367<>0,VLOOKUP(MONTH(BC367),$BK$1:$BL$12,2,FALSE)&DAY(BC367),"--") -> Jan. 1 | BC367: =DATE(Cs!CJ1,1,1) -> 46023

Sheet Fo_konyv
A1: A jobboldali, zöld cellában hónapot választhatsz | H1: Január | J1: V: 7.4a | M1: =IF(ISERROR(VLOOKUP(H1,X1:Y12,2,FALSE))=FALSE,H1,X1) -> Január | N1: Kezd | O1: =ROUND(MIN(AO1:AO31),0) -> 0 | P1: ="<"&O1 -> <0 | Q1: =SUMIF(Cs!$CB$7:$CB$10000,P1,Cs!$CE$7:$CE$10000) -> 0 | R1: =SUMIF(Cs!$CB$7:$CB$10000,P1,Cs!$CF$7:$CF$10000) -> 0 | U1: Total luna | V1: A kiválaszott hónap főkönyve | X1: Január | Y1: 1 | Z1: LUNA IANUARIE | AA1: 31 | AM1: 1 | AN1: =DATE(Cs!$CJ$1,$M$2,AM1) -> 46023 | AO1: =IF(ISERROR(VLOOKUP(AN1,Cs!$CC$7:$CD$33000,2,FALSE))=FALSE,VLOOKUP(AN1,Cs!$CC$7:$CD$33000,2,FALSE),"") | AP1: =COUNTIF(Cs!$CC$7:$CC$33000,AN1) -> 0 | AQ1: =SUM(AO1:AP1) -> 0 | AW1: =MATCH("www",AZ1:AZ100,0)-1 -> 1 | AZ1: =BA1&" - "&BE1 -> 1 - 10 | BA1: 1 | BB1: 10 | BC1: =BB1*$M$3 -> 400 | BD1: 1 | BE1: =IF(AND($O$4>=BA1,$O$4<=BB1),$O$4,BB1) -> 10 | BF1: =AZ1 -> 1 - 10 | BQ1: =SUMIF(Cs!$CB$10007:$CB$33000,P1,Cs!$CE$10007:$CE$33000) -> 0 | BR1: =SUMIF(Cs!$CB$10007:$CB$33000,P1,Cs!$CF$10007:$CF$33000) -> 0
A2: =IF(O4>10,V1&O4&V2&M4&V3&V7,"A kiválasztott főkönyvben "&O4&" lap van.") -> A kiválasztott főkönyvben 0 lap van. | M2: =IF(ISERROR(VLOOKUP(M1,X1:Y12,2,FALSE))=FALSE,VLOOKUP(M1,X1:Y12,2,FALSE),Y1) -> 1 | N2: Végez | O2: =ROUND(MAX(AQ1:AQ31)-1,0) -> -1 | P2: ="<="&O2 -> <=-1 | Q2: =SUMIF(Cs!$CB$7:$CB$10000,P2,Cs!$CE$7:$CE$10000) -> 0 | R2: =SUMIF(Cs!$CB$7:$CB$10000,P2,Cs!$CF$7:$CF$10000) -> 0 | U2: Total rulaj | V2: lapra listázható. Ebből jelenleg a(z) | X2: Február | Y2: 2 | Z2: LUNA FEBRUARIE | AA2: =IF(MOD(Cs!$CJ$1,4)=0,29,28) -> 28 | AB2: =DATE(Cs!$CJ$1,Y2,1) -> 46054 | AC2: ="<"&AB2 -> <46054 | AD2: =COUNTIF(Cs!$CC$7:$CC$33000,AC2) -> 0 | AE2: =AD2-AD1 -> 0 | AF2: =ROUNDUP(AE2/$M$3,0) -> 0 | AG2: =SUM($AF$1:AF2) -> 0 | AM2: 2 | AN2: =DATE(Cs!$CJ$1,$M$2,AM2) -> 46024 | AO2: =IF(ISERROR(VLOOKUP(AN2,Cs!$CC$7:$CD$33000,2,FALSE))=FALSE,VLOOKUP(AN2,Cs!$CC$7:$CD$33000,2,FALSE),"") | AP2: =COUNTIF(Cs!$CC$7:$CC$33000,AN2) -> 0 | AQ2: =SUM(AO2:AP2) -> 0 | AT2: A A | AW2: =IF(ISERROR(VLOOKUP(H3,$AZ$1:$BD$100,5,FALSE))=TRUE,1,0) -> 1 | AZ2: =IF($O$3>=BC1,BA2&" - "&BE2,"www") -> www | BA2: 11 | BB2: 20 | BC2: =BB2*$M$3 -> 800 | BD2: =BC1+1 -> 401 | BE2: =IF(AND($O$4>=BA2,$O$4<=BB2),$O$4,BB2) -> 20 | BF2: =AZ2 -> www | BQ2: =SUMIF(Cs!$CB$10007:$CB$33000,P2,Cs!$CE$10007:$CE$33000) -> 0 | BR2: =SUMIF(Cs!$CB$10007:$CB$33000,P2,Cs!$CF$10007:$CF$33000) -> 0
M3: 40 | N3: Össz sor | O3: =SUM(O2,-O1,1) -> 0 | Q3: =SUM(Q2,-Q1) -> 0 | R3: =SUM(R2,-R1) -> 0 | U3: Sold numerar(6-8) / Sold bancă (7-9) | V3: . lap látszik. | X3: Március | Y3: 3 | Z3: LUNA MARTIE | AA3: 31 | AB3: =DATE(Cs!$CJ$1,Y3,1) -> 46082 | AC3: ="<"&AB3 -> <46082 | AD3: =COUNTIF(Cs!$CC$7:$CC$33000,AC3) -> 0 | AE3: =AD3-AD2 -> 0 | AF3: =ROUNDUP(AE3/$M$3,0) -> 0 | AG3: =SUM($AF$1:AF3) -> 0 | AM3: 3 | AN3: =DATE(Cs!$CJ$1,$M$2,AM3) -> 46025 | AO3: =IF(ISERROR(VLOOKUP(AN3,Cs!$CC$7:$CD$33000,2,FALSE))=FALSE,VLOOKUP(AN3,Cs!$CC$7:$CD$33000,2,FALSE),"") | AP3: =COUNTIF(Cs!$CC$7:$CC$33000,AN3) -> 0 | AQ3: =SUM(AO3:AP3) -> 0 | AZ3: =IF($O$3>=BC2,BA3&" - "&BE3,"www") -> www | BA3: 21 | BB3: 30 | BC3: =BB3*$M$3 -> 1200 | BD3: =BC2+1 -> 801 | BE3: =IF(AND($O$4>=BA3,$O$4<=BB3),$O$4,BB3) -> 30 | BF3: =AZ3 -> www | BQ3: =SUM(BQ2,-BQ1) -> 0 | BR3: =SUM(BR2,-BR1) -> 0
M4: =VLOOKUP(O5,BA1:BF100,6,FALSE) -> 1 - 10 | N4: Össz lap | O4: =ROUNDUP(O3/M3,0) -> 0 | Q4: bevétel | R4: kiadás | U4: De reportat pagina: | X4: Április | Y4: 4 | Z4: LUNA APRILIE | AA4: 30 | AB4: =DATE(Cs!$CJ$1,Y4,1) -> 46113 | AC4: ="<"&AB4 -> <46113 | AD4: =COUNTIF(Cs!$CC$7:$CC$33000,AC4) -> 0 | AE4: =AD4-AD3 -> 0 | AF4: =ROUNDUP(AE4/$M$3,0) -> 0 | AG4: =SUM($AF$1:AF4) -> 0 | AM4: 4 | AN4: =DATE(Cs!$CJ$1,$M$2,AM4) -> 46026 | AO4: =IF(ISERROR(VLOOKUP(AN4,Cs!$CC$7:$CD$33000,2,FALSE))=FALSE,VLOOKUP(AN4,Cs!$CC$7:$CD$33000,2,FALSE),"") | AP4: =COUNTIF(Cs!$CC$7:$CC$33000,AN4) -> 0 | AQ4: =SUM(AO4:AP4) -> 0 | AZ4: =IF($O$3>=BC3,BA4&" - "&BE4,"www") -> www | BA4: 31 | BB4: 40 | BC4: =BB4*$M$3 -> 1600 | BD4: =BC3+1 -> 1201 | BE4: =IF(AND($O$4>=BA4,$O$4<=BB4),$O$4,BB4) -> 40 | BF4: =AZ4 -> www | BQ4: bevétel | BR4: kiadás
A5: Unitate: | B5: =TRIM(Cs!CK1&" "&Cs!CL1) -> 0 Ref. Egyházközség | G5: =VLOOKUP(M1,X1:Z12,3,FALSE)&" ANUL "&Cs!CJ1 -> LUNA IANUARIE ANUL 2026 | M5: =MAX(N12:N1000) -> 1 | N5: jel lap | O5: =IF(ISERROR(VLOOKUP(I2,$AZ$1:$BD$100,5,FALSE))=TRUE,1,IF(OR(I2=0,I2="",VLOOKUP(I2,$AZ$1:$BD$100,5,FALSE)>=O3),1,VLOOKUP(I2,$AZ$1:$BD$100,2,FALSE))) -> 1 | P5: ="<"&M12 -> <0 | Q5: =SUMIF(Cs!$CB$7:$CB$10000,$P$5,Cs!$CE$7:$CE$10000) -> 0 | R5: =SUMIF(Cs!$CB$7:$CB$10000,$P$5,Cs!$CF$7:$CF$10000) -> 0 | U5: Report din luna precedentă: | X5: Május | Y5: 5 | Z5: LUNA MAI | AA5: 31 | AB5: =DATE(Cs!$CJ$1,Y5,1) -> 46143 | AC5: ="<"&AB5 -> <46143 | AD5: =COUNTIF(Cs!$CC$7:$CC$33000,AC5) -> 0 | AE5: =AD5-AD4 -> 0 | AF5: =ROUNDUP(AE5/$M$3,0) -> 0 | AG5: =SUM($AF$1:AF5) -> 0 | AM5: 5 | AN5: =DATE(Cs!$CJ$1,$M$2,AM5) -> 46027 | AO5: =IF(ISERROR(VLOOKUP(AN5,Cs!$CC$7:$CD$33000,2,FALSE))=FALSE,VLOOKUP(AN5,Cs!$CC$7:$CD$33000,2,FALSE),"") | AP5: =COUNTIF(Cs!$CC$7:$CC$33000,AN5) -> 0 | AQ5: =SUM(AO5:AP5) -> 0 | AZ5: =IF($O$3>=BC4,BA5&" - "&BE5,"www") -> www | BA5: 41 | BB5: 50 | BC5: =BB5*$M$3 -> 2000 | BD5: =BC4+1 -> 1601 | BE5: =IF(AND($O$4>=BA5,$O$4<=BB5),$O$4,BB5) -> 50 | BF5: =AZ5 -> www | BQ5: =SUMIF(Cs!$CB$10007:$CB$33000,$P$5,Cs!$CE$10007:$CE$33000) -> 0 | BR5: =SUMIF(Cs!$CB$10007:$CB$33000,$P$5,Cs!$CF$10007:$CF$33000) -> 0
A6: REGISTRUL-JURNAL DE ÎNCASĂRI ŞI PLĂŢI | M6: =MATCH(M5,N12:N1000,0)+11 -> 55 | N6: lapszám | O6: =VLOOKUP(M1,X1:AG12,10,FALSE) -> 0 | Q6: =SUM(Cs!CQ1) -> 0 | U6: Report pagina precedentă: | X6: Június | Y6: 6 | Z6: LUNA IUNIE | AA6: 30 | AB6: =DATE(Cs!$CJ$1,Y6,1) -> 46174 | AC6: ="<"&AB6 -> <46174 | AD6: =COUNTIF(Cs!$CC$7:$CC$33000,AC6) -> 0 | AE6: =AD6-AD5 -> 0 | AF6: =ROUNDUP(AE6/$M$3,0) -> 0 | AG6: =SUM($AF$1:AF6) -> 0 | AM6: 6 | AN6: =DATE(Cs!$CJ$1,$M$2,AM6) -> 46028 | AO6: =IF(ISERROR(VLOOKUP(AN6,Cs!$CC$7:$CD$33000,2,FALSE))=FALSE,VLOOKUP(AN6,Cs!$CC$7:$CD$33000,2,FALSE),"") | AP6: =COUNTIF(Cs!$CC$7:$CC$33000,AN6) -> 0 | AQ6: =SUM(AO6:AP6) -> 0 | AZ6: =IF($O$3>=BC5,BA6&" - "&BE6,"www") -> www | BA6: 51 | BB6: 60 | BC6: =BB6*$M$3 -> 2400 | BD6: =BC5+1 -> 2001 | BE6: =IF(AND($O$4>=BA6,$O$4<=BB6),$O$4,BB6) -> 60 | BF6: =AZ6 -> www | BQ6: =SUM(Cs!CQ2:CQ21) -> 0
U7: Sold total (6+7) | V7: =IF(O4>5,"A jobboldali zöld cellában lehet kiválasztani a listázni kívánt lapok számát.","") | X7: Július | Y7: 7 | Z7: LUNA IULIE | AA7: 31 | AB7: =DATE(Cs!$CJ$1,Y7,1) -> 46204 | AC7: ="<"&AB7 -> <46204 | AD7: =COUNTIF(Cs!$CC$7:$CC$33000,AC7) -> 0 | AE7: =AD7-AD6 -> 0 | AF7: =ROUNDUP(AE7/$M$3,0) -> 0 | AG7: =SUM($AF$1:AF7) -> 0 | AM7: 7 | AN7: =DATE(Cs!$CJ$1,$M$2,AM7) -> 46029 | AO7: =IF(ISERROR(VLOOKUP(AN7,Cs!$CC$7:$CD$33000,2,FALSE))=FALSE,VLOOKUP(AN7,Cs!$CC$7:$CD$33000,2,FALSE),"") | AP7: =COUNTIF(Cs!$CC$7:$CC$33000,AN7) -> 0 | AQ7: =SUM(AO7:AP7) -> 0 | AZ7: =IF($O$3>=BC6,BA7&" - "&BE7,"www") -> www | BA7: 61 | BB7: 70 | BC7: =BB7*$M$3 -> 2800 | BD7: =BC6+1 -> 2401 | BE7: =IF(AND($O$4>=BA7,$O$4<=BB7),$O$4,BB7) -> 70 | BF7: =AZ7 -> www | CC7: =IF($O$2>=M7,IF(ISERROR(VLOOKUP(M7,Cs!$CB$10007:$CI$33000,5,FALSE))=TRUE,"",IF(VLOOKUP(M7,Cs!$CB$10007:$CI$33000,5,FALSE)<>0,VLOOKUP(M7,Cs!$CB$10007:$CI$33000,5,FALSE),"")),"")
A8: Nr. | B8: Data | C8: Document | F8: Explicaţii | G8: Încasări | I8: Plăți | K8: Simb. | X8: Augusztus | Y8: 8 | Z8: LUNA AUGUST | AA8: 31 | AB8: =DATE(Cs!$CJ$1,Y8,1) -> 46235 | AC8: ="<"&AB8 -> <46235 | AD8: =COUNTIF(Cs!$CC$7:$CC$33000,AC8) -> 0 | AE8: =AD8-AD7 -> 0 | AF8: =ROUNDUP(AE8/$M$3,0) -> 0 | AG8: =SUM($AF$1:AF8) -> 0 | AM8: 8 | AN8: =DATE(Cs!$CJ$1,$M$2,AM8) -> 46030 | AO8: =IF(ISERROR(VLOOKUP(AN8,Cs!$CC$7:$CD$33000,2,FALSE))=FALSE,VLOOKUP(AN8,Cs!$CC$7:$CD$33000,2,FALSE),"") | AP8: =COUNTIF(Cs!$CC$7:$CC$33000,AN8) -> 0 | AQ8: =SUM(AO8:AP8) -> 0 | AZ8: =IF($O$3>=BC7,BA8&" - "&BE8,"www") -> www | BA8: 71 | BB8: 80 | BC8: =BB8*$M$3 -> 3200 | BD8: =BC7+1 -> 2801 | BE8: =IF(AND($O$4>=BA8,$O$4<=BB8),$O$4,BB8) -> 80 | BF8: =AZ8 -> www
A9: crt. | B9: inreg. | C9: Fel | E9: Numar | G9: Numerar | H9: Bancă | I9: Numerar | J9: Bancă | K9: cont. | M9: Szám | O9: =Cs!CP1 -> kassza | X9: Szeptember | Y9: 9 | Z9: LUNA SEPTEMBRIE | AA9: 30 | AB9: =DATE(Cs!$CJ$1,Y9,1) -> 46266 | AC9: ="<"&AB9 -> <46266 | AD9: =COUNTIF(Cs!$CC$7:$CC$33000,AC9) -> 0 | AE9: =AD9-AD8 -> 0 | AF9: =ROUNDUP(AE9/$M$3,0) -> 0 | AG9: =SUM($AF$1:AF9) -> 0 | AM9: 9 | AN9: =DATE(Cs!$CJ$1,$M$2,AM9) -> 46031 | AO9: =IF(ISERROR(VLOOKUP(AN9,Cs!$CC$7:$CD$33000,2,FALSE))=FALSE,VLOOKUP(AN9,Cs!$CC$7:$CD$33000,2,FALSE),"") | AP9: =COUNTIF(Cs!$CC$7:$CC$33000,AN9) -> 0 | AQ9: =SUM(AO9:AP9) -> 0 | AZ9: =IF($O$3>=BC8,BA9&" - "&BE9,"www") -> www | BA9: 81 | BB9: 90 | BC9: =BB9*$M$3 -> 3600 | BD9: =BC8+1 -> 3201 | BE9: =IF(AND($O$4>=BA9,$O$4<=BB9),$O$4,BB9) -> 90 | BF9: =AZ9 -> www
A10: 1 | B10: 2 | C10: 3 | E10: 4 | F10: 5 | G10: 6 | H10: 7 | I10: 8 | J10: 9 | K10: 10 | M10: Szám | O10: tömb | P10: sor | Q10: magy | R10: megj | S10: megj 2 | T10: bev | U10: kiad | V10: költvet | X10: Október | Y10: 10 | Z10: LUNA OCTOMBRIE | AA10: 31 | AB10: =DATE(Cs!$CJ$1,Y10,1) -> 46296 | AC10: ="<"&AB10 -> <46296 | AD10: =COUNTIF(Cs!$CC$7:$CC$33000,AC10) -> 0 | AE10: =AD10-AD9 -> 0 | AF10: =ROUNDUP(AE10/$M$3,0) -> 0 | AG10: =SUM($AF$1:AF10) -> 0 | AM10: 10 | AN10: =DATE(Cs!$CJ$1,$M$2,AM10) -> 46032 | AO10: =IF(ISERROR(VLOOKUP(AN10,Cs!$CC$7:$CD$33000,2,FALSE))=FALSE,VLOOKUP(AN10,Cs!$CC$7:$CD$33000,2,FALSE),"") | AP10: =COUNTIF(Cs!$CC$7:$CC$33000,AN10) -> 0 | AQ10: =SUM(AO10:AP10) -> 0 | AZ10: =IF($O$3>=BC9,BA10&" - "&BE10,"www") -> www | BA10: 91 | BB10: 100 | BC10: =BB10*$M$3 -> 4000 | BD10: =BC9+1 -> 3601 | BE10: =IF(AND($O$4>=BA10,$O$4<=BB10),$O$4,BB10) -> 100 | BF10: =AZ10 -> www
F11: =IF(O5=1,U5,U6) -> Report din luna precedentă: | G11: =ROUND(SUM(Q5:Q6),2) -> 0 | H11: =ROUND(SUM(BQ5:BQ6),2) -> 0 | I11: =ROUND(R5,2) -> 0 | J11: =ROUND(BR5,2) -> 0 | M11: =SUM(O5,-1)*M3 -> 0 | X11: November | Y11: 11 | Z11: LUNA NOIEMBRIE | AA11: 30 | AB11: =DATE(Cs!$CJ$1,Y11,1) -> 46327 | AC11: ="<"&AB11 -> <46327 | AD11: =COUNTIF(Cs!$CC$7:$CC$33000,AC11) -> 0 | AE11: =AD11-AD10 -> 0 | AF11: =ROUNDUP(AE11/$M$3,0) -> 0 | AG11: =SUM($AF$1:AF11) -> 0 | AM11: 11 | AN11: =DATE(Cs!$CJ$1,$M$2,AM11) -> 46033 | AO11: =IF(ISERROR(VLOOKUP(AN11,Cs!$CC$7:$CD$33000,2,FALSE))=FALSE,VLOOKUP(AN11,Cs!$CC$7:$CD$33000,2,FALSE),"") | AP11: =COUNTIF(Cs!$CC$7:$CC$33000,AN11) -> 0 | AQ11: =SUM(AO11:AP11) -> 0 | AZ11: =IF($O$3>=BC10,BA11&" - "&BE11,"www") -> www | BA11: 101 | BB11: 110 | BC11: =BB11*$M$3 -> 4400 | BD11: =BC10+1 -> 4001 | BE11: =IF(AND($O$4>=BA11,$O$4<=BB11),$O$4,BB11) -> 110 | BF11: =AZ11 -> www
A12: =IF($O$2>=M12,M12,"") | B12: =IF($O$2>=M12,VLOOKUP(M12,Cs!$CB$7:$CI$33000,2,FALSE),"") | C12: =IF($O$2>=M12,VLOOKUP(M12,Cs!$CB$7:$CN$33000,12,FALSE),"") | D12: =IF($O$2>=M12,IF(O12=$O$9,"",UPPER(LEFT(O12,1))),"") | E12: =IF($O$2>=M12,VLOOKUP(M12,Cs!$CB$7:$CN$33000,13,FALSE),"") | F12: =TRIM(IF(M12<=$O$2,Q12&" "&R12&" "&S12,IF(M11=$O$2,$U$1,IF(M10=$O$2,$U$2,IF(M9=$O$2,$U$3,IF(M8=$O$2,$U$7,"")))))) | G12: =IF(M12<=$O$2,T12,IF(M11=$O$2,$Q$3,IF(M10=$O$2,SUM($G$11:G11),IF(M9=$O$2,SUM(G11,-I11),IF(M8=$O$2,SUM(G11,H11),""))))) | H12: =IF(M12<=$O$2,CB12,IF(M11=$O$2,$BQ$3,IF(M10=$O$2,SUM($H$11:H11),IF(M9=$O$2,SUM(H11,-J11),"")))) | I12: =IF(M12<=$O$2,U12,IF(M11=$O$2,$R$3,IF(M10=$O$2,SUM($I$11:I11),""))) | J12: =IF(M12<=$O$2,CC12,IF(M11=$O$2,$BR$3,IF(M10=$O$2,SUM($J$11:J11),""))) | K12: =IF($O$2>=M12,VLOOKUP(V12,Csfi,2,FALSE),"") | M12: =SUM(O1,M11) -> 0 | O12: =IF($O$2>=M12,VLOOKUP(M12,Cs!$CB$7:$CI$33000,8,FALSE),"") | P12: =IF($O$2>=M12,VLOOKUP(M12,Cs!$CB$7:$CI$33000,7,FALSE),"") | Q12: =IF($O$2>=M12,IF(VLOOKUP(M12,Cs!$CB$7:$CN$33000,9,FALSE)<>0,VLOOKUP(M12,Cs!$CB$7:$CN$33000,9,FALSE),""),"") | R12: =IF($O$2>=M12,VLOOKUP(M12,Cs!$CB$7:$CN$33000,10,FALSE),"") | S12: =IF($O$2>=M12,VLOOKUP(M12,Cs!$CB$7:$CN$33000,11,FALSE),"") | T12: =IF($O$2>=M12,IF(ISERROR(VLOOKUP(M12,Cs!$CB$7:$CI$10000,4,FALSE))=TRUE,"",IF(VLOOKUP(M12,Cs!$CB$7:$CI$10000,4,FALSE)<>0,VLOOKUP(M12,Cs!$CB$7:$CI$10000,4,FALSE),"")),"") | U12: =IF($O$2>=M12,IF(ISERROR(VLOOKUP(M12,Cs!$CB$7:$CI$10000,5,FALSE))=TRUE,"",IF(VLOOKUP(M12,Cs!$CB$7:$CI$10000,5,FALSE)<>0,VLOOKUP(M12,Cs!$CB$7:$CI$10000,5,FALSE),"")),"") | V12: =IF($O$2>=M12,VLOOKUP(M12,Cs!$CB$7:$CI$33000,6,FALSE),"") | X12: December | Y12: 12 | Z12: LUNA DECEMBRIE | AA12: 31 | AB12: =DATE(Cs!$CJ$1,Y12,1) -> 46357 | AC12: ="<"&AB12 -> <46357 | AD12: =COUNTIF(Cs!$CC$7:$CC$33000,AC12) -> 0 | AE12: =AD12-AD11 -> 0 | AF12: =ROUNDUP(AE12/$M$3,0) -> 0 | AG12: =SUM($AF$1:AF12) -> 0 | AM12: 12 | AN12: =DATE(Cs!$CJ$1,$M$2,AM12) -> 46034 | AO12: =IF(ISERROR(VLOOKUP(AN12,Cs!$CC$7:$CD$33000,2,FALSE))=FALSE,VLOOKUP(AN12,Cs!$CC$7:$CD$33000,2,FALSE),"") | AP12: =COUNTIF(Cs!$CC$7:$CC$33000,AN12) -> 0 | AQ12: =SUM(AO12:AP12) -> 0 | AZ12: =IF($O$3>=BC11,BA12&" - "&BE12,"www") -> www | BA12: 111 | BB12: 120 | BC12: =BB12*$M$3 -> 4800 | BD12: =BC11+1 -> 4401 | BE12: =IF(AND($O$4>=BA12,$O$4<=BB12),$O$4,BB12) -> 120 | BF12: =AZ12 -> www | CB12: =IF($O$2>=M12,IF(ISERROR(VLOOKUP(M12,Cs!$CB$10007:$CI$33000,4,FALSE))=TRUE,"",IF(VLOOKUP(M12,Cs!$CB$10007:$CI$33000,4,FALSE)<>0,VLOOKUP(M12,Cs!$CB$10007:$CI$33000,4,FALSE),"")),"") | CC12: =IF($O$2>=M12,IF(ISERROR(VLOOKUP(M12,Cs!$CB$10007:$CI$33000,5,FALSE))=TRUE,"",IF(VLOOKUP(M12,Cs!$CB$10007:$CI$33000,5,FALSE)<>0,VLOOKUP(M12,Cs!$CB$10007:$CI$33000,5,FALSE),"")),"")
