Workbook

Sheet Adatok
A1: =DP!W1 -> p | M1: 46023 | O1: Kifizetés | P1: PLATĂ | Q1: p
K2: V: DP_1.2 | M2: 46387 | O2: Bevételezés | P2: INCASARE | Q2: s
B3: Nr | C3: Kifizetés/ Bevételezés | D3: Név | E3: Tisztség | F3: Összeg | G3: Kifizetés / bevételezés célja | H3: Dátum | I3: Személyazonossági (CI, BI, Passport stb) | J3: Seria | K3: Nr
A4: =IF($A$1=Q4,A3+1,A3) -> 0 | B4: =COUNTIF($C$4:C4,C4) -> 0 | Q4: =IF(ISERROR(VLOOKUP(C4,$O$1:$Q$2,3,FALSE))=TRUE,0,VLOOKUP(C4,$O$1:$Q$2,3,FALSE)) -> 0
A5: =IF($A$1=Q5,A4+1,A4) -> 0 | B5: =COUNTIF($C$4:C5,C5) -> 0 | Q5: =IF(ISERROR(VLOOKUP(C5,$O$1:$Q$2,3,FALSE))=TRUE,0,VLOOKUP(C5,$O$1:$Q$2,3,FALSE)) -> 0
A6: =IF($A$1=Q6,A5+1,A5) -> 0 | B6: =COUNTIF($C$4:C6,C6) -> 0 | Q6: =IF(ISERROR(VLOOKUP(C6,$O$1:$Q$2,3,FALSE))=TRUE,0,VLOOKUP(C6,$O$1:$Q$2,3,FALSE)) -> 0
A7: =IF($A$1=Q7,A6+1,A6) -> 0 | B7: =COUNTIF($C$4:C7,C7) -> 0 | Q7: =IF(ISERROR(VLOOKUP(C7,$O$1:$Q$2,3,FALSE))=TRUE,0,VLOOKUP(C7,$O$1:$Q$2,3,FALSE)) -> 0
A8: =IF($A$1=Q8,A7+1,A7) -> 0 | B8: =COUNTIF($C$4:C8,C8) -> 0 | Q8: =IF(ISERROR(VLOOKUP(C8,$O$1:$Q$2,3,FALSE))=TRUE,0,VLOOKUP(C8,$O$1:$Q$2,3,FALSE)) -> 0
A9: =IF($A$1=Q9,A8+1,A8) -> 0 | B9: =COUNTIF($C$4:C9,C9) -> 0 | Q9: =IF(ISERROR(VLOOKUP(C9,$O$1:$Q$2,3,FALSE))=TRUE,0,VLOOKUP(C9,$O$1:$Q$2,3,FALSE)) -> 0
A10: =IF($A$1=Q10,A9+1,A9) -> 0 | B10: =COUNTIF($C$4:C10,C10) -> 0 | Q10: =IF(ISERROR(VLOOKUP(C10,$O$1:$Q$2,3,FALSE))=TRUE,0,VLOOKUP(C10,$O$1:$Q$2,3,FALSE)) -> 0
A11: =IF($A$1=Q11,A10+1,A10) -> 0 | B11: =COUNTIF($C$4:C11,C11) -> 0 | Q11: =IF(ISERROR(VLOOKUP(C11,$O$1:$Q$2,3,FALSE))=TRUE,0,VLOOKUP(C11,$O$1:$Q$2,3,FALSE)) -> 0
A12: =IF($A$1=Q12,A11+1,A11) -> 0 | B12: =COUNTIF($C$4:C12,C12) -> 0 | Q12: =IF(ISERROR(VLOOKUP(C12,$O$1:$Q$2,3,FALSE))=TRUE,0,VLOOKUP(C12,$O$1:$Q$2,3,FALSE)) -> 0
A13: =IF($A$1=Q13,A12+1,A12) -> 0 | B13: =COUNTIF($C$4:C13,C13) -> 0 | Q13: =IF(ISERROR(VLOOKUP(C13,$O$1:$Q$2,3,FALSE))=TRUE,0,VLOOKUP(C13,$O$1:$Q$2,3,FALSE)) -> 0
A14: =IF($A$1=Q14,A13+1,A13) -> 0 | B14: =COUNTIF($C$4:C14,C14) -> 0 | Q14: =IF(ISERROR(VLOOKUP(C14,$O$1:$Q$2,3,FALSE))=TRUE,0,VLOOKUP(C14,$O$1:$Q$2,3,FALSE)) -> 0
A15: =IF($A$1=Q15,A14+1,A14) -> 0 | B15: =COUNTIF($C$4:C15,C15) -> 0 | Q15: =IF(ISERROR(VLOOKUP(C15,$O$1:$Q$2,3,FALSE))=TRUE,0,VLOOKUP(C15,$O$1:$Q$2,3,FALSE)) -> 0
... A500: =IF($A$1=Q500,A499+1,A499) -> 0 | B500: =COUNTIF($C$4:C500,C500) -> 0 | Q500: =IF(ISERROR(VLOOKUP(C500,$O$1:$Q$2,3,FALSE))=TRUE,0,VLOOKUP(C500,$O$1:$Q$2,3,FALSE)) -> 0

Sheet DP
C1: A jobboldali, zöld cellában lehet választani a kifizetés és bevételezés között. Ha a cella üres, a kifizetést listázza | I1: PLATĂ | K1: A jobboldali, zöld cellában lehet megadni, ha dupla példányban szeretnéd nyomtatni. Dupla példányhoz egy 2-est kell beírni. Ha a cella üres, egy példányt nyomtat. | V1: =IF(S1=2,2,1) -> 1 | W1: =IF(ISERROR(VLOOKUP(I1,X1:Y2,2,FALSE))=TRUE,Y1,VLOOKUP(I1,X1:Y2,2,FALSE)) -> p | X1: =Adatok!P1 -> PLATĂ | Y1: p | Z1: =Adatok!P1 -> PLATĂ | AA1: Plătit suma de: | AD1: 100000 | AE1: =ROUNDDOWN($W$9/AD1,0) -> 0 | AG1: 9 | AH1: nouăsute | AI1: =IF($AE$3<>0,AQ1,AP1) -> nouăzeci | AJ1: nouă | AK1: nouăsute | AL1: =IF($AE$6<>0,AQ1,AP1) -> nouăzeci | AM1: nouă | AP1: nouăzeci | AQ1: nouăzecişi
C2: A jobboldali, zöld cellában lehet kiválasztani a nyomtatni kívánt lap sorszámát. Ha a cella üres, a legutolsó lapot listázza: | W2: =IF(ISERROR(VLOOKUP(I1,X1:Z2,3,FALSE))=TRUE,Z1,VLOOKUP(I1,X1:Z2,3,FALSE)) -> PLATĂ | X2: =Adatok!P2 -> INCASARE | Y2: s | Z2: =Adatok!P2 -> INCASARE | AA2: Incasat suma de: | AD2: 10000 | AE2: =ROUNDDOWN(($W$9-AD1*AE1)/AD2,0) -> 0 | AG2: 8 | AH2: optsute | AI2: =IF($AE$3<>0,AQ2,AP2) -> optzeci | AJ2: opt | AK2: optsute | AL2: =IF($AE$6<>0,AQ2,AP2) -> optzeci | AM2: opt | AP2: optzeci | AQ2: optzecişi
AD3: 1000 | AE3: =ROUNDDOWN(($W$9-AD1*AE1-AD2*AE2)/AD3,0) -> 0 | AG3: 7 | AH3: şaptesute | AI3: =IF($AE$3<>0,AQ3,AP3) -> şaptezeci | AJ3: şapte | AK3: şaptesute | AL3: =IF($AE$6<>0,AQ3,AP3) -> şaptezeci | AM3: şapte | AP3: şaptezeci | AQ3: şaptezecişi
C4: =X4 -> Parohia Reformată | M4: =X4 -> Parohia Reformată | W4: =MAX(Adatok!A3:A500) -> 0 | X4: =TRIM("Parohia Reformată "&Adatok!C2) -> Parohia Reformată | AD4: 100 | AE4: =ROUNDDOWN(($W$9-AD1*AE1-AD2*AE2-AD3*AE3)/AD4,0) -> 0 | AG4: 6 | AH4: şasesute | AI4: =IF($AE$3<>0,AQ4,AP4) -> şaizeci | AJ4: şase | AK4: şasesute | AL4: =IF($AE$6<>0,AQ4,AP4) -> şaizeci | AM4: şase | AP4: şaizeci | AQ4: şaizecişi
C5: =X5&W2&Z5 -> Dispoziţie de PLATĂ către caserie | M5: =C5 -> Dispoziţie de PLATĂ către caserie | W5: =IF(OR(I2=0,I2="",I2>W4),W4,I2) -> 0 | X5: Dispoziţie de | Z5: către caserie | AA5: 0 | AD5: 10 | AE5: =ROUNDDOWN(($W$9-AD1*AE1-AD2*AE2-AD3*AE3-AD4*AE4)/AD5,0) -> 0 | AG5: 5 | AH5: cincisute | AI5: =IF($AE$3<>0,AQ5,AP5) -> cincizeci | AJ5: cinci | AK5: cincisute | AL5: =IF($AE$6<>0,AQ5,AP5) -> cincizeci | AM5: cinci | AP5: cincizeci | AQ5: cincizecişi
G6: ="nr. "&V6&" din "&AB6 -> nr. 0 din 00.01.1900 | Q6: =G6 -> nr. 0 din 00.01.1900 | V6: =VLOOKUP($W$5,Adatok!$A$2:$O$500,2,FALSE) -> 0 | W6: =VLOOKUP($W$5,Adatok!$A$2:$O$500,8,FALSE) -> 0 | X6: nr din | Y6: =YEAR(W6) -> 1900 | Z6: =MONTH(W6) -> 1 | AA6: =DAY(W6) -> 0 | AB6: =IF(AA6<10,AA5&AA6,AA6)&"."&IF(Z6<10,AA5&Z6,Z6)&"."&Y6 -> 00.01.1900 | AD6: 1 | AE6: =ROUNDDOWN(($W$9-AD1*AE1-AD2*AE2-AD3*AE3-AD4*AE4-AD5*AE5)/AD6,0) -> 0 | AG6: 4 | AH6: patrusute | AI6: =IF($AE$3<>0,AQ6,AP6) -> patruzeci | AJ6: patru | AK6: patrusute | AL6: =IF($AE$6<>0,AQ6,AP6) -> patruzeci | AM6: patru | AP6: patruzeci | AQ6: patruzecişi
C7: Numele şi prenumele: | F7: =W7 -> _______________________ | M7: Numele şi prenumele: | P7: =F7 -> _______________________ | W7: =IF(VLOOKUP($W$5,Adatok!$A$2:$O$500,4,FALSE)<>0,VLOOKUP($W$5,Adatok!$A$2:$O$500,4,FALSE)," _______________________ ") -> _______________________ | X7: Numele şi prenumele | AG7: 3 | AH7: treisute | AI7: =IF($AE$3<>0,AQ7,AP7) -> treizeci | AJ7: trei | AK7: treisute | AL7: =IF($AE$6<>0,AQ7,AP7) -> treizeci | AM7: trei | AP7: treizeci | AQ7: treizecişi
C8: Funcţia (calitatea): | F8: =IF(W8<>0,W8,"__________________________") -> __________________________ | M8: Funcţia (calitatea): | P8: =F8 -> __________________________ | W8: =VLOOKUP($W$5,Adatok!$A$2:$O$500,5,FALSE) -> 0 | X8: Funcţia (calitatea | AG8: 2 | AH8: douăsute | AI8: =IF($AE$3<>0,AQ8,AP8) -> douăzeci | AJ8: două | AK8: douăsute | AL8: =IF($AE$6<>0,AQ8,AP8) -> douăzeci | AM8: două | AP8: douăzeci | AQ8: douăzecişi
C9: =X9&Z9&Y9&AH22 -> Suma: ,00 lei adică Lei | M9: =C9 -> Suma: ,00 lei adică Lei | W9: =ROUND(VLOOKUP($W$5,Adatok!$A$2:$O$500,6,FALSE),2) -> 0 | X9: Suma: | Y9: lei | Z9: =CONCATENATE(AC9,AC10,AC11,AC12,AC13,AC14,AC15,AC16,AC17,AC18,AC19) -> ,00 | AA9: =ROUNDDOWN($W$9,-5) -> 0 | AB9: =AA9/100000 -> 0 | AC9: =IF(AA9<>0,ROUND(AB9,0),"") | AG9: 1 | AH9: unasuta | AI9: =IF($AE$3<>0,AQ9,AP9) -> zece | AJ9: unu | AK9: unasuta | AL9: =IF($AE$6<>0,AQ9,AP9) -> zece | AM9: =IF(AE5=1,"un","unu") -> unu | AP9: zece | AQ9: sprezece
D10: (în cifre) | F10: (în litere) | N10: (în cifre) | P10: (în litere) | X10: 0 | AA10: =ROUNDDOWN($W$9,-4) -> 0 | AB10: =(AA10-AA9)/10000 -> 0 | AC10: =IF(AA10<>0,ROUND(AB10,0),"") | AG10: 0 | AH10: ="" | AI10: ="" | AJ10: ="" | AK10: ="" | AL10: ="" | AM10: =""
X11: 0 | AA11: =ROUNDDOWN($W$9,-3) -> 0 | AB11: =(AA11-AA10)/1000 -> 0 | AC11: =IF(AA11<>0,ROUND(AB11,0),"") | AH11: adică
C12: =X12&W12 -> Scopul încasării - plăţii: _________________________________ | M12: =C12 -> Scopul încasării - plăţii: _________________________________ | W12: =IF(VLOOKUP($W$5,Adatok!$A$2:$O$500,7,FALSE)<>0,VLOOKUP($W$5,Adatok!$A$2:$O$500,7,FALSE)," _________________________________ ") -> _________________________________ | X12: Scopul încasării - plăţii: | AG12: =VLOOKUP($AE$1,$AG$1:$AM$10,2,FALSE) | AH12: =AG12
X13: 0 | AA13: =ROUNDDOWN($W$9,-2) -> 0 | AB13: =(AA13-AA11)/100 -> 0 | AC13: =IF(AA13<>0,ROUND(AB13,0),"") | AG13: =VLOOKUP($AE$2,$AG$1:$AM$10,3,FALSE) | AH13: =IF(AE2=1,AG14,AG13)
X14: 0 | AA14: =ROUNDDOWN($W$9,-1) -> 0 | AB14: =(AA14-AA13)/10 -> 0 | AC14: =IF(AA14<>0,ROUND(AB14,0),"") | AG14: =VLOOKUP($AE$3,$AG$1:$AM$8010,4,FALSE) | AH14: =IF(AE2=1,AG13,AG14)
C15: Semnătura | D15: Conducătorul | F15: Viza de control | H15: Compartimentul | M15: Semnătura | N15: Conducătorul | P15: Viza de control | R15: Compartimentul | X15: Semnătura | AA15: =ROUNDDOWN($W$9,0) -> 0 | AB15: =AA15-AA14 -> 0 | AC15: =IF(AA15<>0,ROUND(AB15,0),"") | AG15: =IF(SUM(AE1:AE3)<>0,"mii","") | AH15: =AG15
D16: unităţii | F16: financiar-preventiv | H16: financiar-contabil | N16: unităţii | P16: financiar-preventiv | R16: financiar-contabil | AC16: , | AG16: =VLOOKUP($AE$4,$AG$1:$AM$8010,5,FALSE) | AH16: =AG16
AC17: =IF(AD17=0,0,"") -> 0 | AD17: =ROUND((W9-ROUNDDOWN(W9,0))*100,0) -> 0 | AG17: =VLOOKUP($AE$5,$AG$1:$AM$8010,6,FALSE) | AH17: =IF(AE5=1,AG18,AG17)
X18: =IF($W$1=$Y$2,"",IF(VLOOKUP($W$5,Adatok!$A$2:$O$500,9,FALSE)<>0,VLOOKUP($W$5,Adatok!$A$2:$O$500,9,FALSE),"___")) -> ___ | AC18: =IF(OR(AD17=0,AD17<10),0,"") -> 0 | AG18: =VLOOKUP($AE$6,$AG$1:$AM$8010,7,FALSE) | AH18: =IF(AE5=1,AG17,AG18)
X19: =IF($W$1=$Y$2,"",IF(VLOOKUP($W$5,Adatok!$A$2:$O$500,10,FALSE)<>0,VLOOKUP($W$5,Adatok!$A$2:$O$500,10,FALSE),"_____")) -> _____ | AC19: =IF(AD17<>0,ROUND(AD17,0),"") | AH19: lei
C20: Se completează numai pentru plăţi | E20: DATE SUPLIMENTARE PRIVIND BENEFICIARUL SUMEI: | M20: Se completează numai pentru plăţi | O20: DATE SUPLIMENTARE PRIVIND BENEFICIARUL SUMEI: | X20: =TRIM(IF($W$1=$Y$2,"",IF(VLOOKUP($W$5,Adatok!$A$2:$O$500,11,FALSE)<>0,VLOOKUP($W$5,Adatok!$A$2:$O$500,11,FALSE),"_______________"))) -> _______________ | AG20: =ROUND(SUM(ROUNDDOWN($W$9,2),-ROUNDDOWN($W$9,0))*100,0) -> 0 | AH20: =IF(AG20>=1,AG20,"")
E21: =X21&X18&Y21&X19&Z21&X20 -> Actul de identitate: ___ Seria: _____ Nr:_______________ | O21: =E21 -> Actul de identitate: ___ Seria: _____ Nr:_______________ | X21: Actul de identitate: | Y21: Seria: | Z21: Nr: | AG21: =VLOOKUP(AE8010,$AG$1:$AM$8010,2,FALSE) | AH21: =IF(AG20>=1," bani","")
E22: Am primit suma de: | G22: =X22 -> ,00 lei | O22: Am primit suma de: | Q22: =G22 -> ,00 lei | X22: =TRIM(IF($W$1=$Y$2,"",Z9&Y9)) -> ,00 lei | AH22: =AH11&PROPER(CONCATENATE(AH12,AH13,AH14,AH15,AH16,AH17,AH18,AH19,AH20,AH21)) -> adică Lei
G23: (în cifre) | Q23: (în cifre)
F24: Data: | G24: =X24 -> 00.01.1900 | P24: Data: | Q24: =G24 -> 00.01.1900 | X24: =TRIM(IF($W$1=$Y$2,"",AB6)) -> 00.01.1900
F25: Semnătura: | G25: - - - - - - - - - - - - - - - - - - - - | P25: Semnătura: | Q25: - - - - - - - - - - - - - - - - - - - -
D27: Casier, | N27: Casier,
D28: =X28&Z9&Y9 -> Plătit suma de: ,00 lei | N28: =D28 -> Plătit suma de: ,00 lei | X28: =IF(ISERROR(VLOOKUP(I1,X1:AA2,4,FALSE))=TRUE,AA1,VLOOKUP(I1,X1:AA2,4,FALSE)) -> Plătit suma de:
E29: (în cifre) | O29: (în cifre)
F30: Data: | G30: =AB6 -> 00.01.1900 | P30: Data: | Q30: =G30 -> 00.01.1900
F31: Semnătura: | G31: - - - - - - - - - - - - - - - - - - - - | P31: Semnătura: | Q31: - - - - - - - - - - - - - - - - - - - -

Sheet Munka3
