Workbook
Name DeDu: #REF!
Name evek: Adatlap!$C$1:$M$1
Name NaploNy: #REF!:INDEX(#REF!,#REF!)
Name Szolgalatok: #REF!

Sheet Adatlap
A1: Az áthúzás, kivágás, másolás, beillesztés lehetőségeket ne használd. Ha valamit rossz helyre írtál, töröld ki és írd újra a megfelelő helyre. | C1: 2026 | D1: =C1+1 -> 2027 | E1: =D1+1 -> 2028 | F1: =E1+1 -> 2029 | G1: =F1+1 -> 2030 | H1: =G1+1 -> 2031 | I1: =H1+1 -> 2032 | J1: =I1+1 -> 2033 | K1: =J1+1 -> 2034 | L1: =K1+1 -> 2035 | M1: Összesen | AA1: Brassói | AB1: Főgondnok
B2: Egyházmegye | D2: 2 | E2: 3 | F2: 4 | G2: 5 | H2: 6 | I2: 7 | J2: 8 | K2: 9 | L2: 10 | M2: 11 | N2: =IF(COUNTA(C51:L51)<>0,COUNTA(C51:L51),1) -> 1 | AA2: Dési | AB2: Gondnok
B3: Egyházközség neve (Református Egyházközség nélkül) | AA3: Erdővidéki
B4: Lelkipásztor | D4: =IF(C4<>0,C4,"") | E4: =IF(D4<>0,D4,"") | F4: =IF(E4<>0,E4,"") | G4: =IF(F4<>0,F4,"") | H4: =IF(G4<>0,G4,"") | I4: =IF(H4<>0,H4,"") | J4: =IF(I4<>0,I4,"") | K4: =IF(J4<>0,J4,"") | L4: =IF(K4<>0,K4,"") | AA4: Görgényi
B5: Főgondnok/Gondnok | D5: =IF(C5<>0,C5,"") | E5: =IF(D5<>0,D5,"") | F5: =IF(E5<>0,E5,"") | G5: =IF(F5<>0,F5,"") | H5: =IF(G5<>0,G5,"") | I5: =IF(H5<>0,H5,"") | J5: =IF(I5<>0,I5,"") | K5: =IF(J5<>0,J5,"") | L5: =IF(K5<>0,K5,"") | AA5: Hunyadi
B6: Presbiteri gyűlés dátuma | AA6: Kalotaszegi
B7: Határozat száma | AA7: Kézdi-Orbai
B8: Közgyűlés dátuma | AA8: Kolozsvári
B9: Határozat száma | AA9: Küküllői
B10: Egyházközségi iktatószám | AA10: Marosi
A11: I. Adatok a lélekszámról | AA11: Maros-Mezőségi
A12: 1. | B12: Az_előző_évi_lélekszám: férfi | D12: =SUM(C12,C14,-C16,C18,-C21,C24,-C26,-C28) -> 0 | E12: =SUM(D12,D14,-D16,D18,-D21,D24,-D26,-D28) -> 0 | F12: =SUM(E12,E14,-E16,E18,-E21,E24,-E26,-E28) -> 0 | G12: =SUM(F12,F14,-F16,F18,-F21,F24,-F26,-F28) -> 0 | H12: =SUM(G12,G14,-G16,G18,-G21,G24,-G26,-G28) -> 0 | I12: =SUM(H12,H14,-H16,H18,-H21,H24,-H26,-H28) -> 0 | J12: =SUM(I12,I14,-I16,I18,-I21,I24,-I26,-I28) -> 0 | K12: =SUM(J12,J14,-J16,J18,-J21,J24,-J26,-J28) -> 0 | L12: =SUM(K12,K14,-K16,K18,-K21,K24,-K26,-K28) -> 0 | M12: =C12 -> 0 | AA12: Nagyenyedi
B13: nő | D13: =SUM(C13,C15,-C17,C19,-C22,C25,-C27,-C29) -> 0 | E13: =SUM(D13,D15,-D17,D19,-D22,D25,-D27,-D29) -> 0 | F13: =SUM(E13,E15,-E17,E19,-E22,E25,-E27,-E29) -> 0 | G13: =SUM(F13,F15,-F17,F19,-F22,F25,-F27,-F29) -> 0 | H13: =SUM(G13,G15,-G17,G19,-G22,G25,-G27,-G29) -> 0 | I13: =SUM(H13,H15,-H17,H19,-H22,H25,-H27,-H29) -> 0 | J13: =SUM(I13,I15,-I17,I19,-I22,I25,-I27,-I29) -> 0 | K13: =SUM(J13,J15,-J17,J19,-J22,J25,-J27,-J29) -> 0 | L13: =SUM(K13,K15,-K17,K19,-K22,K25,-K27,-K29) -> 0 | M13: =C13 -> 0 | AA13: Sepsi
A14: 2. | B14: Keresztelésben_részesült: férfi | M14: =SUM(C14:L14) -> 0 | AA14: Székelyudvarhelyi
B15: nő | M15: =SUM(C15:L15) -> 0 | AA15: Tordai
A16: 3. | B16: Eltemettetett: férfi | M16: =SUM(C16:L16) -> 0 | AA16: Töltsd ki az egyházmegye nevét!
B17: nő | M17: =SUM(C17:L17) -> 0
A18: 6. | B18: Egyházunkba_tért: férfi | M18: =SUM(C18:L18) -> 0
B19: nő | M19: =SUM(C19:L19) -> 0
B20: Milyen felekezetből:
A21: 7. | B21: Egyházunkból_kitért: férfi | M21: =SUM(C21:L21) -> 0
B22: nő | M22: =SUM(C22:L22) -> 0
B23: Milyen felekezetbe:
A24: 8. | B24: Beköltözött_az_egyházközségbe: férfi | M24: =SUM(C24:L24) -> 0
B25: nő | M25: =SUM(C25:L25) -> 0
A26: 9. | B26: Kiköltözött_más_egyházközségbe: férfi | M26: =SUM(C26:L26) -> 0
B27: nő | M27: =SUM(C27:L27) -> 0
A28: 10. | B28: Kiköltözött_külföldre: férfi | M28: =SUM(C28:L28) -> 0
B29: nő | M29: =SUM(C29:L29) -> 0
A30: 14. | B30: A gyülekezet választói névjegyzékében szereplő tagjainak száma:
A31: 15. | B31: Az egyházfenntartás személyenkénti éves meghatározott összege:
A32: 16. | B32: Azon felnőtt egyháztagok száma, akik 5 vagy annál több éve nem fizetik az egyházfenntartói járulékot:
A33: 17. | B33: Gyülekezet lélekszámában jelentős (10 személynél több), más nemzetiségű egyháztagok száma: Román
B34: Német
B35: Roma
B36: Más (kérjük megnevezni)
B37: más tagok száma
A38: 18. | B38: Külföldön élő egyháztagok száma, akik életvitelszerűen külföldön élnek, vagy évi több mint 6 hónapot külföldön tartózkodnak:
A39: 19. | B39: Más településen élő egyháztagok száma:
A40: 20. | B40: Más gyülekezetben is tagságot vállaló egyháztagok száma:
A41: 21. | B41: Családok száma az előző évben | D41: =SUM(C42:C45) -> 0 | E41: =SUM(D42:D45) -> 0 | F41: =SUM(E42:E45) -> 0 | G41: =SUM(F42:F45) -> 0 | H41: =SUM(G42:G45) -> 0 | I41: =SUM(H42:H45) -> 0 | J41: =SUM(I42:I45) -> 0 | K41: =SUM(J42:J45) -> 0 | L41: =SUM(K42:K45) -> 0
A42: 22. | B42: Családok_száma_dec. 31-én: Egyező_vallású
B43: Vegyes vallású
B44: Özvegy
B45: Egyedülálló, (30 évet betöltött és nőtlen)
A46: 23. | B46: Házassági_esküt_tett: Egyező_vallású | M46: =SUM(C46:L46) -> 0
B47: Nem egyező vallású | M47: =SUM(C47:L47) -> 0
B48: Azonos nemzetiségű | M48: =SUM(C48:L48) -> 0
B49: Nem azonos nemzetiségű | M49: =SUM(C49:L49) -> 0
A50: II. Istentisztelet
A51: 1. | B51: a._közönséges_vasárnapon: de. | M51: =SUM(C51:L51) -> 0
B52: du. | M52: =SUM(C52:L52) -> 0
B53: b._ünnepnapokon: de. | M53: =SUM(C53:L53) -> 0
B54: du. | M54: =SUM(C54:L54) -> 0
B55: c._rendszeres_hétköznapi_i.t.: de. | M55: =SUM(C55:L55) -> 0
B56: du. | M56: =SUM(C56:L56) -> 0
B57: d._bűnbánati_héten: de. | M57: =SUM(C57:L57) -> 0
B58: du. | M58: =SUM(C58:L58) -> 0
B59: e. bibliaórák | M59: =SUM(C59:L59) -> 0
B60: f. kazuáliák és felkészítők | M60: =SUM(C60:L60) -> 0
B61: g. más alkalmak | M61: =SUM(C61:L61) -> 0
B62: h. digitális alkalmak | M62: =SUM(C62:L62) -> 0
A63: 2. | B63: A vasárnapi istentiszteleteken részt vett átlag egy alkalommal: de. | M63: =SUM(C63:L63)/$N$2 -> 0
B64: du. | M64: =SUM(C64:L64)/$N$2 -> 0
A65: 3. | B65: Az ünnepi istentiszteleteken (Újév, Böjtfő, Virágvasárnap, Nagypéntek, Mennybemenetel, Újkenyér, Reformáció, Advent, Óév) részt vett átlag egy alkalommal: de. | M65: =SUM(C65:L65)/$N$2 -> 0
B66: du. | M66: =SUM(C66:L66)/$N$2 -> 0
A67: 4. | B67: Karácsony_I. de. | M67: =SUM(C67:L67)/$N$2 -> 0
B68: du. | M68: =SUM(C68:L68)/$N$2 -> 0
B69: Karácsony_II. de. | M69: =SUM(C69:L69)/$N$2 -> 0
B70: du. | M70: =SUM(C70:L70)/$N$2 -> 0
B71: Karácsony_III. de. | M71: =SUM(C71:L71)/$N$2 -> 0
B72: du. | M72: =SUM(C72:L72)/$N$2 -> 0
B73: Húsvét_I. de. | M73: =SUM(C73:L73)/$N$2 -> 0
B74: du. | M74: =SUM(C74:L74)/$N$2 -> 0
B75: Húsvét_II. de. | M75: =SUM(C75:L75)/$N$2 -> 0
B76: du. | M76: =SUM(C76:L76)/$N$2 -> 0
B77: Húsvét_III. de. | M77: =SUM(C77:L77)/$N$2 -> 0
B78: du. | M78: =SUM(C78:L78)/$N$2 -> 0
B79: Pünkösd_I. de. | M79: =SUM(C79:L79)/$N$2 -> 0
... B84: du. | M84: =SUM(C84:L84)/$N$2 -> 0
A85: 5. | B85: A rendszeresen tartott hétköznapi istentisz- teleteken részt vett átlag egy alkalommal: de. | M85: =SUM(C85:L85)/$N$2 -> 0
B86: du. | M86: =SUM(C86:L86)/$N$2 -> 0
A87: 6. | B87: A bűnbánati istentiszteleteken részt vett átlag egy alkalommal: de. | M87: =SUM(C87:L87)/$N$2 -> 0
B88: du. | M88: =SUM(C88:L88)/$N$2 -> 0
A89: 7. | B89: Hány alkalommal volt úrvacsoraosztás az év folyamán? | M89: =SUM(C89:L89) -> 0
A90: 8. | B90: Úrvacsorával élt átlag egy alkalommal: férfi | M90: =SUM(C90:L90)/$N$2 -> 0
B91: nő | M91: =SUM(C91:L91)/$N$2 -> 0
A92: III. Gyülekezetgondozás
A93: 1. | B93: felnőtt bibliaóra: | M93: =SUM(C93:L93) -> 0
B94: ifjúsági bibliaóra: | M94: =SUM(C94:L94) -> 0
B95: presbiteri bibliaóra: | M95: =SUM(C95:L95) -> 0
B96: nőszövetségi bibliaóra: | M96: =SUM(C96:L96) -> 0
B97: házasok bibliaórája: | M97: =SUM(C97:L97) -> 0
B98: Más bibliaórák 1 (kérjük megnevezni):
B99: Alkalmak száma: | M99: =SUM(C99:L99) -> 0
B100: Más bibliaórák 2 (kérjük megnevezni):
B101: Alkalmak száma: | M101: =SUM(C101:L101) -> 0
A102: 2. | B102: Hány vallásos ünnepély volt az év folyamán? | M102: =SUM(C102:L102) -> 0
A103: 3. | B103: Hány szeretetvendégség volt? | M103: =SUM(C103:L103) -> 0
A104: 4. | B104: Az egyetemes imahetet megtartották: vendégszolgálatokkal
...

Sheet Jelentes
A1: 2026 | D1: A baloldali zöld cellába kell beírni a listázni kívánt év számát. | R1: =IF(ISERROR(HLOOKUP(A1,Adatlap!D1:M2,2,FALSE))=TRUE,1,HLOOKUP(A1,Adatlap!D1:M2,2,FALSE)) -> 1 | S1: lej. | AB1: b | AD1: 1 | AE1: 1-én | AF1: . január
A2: Erdélyi Református Egyházkerület | AA2: a a | AB2: c | AD2: 2 | AE2: 2-án | AF2: . február
A3: =R3&" Református Egyházmegye" -> Református Egyházmegye | R3: =IF(Adatlap!C2<>0,Adatlap!C2,"") | AA3: a a | AB3: d | AD3: 3 | AE3: 3-án | AF3: . március
A4: ="Egyházközségi iktatószám: "&IF($Q4<>0,$Q4,"___________") -> Egyházközségi iktatószám: ___________ | Q4: {=INDEX(Adatlap!$C$1:$M$215,V4,$R$1)} -> 0 | V4: =ROW(Adatlap!$B$10) -> 10 | AA4: a a a | AB4: f | AD4: 4 | AE4: 4-én | AF4: . április
A5: Egyházmegyei iktatószám: _________ | N5: Esperes | AA5: a a | AB5: g | AD5: 5 | AE5: 5-én | AF5: . május
AB6: h | AD6: 6 | AE6: 6-án | AF6: . június
AB7: j | AD7: 7 | AE7: 7-én | AF7: . július
AB8: k | AD8: 8 | AE8: 8-án | AF8: . augusztus
A9: LELKÉSZI JELENTÉS | AA9: a a | AB9: l | AD9: 9 | AE9: 9-én | AF9: . szeptember
A10: =CLEAN(UPPER(S10&" "&R10&" REFORMÁTUS EGYHÁZKÖZSÉG")) -> A _________________________ REFORMÁTUS EGYHÁZKÖZSÉG | R10: =IF(Adatlap!C3<>0,Adatlap!C3,"_________________________") -> _________________________ | S10: =IF(ISERROR(VLOOKUP(LOWER(LEFT(R10,1)),AB1:AC19,2,FALSE)),"AZ","A") -> A | AA10: a a | AB10: m | AD10: 10 | AE10: 10-én | AF10: . október
A11: =IF($Q11<>0,$Q11,"")&". ÉVI ÉLETÉRŐL" -> 2026. ÉVI ÉLETÉRŐL | Q11: {=INDEX(Adatlap!$C$1:$M$215,V11,$R$1)} -> 2026 | V11: =ROW(Adatlap!$A$1) -> 1 | AA11: a a | AB11: n | AD11: 11 | AE11: 11-én | AF11: . november
AB12: p | AD12: 12 | AE12: 12-én | AF12: . december
A13: ="Tárgyalta a presbitérium a "&S13&T13&U13&" tartott gyűlésén "&IF($R13<>0,$R13,"_____")&". szám alatt." -> Tárgyalta a presbitérium a _____________ tartott gyűlésén _____. szám alatt. | Q13: {=INDEX(Adatlap!$C$1:$M$215,V13,$R$1)} -> 0 | R13: {=INDEX(Adatlap!$C$1:$M$215,W13,$R$1)} -> 0 | S13: =IF($Q13<>0,YEAR($Q$13),"_____________") -> _____________ | T13: =IF($Q13<>0,VLOOKUP(MONTH($Q$13),AD1:AF12,3,FALSE),"") | U13: =IF($Q13<>0,VLOOKUP(DAY($Q$13),AD1:AF32,2,FALSE),"") | V13: =ROW(Adatlap!$B$6) -> 6 | W13: =ROW(Adatlap!$B$7) -> 7 | AA13: a a | AB13: q | AD13: 13 | AE13: 13-án
A14: ="Tárgyalta az egyházközségi közgyűlés a "&S14&T14&U14&" tartott gyűlésén "&IF($R14<>0,$R14,"_____")&". szám alatt." -> Tárgyalta az egyházközségi közgyűlés a _____________ tartott gyűlésén _____. szám alatt. | Q14: {=INDEX(Adatlap!$C$1:$M$215,V14,$R$1)} -> 0 | R14: {=INDEX(Adatlap!$C$1:$M$215,W14,$R$1)} -> 0 | S14: =IF($Q14<>0,YEAR($Q$14),"_____________") -> _____________ | T14: =IF($Q14<>0,VLOOKUP(MONTH($Q$14),AD1:AF12,3,FALSE),"") | U14: =IF($Q14<>0,VLOOKUP(DAY($Q$14),AD1:AF33,2,FALSE),"") | V14: =ROW(Adatlap!$B$8) -> 8 | W14: =ROW(Adatlap!$B$9) -> 9 | AA14: a a | AB14: r | AD14: 14 | AE14: 14-én
C15: =IF($Q15<>0,$Q15,"") | L15: =IF($R15<>0,$R15,"") | Q15: {=INDEX(Adatlap!$C$1:$M$215,V15,$R$1)} -> 0 | R15: {=INDEX(Adatlap!$C$1:$M$215,W15,$R$1)} -> 0 | V15: =ROW(Adatlap!$B$4) -> 4 | W15: =ROW(Adatlap!$B$5) -> 5 | AB15: s | AD15: 15 | AE15: 15-én
C16: Lelkipásztor | L16: =IF(Adatlap!B5<>0,Adatlap!B5,"Gondnok") -> Főgondnok/Gondnok | AB16: t | AD16: 16 | AE16: 16-án
AB17: v | AD17: 17 | AE17: 17-én
N18: v 1.0a | AB18: z | AD18: 18 | AE18: 18-án
A19: I. Adatok a lélekszámról | AA19: a a a | AB19: _ | AD19: 19 | AE19: 19-én
A20: 1. | B20: Az előző évi lélekszám: | H20: férfi: | I20: =IF($Q20<>0,$Q20,"") | J20: nő: | K20: =IF($R20<>0,$R20,"") | L20: együtt: | N20: =SUM(I20,K20) -> 0 | Q20: {=INDEX(Adatlap!$C$1:$M$215,V20,$R$1)} -> 0 | R20: {=INDEX(Adatlap!$C$1:$M$215,W20,$R$1)} -> 0 | V20: =ROW(Adatlap!$B$12) -> 12 | W20: =ROW(Adatlap!$B$13) -> 13 | AD20: 20 | AE20: 20-án
A21: 2. | B21: Keresztelésben részesült: | H21: férfi: | I21: =IF($Q21<>0,$Q21,"") | J21: nő: | K21: =IF($R21<>0,$R21,"") | L21: együtt: | N21: =SUM(I21,K21) -> 0 | Q21: {=INDEX(Adatlap!$C$1:$M$215,V21,$R$1)} -> 0 | R21: {=INDEX(Adatlap!$C$1:$M$215,W21,$R$1)} -> 0 | V21: =ROW(Adatlap!$B$14) -> 14 | W21: =ROW(Adatlap!$B$15) -> 15 | AD21: 21 | AE21: 21-én
A22: 3. | B22: Eltemettetett: | H22: férfi: | I22: =IF($Q22<>0,$Q22,"") | J22: nő: | K22: =IF($R22<>0,$R22,"") | L22: együtt: | N22: =SUM(I22,K22) -> 0 | Q22: {=INDEX(Adatlap!$C$1:$M$215,V22,$R$1)} -> 0 | R22: {=INDEX(Adatlap!$C$1:$M$215,W22,$R$1)} -> 0 | V22: =ROW(Adatlap!$B$16) -> 16 | W22: =ROW(Adatlap!$B$17) -> 17 | AD22: 22 | AE22: 22-én
A23: 4. | B23: Természetes szaporulat: | L23: együtt: | N23: =IF(N21>N22,SUM(N21,-N22),"") | AD23: 23 | AE23: 23-án
A24: 5. | B24: Természetes apadás: | L24: együtt: | N24: =IF(N22>N21,SUM(N22,-N21),"") | AD24: 24 | AE24: 24-én
A25: 6. | B25: Egyházunkba tért: | H25: férfi: | I25: =IF($Q25<>0,$Q25,"") | J25: nő: | K25: =IF($R25<>0,$R25,"") | L25: együtt: | N25: =SUM(I25,K25) -> 0 | Q25: {=INDEX(Adatlap!$C$1:$M$215,V25,$R$1)} -> 0 | R25: {=INDEX(Adatlap!$C$1:$M$215,W25,$R$1)} -> 0 | V25: =ROW(Adatlap!$B$18) -> 18 | W25: =ROW(Adatlap!$B$19) -> 19 | AD25: 25 | AE25: 25-én
B26: Milyen felekezetből: | E26: =IF(Q26<>0,Q26,"") | Q26: {=INDEX(Adatlap!$C$1:$M$215,V26,$R$1)} -> 0 | V26: =ROW(Adatlap!$B$20) -> 20 | AD26: 26 | AE26: 26-án
A27: 7. | B27: Egyházunkból kitért: | H27: férfi: | I27: =IF($Q27<>0,$Q27,"") | J27: nő: | K27: =IF($R27<>0,$R27,"") | L27: együtt: | N27: =SUM(I27,K27) -> 0 | Q27: {=INDEX(Adatlap!$C$1:$M$215,V27,$R$1)} -> 0 | R27: {=INDEX(Adatlap!$C$1:$M$215,W27,$R$1)} -> 0 | V27: =ROW(Adatlap!$B$21) -> 21 | W27: =ROW(Adatlap!$B$22) -> 22 | AD27: 27 | AE27: 27-én
B28: Milyen felekezetbe: | E28: =IF(Q28<>0,Q28,"") | Q28: {=INDEX(Adatlap!$C$1:$M$215,V28,$R$1)} -> 0 | V28: =ROW(Adatlap!$B$23) -> 23 | AD28: 28 | AE28: 28-án
A29: 8. | B29: Beköltözött az egyházközségbe: | H29: férfi: | I29: =IF($Q29<>0,$Q29,"") | J29: nő: | K29: =IF($R29<>0,$R29,"") | L29: együtt: | N29: =SUM(I29,K29) -> 0 | Q29: {=INDEX(Adatlap!$C$1:$M$215,V29,$R$1)} -> 0 | R29: {=INDEX(Adatlap!$C$1:$M$215,W29,$R$1)} -> 0 | V29: =ROW(Adatlap!$B$24) -> 24 | W29: =ROW(Adatlap!$B$25) -> 25 | AD29: 29 | AE29: 29-én
A30: 9. | B30: Kiköltözött más egyházközségbe: | H30: férfi: | I30: =IF($Q30<>0,$Q30,"") | J30: nő: | K30: =IF($R30<>0,$R30,"") | L30: együtt: | N30: =SUM(I30,K30) -> 0 | Q30: {=INDEX(Adatlap!$C$1:$M$215,V30,$R$1)} -> 0 | R30: {=INDEX(Adatlap!$C$1:$M$215,W30,$R$1)} -> 0 | V30: =ROW(Adatlap!$B$26) -> 26 | W30: =ROW(Adatlap!$B$27) -> 27 | AD30: 30 | AE30: 30-án
A31: 10. | B31: Kiköltözött külföldre: | H31: férfi: | I31: =IF($Q31<>0,$Q31,"") | J31: nő: | K31: =IF($R31<>0,$R31,"") | L31: együtt: | N31: =SUM(I31,K31) -> 0 | Q31: {=INDEX(Adatlap!$C$1:$M$215,V31,$R$1)} -> 0 | R31: {=INDEX(Adatlap!$C$1:$M$215,W31,$R$1)} -> 0 | V31: =ROW(Adatlap!$B$28) -> 28 | W31: =ROW(Adatlap!$B$29) -> 29 | AD31: 31 | AE31: 31-én
A32: 11. | B32: Általános szaporulat: | L32: együtt: | N32: =IF(N34>N20,SUM(N34,-N20),"") | AD32: 0
A33: 12. | B33: Általános apadás: | L33: együtt: | N33: =IF(N20>N34,SUM(N20,-N34),"")
A34: 13. | B34: A gyülekezet lélekszáma dec. 31-én: | H34: férfi: | I34: =SUM(Q20,Q21,-Q22,Q25,-Q27,Q29,-Q30,-Q31) -> 0 | J34: nő: | K34: =SUM(R20,R21,-R22,R25,-R27,R29,-R30,-R31) -> 0 | L34: együtt: | N34: =SUM(I34,K34) -> 0
A35: 14. | B35: ="A gyülekezet választói névjegyzékében szereplő tagjainak száma: "&IF($Q35<>0,$Q35,"") -> A gyülekezet választói névjegyzékében szereplő tagjainak száma: | Q35: {=INDEX(Adatlap!$C$1:$M$215,V35,$R$1)} -> 0 | V35: =ROW(Adatlap!$B$30) -> 30
A36: 15. | B36: ="Az egyházfenntartás személyenkénti éves meghatározott összege: "&IF($Q36<>0,$Q36&$S$1,"") -> Az egyházfenntartás személyenkénti éves meghatározott összege: | Q36: {=INDEX(Adatlap!$C$1:$M$215,V36,$R$1)} -> 0 | V36: =ROW(Adatlap!$B$31) -> 31
A37: 16. | B37: ="Azon felnőtt egyháztagok száma, akik 5 vagy annál több éve nem fizetik az egyházfenntartói járulékot: "&IF($Q37<>0,$Q37,"") -> Azon felnőtt egyháztagok száma, akik 5 vagy annál több éve nem fizetik az egyházfenntartói járulékot: | Q37: {=INDEX(Adatlap!$C$1:$M$215,V37,$R$1)} -> 0 | V37: =ROW(Adatlap!$B$32) -> 32 | AA37: a a
A38: 17. | B38: ="Gyülekezet lélekszámában jelentős (10 személynél több), más nemzetiségű egyháztagok száma: (román, német, roma stb.): "&IF($Q38<>0,$Q38,"") -> Gyülekezet lélekszámában jelentős (10 személynél több), más nemzetiségű egyháztagok száma: (román, német, roma stb.): | Q38: =SUM(Q39:S39,U39) -> 0 | AA38: a a
B39: ="Román: "&IF($Q39<>0,$Q39,"") -> Román: | E39: ="Német: "&IF($R39<>0,$R39,"") -> Német: | G39: ="Roma: "&IF($S39<>0,$S39,"") -> Roma: | J39: =IF($T39<>0,$T39&":","")&" "&IF($U39<>0,$U39,"") | Q39: {=INDEX(Adatlap!$C$1:$M$215,V39,$R$1)} -> 0 | R39: {=INDEX(Adatlap!$C$1:$M$215,W39,$R$1)} -> 0 | S39: {=INDEX(Adatlap!$C$1:$M$215,X39,$R$1)} -> 0 | T39: {=INDEX(Adatlap!$C$1:$M$215,Y39,$R$1)} -> 0 | U39: {=INDEX(Adatlap!$C$1:$M$215,Z39,$R$1)} -> 0 | V39: =ROW(Adatlap!$B$33) -> 33 | W39: =ROW(Adatlap!$B$34) -> 34 | X39: =ROW(Adatlap!$B$35) -> 35 | Y39: =ROW(Adatlap!$B$36) -> 36 | Z39: =ROW(Adatlap!$B$37) -> 37
A40: 18. | B40: ="Külföldön élő egyháztagok száma, akik életvitelszerűen külföldön élnek, vagy évi több mint 6 hónapot külföldön tartózkodnak: "&IF($Q40<>0,$Q40,"") -> Külföldön élő egyháztagok száma, akik életvitelszerűen külföldön élnek, vagy évi több mint 6 hónapot külföldön tartózkodnak: | Q40: {=INDEX(Adatlap!$C$1:$M$215,V40,$R$1)} -> 0 | V40: =ROW(Adatlap!$B$38) -> 38 | AA40: a a
A41: 19. | B41: ="Más településen élő egyháztagok száma: "&IF($Q41<>0,$Q41,"") -> Más településen élő egyháztagok száma: | Q41: {=INDEX(Adatlap!$C$1:$M$215,V41,$R$1)} -> 0 | V41: =ROW(Adatlap!$B$39) -> 39
A42: 20. | B42: ="Más gyülekezetben is tagságot vállaló egyháztagok száma: "&IF($Q42<>0,$Q42,"") -> Más gyülekezetben is tagságot vállaló egyháztagok száma: | Q42: {=INDEX(Adatlap!$C$1:$M$215,V42,$R$1)} -> 0 | V42: =ROW(Adatlap!$B$40) -> 40
A43: 21. | B43: Családok száma az előző évben | J43: =IF($Q43<>0,$Q43,"") | Q43: {=INDEX(Adatlap!$C$1:$M$215,V43,$R$1)} -> 0 | V43: =ROW(Adatlap!$B$41) -> 41
A44: 22. | B44: Családok száma dec. 31-én | J44: =SUM(J45:J48) -> 0 | K44: melyből:
C45: Egyező vallású | J45: =IF($Q45<>0,$Q45,"") | Q45: {=INDEX(Adatlap!$C$1:$M$215,V45,$R$1)} -> 0 | V45: =ROW(Adatlap!$B$42) -> 42
C46: Vegyes vallású | J46: =IF($Q46<>0,$Q46,"") | Q46: {=INDEX(Adatlap!$C$1:$M$215,V46,$R$1)} -> 0 | V46: =ROW(Adatlap!$B$43) -> 43
C47: Özvegy | J47: =IF($Q47<>0,$Q47,"") | Q47: {=INDEX(Adatlap!$C$1:$M$215,V47,$R$1)} -> 0 | V47: =ROW(Adatlap!$B$44) -> 44
C48: Egyedülálló, (30 évet betöltött és nőtlen) | J48: =IF($Q48<>0,$Q48,"") | Q48: {=INDEX(Adatlap!$C$1:$M$215,V48,$R$1)} -> 0 | V48: =ROW(Adatlap!$B$45) -> 45
A49: 23. | B49: Házassági esküt tett:
C50: ="Egyező vallású: "&IF($Q50<>0,$Q50,"") -> Egyező vallású: | G50: ="Nem egyező vallású: "&IF($R50<>0,$R50,"") -> Nem egyező vallású: | K50: ="együtt: "&IF($S50<>0,$S50,"") -> együtt: | Q50: {=INDEX(Adatlap!$C$1:$M$215,V50,$R$1)} -> 0 | R50: {=INDEX(Adatlap!$C$1:$M$215,W50,$R$1)} -> 0 | S50: =SUM(Q50:R50) -> 0 | V50: =ROW(Adatlap!$B$46) -> 46 | W50: =ROW(Adatlap!$B$47) -> 47
C51: ="Azonos nemzetiségű: "&IF($Q51<>0,$Q51,"") -> Azonos nemzetiségű: | G51: ="Nem azonos nemzetiségű: "&IF($R51<>0,$R51,"") -> Nem azonos nemzetiségű: | Q51: {=INDEX(Adatlap!$C$1:$M$215,V51,$R$1)} -> 0 | R51: {=INDEX(Adatlap!$C$1:$M$215,W51,$R$1)} -> 0 | V51: =ROW(Adatlap!$B$48) -> 48 | W51: =ROW(Adatlap!$B$49) -> 49
A53: II. Istentisztelet | AA53: a a a
A55: 1. | B55: ="Az év folyamán tartott szolgálatok száma összesen: "&IF($Q55<>0,$Q55,"")&", melyből:" -> Az év folyamán tartott szolgálatok száma összesen: , melyből: | Q55: =SUM(Q56:R63) -> 0
B56: a. közönséges vasárnapon | F56: de.: | G56: =IF($Q56<>0,$Q56,"") | H56: du.: | I56: =IF($R56<>0,$R56,"") | J56: együtt: | K56: =SUM(Q56:R56) -> 0 | L56: istentisztelet | Q56: {=INDEX(Adatlap!$C$1:$M$215,V56,$R$1)} -> 0 | R56: {=INDEX(Adatlap!$C$1:$M$215,W56,$R$1)} -> 0 | V56: =ROW(Adatlap!$B$51) -> 51 | W56: =ROW(Adatlap!$B$52) -> 52
B57: b. ünnepnapokon | F57: de.: | G57: =IF($Q57<>0,$Q57,"") | H57: du.: | I57: =IF($R57<>0,$R57,"") | J57: együtt: | K57: =SUM(Q57:R57) -> 0 | L57: istentisztelet | Q57: {=INDEX(Adatlap!$C$1:$M$215,V57,$R$1)} -> 0 | R57: {=INDEX(Adatlap!$C$1:$M$215,W57,$R$1)} -> 0 | V57: =ROW(Adatlap!$B$53) -> 53 | W57: =ROW(Adatlap!$B$54) -> 54
B58: c. rendszeres hétköznapi | F58: de.: | G58: =IF($Q58<>0,$Q58,"") | H58: du.: | I58: =IF($R58<>0,$R58,"") | J58: együtt: | K58: =SUM(Q58:R58) -> 0 | L58: istentisztelet | Q58: {=INDEX(Adatlap!$C$1:$M$215,V58,$R$1)} -> 0 | R58: {=INDEX(Adatlap!$C$1:$M$215,W58,$R$1)} -> 0 | V58: =ROW(Adatlap!$B$55) -> 55 | W58: =ROW(Adatlap!$B$56) -> 56
B59: d. bűnbánati héten | F59: de.: | G59: =IF($Q59<>0,$Q59,"") | H59: du.: | I59: =IF($R59<>0,$R59,"") | J59: együtt: | K59: =SUM(Q59:R59) -> 0 | L59: istentisztelet | Q59: {=INDEX(Adatlap!$C$1:$M$215,V59,$R$1)} -> 0 | R59: {=INDEX(Adatlap!$C$1:$M$215,W59,$R$1)} -> 0 | V59: =ROW(Adatlap!$B$57) -> 57 | W59: =ROW(Adatlap!$B$58) -> 58
B60: e. bibliaórák | K60: =IF($Q60<>0,$Q60,"") | L60: alkalom | Q60: {=INDEX(Adatlap!$C$1:$M$215,V60,$R$1)} -> 0 | V60: =ROW(Adatlap!$B$59) -> 59
B61: f. kazuáliák és felkészítők | K61: =IF($Q61<>0,$Q61,"") | L61: alkalom | Q61: {=INDEX(Adatlap!$C$1:$M$215,V61,$R$1)} -> 0 | V61: =ROW(Adatlap!$B$60) -> 60
B62: g. más alkalmak | K62: =IF($Q62<>0,$Q62,"") | L62: alkalom | Q62: {=INDEX(Adatlap!$C$1:$M$215,V62,$R$1)} -> 0 | V62: =ROW(Adatlap!$B$61) -> 61
B63: h. digitális alkalmak | K63: =IF($Q63<>0,$Q63,"") | L63: alkalom | Q63: {=INDEX(Adatlap!$C$1:$M$215,V63,$R$1)} -> 0 | V63: =ROW(Adatlap!$B$62) -> 62
A64: 2. | B64: A vasárnapi istentiszteleteken részt vett átlag egy alkalommal: | R64: Lélekszám százalék számoláshoz | S64: =IF(N34=0,1,N34) -> 1
B65: de.: | C65: =IF($Q65<>0,$Q65,"") | D65: ="lélek = "&S65&"%" -> lélek = 0% | F65: du.: | G65: =IF($R65<>0,$R65,"") | H65: ="lélek = "&T65&"%" -> lélek = 0% | J65: együtt: | K65: =SUM(Q65:R65) -> 0 | L65: ="lélek = "&U65&"%" -> lélek = 0% | Q65: {=INDEX(Adatlap!$C$1:$M$215,V65,$R$1)} -> 0 | R65: {=INDEX(Adatlap!$C$1:$M$215,W65,$R$1)} -> 0 | S65: =ROUND(Q65*100/$S$64,2) -> 0 | T65: =ROUND(R65*100/$S$64,2) -> 0 | U65: =ROUND(K65*100/$S$64,2) -> 0 | V65: =ROW(Adatlap!$B$63) -> 63 | W65: =ROW(Adatlap!$B$64) -> 64
A66: 3. | B66: Az ünnepi istentiszteleteken (Újév, Böjtfő, Virágvasárnap, Nagypéntek, Mennybemenetel, Újkenyér, Reformáció, Advent, Óév) részt vett átlag egy alkalommal: | AA66: a a
B67: de.: | C67: =IF($Q67<>0,$Q67,"") | D67: ="lélek = "&S67&"%" -> lélek = 0% | F67: du.: | G67: =IF($R67<>0,$R67,"") | H67: ="lélek = "&T67&"%" -> lélek = 0% | J67: együtt: | K67: =SUM(Q67:R67) -> 0 | L67: ="lélek = "&U67&"%" -> lélek = 0% | Q67: {=INDEX(Adatlap!$C$1:$M$215,V67,$R$1)} -> 0 | R67: {=INDEX(Adatlap!$C$1:$M$215,W67,$R$1)} -> 0 | S67: =ROUND(Q67*100/$S$64,2) -> 0 | T67: =ROUND(R67*100/$S$64,2) -> 0 | U67: =ROUND(K67*100/$S$64,2) -> 0 | V67: =ROW(Adatlap!$B$65) -> 65 | W67: =ROW(Adatlap!$B$66) -> 66
A68: 4. | B68: Külön a sátoros ünnepeken:
B69: Karácsony | D69: I. de.: | E69: =IF($Q69<>0,$Q69,"") | F69: =" = "&Z69&AA69&AB69&"%" -> = 0,0% | H69: du.: | I69: =IF($R69<>0,$R69,"") | J69: =" = "&AC69&AD69&AE69&"%" -> = 0,0% | L69: együtt: | M69: =SUM(Q69:R69) -> 0 | N69: =" = "&S69&T69&U69&"%" -> = 0,0% | Q69: {=INDEX(Adatlap!$C$1:$M$215,V69,$R$1)} -> 0 | R69: {=INDEX(Adatlap!$C$1:$M$215,W69,$R$1)} -> 0 | S69: =IF(T69<10," ","") | T69: =ROUND(M69*100/$S$64,1) -> 0 | U69: =IF(T69=ROUND(T69,0),","&0,"") -> ,0 | V69: =ROW(Adatlap!$B$67) -> 67 | W69: =ROW(Adatlap!$B$68) -> 68 | Z69: =IF(AA69<10," ","") | AA69: =ROUND(Q69/$S$64*100,1) -> 0 | AB69: =IF(AA69=ROUND(AA69,0),","&0,"") -> ,0 | AC69: =IF(AD69<10," ","") | AD69: =ROUND(R69/$S$64*100,1) -> 0 | AE69: =IF(AD69=ROUND(AD69,0),","&0,"") -> ,0
B70: Karácsony | D70: II. de.: | E70: =IF($Q70<>0,$Q70,"") | F70: =" = "&Z70&AA70&AB70&"%" -> = 0,0% | H70: du.: | I70: =IF($R70<>0,$R70,"") | J70: =" = "&AC70&AD70&AE70&"%" -> = 0,0% | L70: együtt: | M70: =SUM(Q70:R70) -> 0 | N70: =" = "&S70&T70&U70&"%" -> = 0,0% | Q70: {=INDEX(Adatlap!$C$1:$M$215,V70,$R$1)} -> 0 | R70: {=INDEX(Adatlap!$C$1:$M$215,W70,$R$1)} -> 0 | S70: =IF(T70<10," ","") | T70: =ROUND(M70*100/$S$64,1) -> 0 | U70: =IF(T70=ROUND(T70,0),","&0,"") -> ,0 | V70: =ROW(Adatlap!$B$69) -> 69 | W70: =ROW(Adatlap!$B$70) -> 70 | Z70: =IF(AA70<10," ","") | AA70: =ROUND(Q70/$S$64*100,1) -> 0 | AB70: =IF(AA70=ROUND(AA70,0),","&0,"") -> ,0 | AC70: =IF(AD70<10," ","") | AD70: =ROUND(R70/$S$64*100,1) -> 0 | AE70: =IF(AD70=ROUND(AD70,0),","&0,"") -> ,0
B71: Karácsony | D71: III. de.: | E71: =IF($Q71<>0,$Q71,"") | F71: =" = "&Z71&AA71&AB71&"%" -> = 0,0% | H71: du.: | I71: =IF($R71<>0,$R71,"") | J71: =" = "&AC71&AD71&AE71&"%" -> = 0,0% | L71: együtt: | M71: =SUM(Q71:R71) -> 0 | N71: =" = "&S71&T71&U71&"%" -> = 0,0% | Q71: {=INDEX(Adatlap!$C$1:$M$215,V71,$R$1)} -> 0 | R71: {=INDEX(Adatlap!$C$1:$M$215,W71,$R$1)} -> 0 | S71: =IF(T71<10," ","") | T71: =ROUND(M71*100/$S$64,1) -> 0 | U71: =IF(T71=ROUND(T71,0),","&0,"") -> ,0 | V71: =ROW(Adatlap!$B$71) -> 71 | W71: =ROW(Adatlap!$B$72) -> 72 | Z71: =IF(AA71<10," ","") | AA71: =ROUND(Q71/$S$64*100,1) -> 0 | AB71: =IF(AA71=ROUND(AA71,0),","&0,"") -> ,0 | AC71: =IF(AD71<10," ","") | AD71: =ROUND(R71/$S$64*100,1) -> 0 | AE71: =IF(AD71=ROUND(AD71,0),","&0,"") -> ,0
B72: Húsvét | D72: I. de.: | E72: =IF($Q72<>0,$Q72,"") | F72: =" = "&Z72&AA72&AB72&"%" -> = 0,0% | H72: du.: | I72: =IF($R72<>0,$R72,"") | J72: =" = "&AC72&AD72&AE72&"%" -> = 0,0% | L72: együtt: | M72: =SUM(Q72:R72) -> 0 | N72: =" = "&S72&T72&U72&"%" -> = 0,0% | Q72: {=INDEX(Adatlap!$C$1:$M$215,V72,$R$1)} -> 0 | R72: {=INDEX(Adatlap!$C$1:$M$215,W72,$R$1)} -> 0 | S72: =IF(T72<10," ","") | T72: =ROUND(M72*100/$S$64,1) -> 0 | U72: =IF(T72=ROUND(T72,0),","&0,"") -> ,0 | V72: =ROW(Adatlap!$B$73) -> 73 | W72: =ROW(Adatlap!$B$74) -> 74 | Z72: =IF(AA72<10," ","") | AA72: =ROUND(Q72/$S$64*100,1) -> 0 | AB72: =IF(AA72=ROUND(AA72,0),","&0,"") -> ,0 | AC72: =IF(AD72<10," ","") | AD72: =ROUND(R72/$S$64*100,1) -> 0 | AE72: =IF(AD72=ROUND(AD72,0),","&0,"") -> ,0
B73: Húsvét | D73: II. de.: | E73: =IF($Q73<>0,$Q73,"") | F73: =" = "&Z73&AA73&AB73&"%" -> = 0,0% | H73: du.: | I73: =IF($R73<>0,$R73,"") | J73: =" = "&AC73&AD73&AE73&"%" -> = 0,0% | L73: együtt: | M73: =SUM(Q73:R73) -> 0 | N73: =" = "&S73&T73&U73&"%" -> = 0,0% | Q73: {=INDEX(Adatlap!$C$1:$M$215,V73,$R$1)} -> 0 | R73: {=INDEX(Adatlap!$C$1:$M$215,W73,$R$1)} -> 0 | S73: =IF(T73<10," ","") | T73: =ROUND(M73*100/$S$64,1) -> 0 | U73: =IF(T73=ROUND(T73,0),","&0,"") -> ,0 | V73: =ROW(Adatlap!$B$75) -> 75 | W73: =ROW(Adatlap!$B$76) -> 76 | Z73: =IF(AA73<10," ","") | AA73: =ROUND(Q73/$S$64*100,1) -> 0 | AB73: =IF(AA73=ROUND(AA73,0),","&0,"") -> ,0 | AC73: =IF(AD73<10," ","") | AD73: =ROUND(R73/$S$64*100,1) -> 0 | AE73: =IF(AD73=ROUND(AD73,0),","&0,"") -> ,0
B74: Húsvét | D74: III. de.: | E74: =IF($Q74<>0,$Q74,"") | F74: =" = "&Z74&AA74&AB74&"%" -> = 0,0% | H74: du.: | I74: =IF($R74<>0,$R74,"") | J74: =" = "&AC74&AD74&AE74&"%" -> = 0,0% | L74: együtt: | M74: =SUM(Q74:R74) -> 0 | N74: =" = "&S74&T74&U74&"%" -> = 0,0% | Q74: {=INDEX(Adatlap!$C$1:$M$215,V74,$R$1)} -> 0 | R74: {=INDEX(Adatlap!$C$1:$M$215,W74,$R$1)} -> 0 | S74: =IF(T74<10," ","") | T74: =ROUND(M74*100/$S$64,1) -> 0 | U74: =IF(T74=ROUND(T74,0),","&0,"") -> ,0 | V74: =ROW(Adatlap!$B$77) -> 77 | W74: =ROW(Adatlap!$B$78) -> 78 | Z74: =IF(AA74<10," ","") | AA74: =ROUND(Q74/$S$64*100,1) -> 0 | AB74: =IF(AA74=ROUND(AA74,0),","&0,"") -> ,0 | AC74: =IF(AD74<10," ","") | AD74: =ROUND(R74/$S$64*100,1) -> 0 | AE74: =IF(AD74=ROUND(AD74,0),","&0,"") -> ,0
B75: Pünkösd | D75: I. de.: | E75: =IF($Q75<>0,$Q75,"") | F75: =" = "&Z75&AA75&AB75&"%" -> = 0,0% | H75: du.: | I75: =IF($R75<>0,$R75,"") | J75: =" = "&AC75&AD75&AE75&"%" -> = 0,0% | L75: együtt: | M75: =SUM(Q75:R75) -> 0 | N75: =" = "&S75&T75&U75&"%" -> = 0,0% | Q75: {=INDEX(Adatlap!$C$1:$M$215,V75,$R$1)} -> 0 | R75: {=INDEX(Adatlap!$C$1:$M$215,W75,$R$1)} -> 0 | S75: =IF(T75<10," ","") | T75: =ROUND(M75*100/$S$64,1) -> 0 | U75: =IF(T75=ROUND(T75,0),","&0,"") -> ,0 | V75: =ROW(Adatlap!$B$79) -> 79 | W75: =ROW(Adatlap!$B$80) -> 80 | Z75: =IF(AA75<10," ","") | AA75: =ROUND(Q75/$S$64*100,1) -> 0 | AB75: =IF(AA75=ROUND(AA75,0),","&0,"") -> ,0 | AC75: =IF(AD75<10," ","") | AD75: =ROUND(R75/$S$64*100,1) -> 0 | AE75: =IF(AD75=ROUND(AD75,0),","&0,"") -> ,0
B76: Pünkösd | D76: II. de.: | E76: =IF($Q76<>0,$Q76,"") | F76: =" = "&Z76&AA76&AB76&"%" -> = 0,0% | H76: du.: | I76: =IF($R76<>0,$R76,"") | J76: =" = "&AC76&AD76&AE76&"%" -> = 0,0% | L76: együtt: | M76: =SUM(Q76:R76) -> 0 | N76: =" = "&S76&T76&U76&"%" -> = 0,0% | Q76: {=INDEX(Adatlap!$C$1:$M$215,V76,$R$1)} -> 0 | R76: {=INDEX(Adatlap!$C$1:$M$215,W76,$R$1)} -> 0 | S76: =IF(T76<10," ","") | T76: =ROUND(M76*100/$S$64,1) -> 0 | U76: =IF(T76=ROUND(T76,0),","&0,"") -> ,0 | V76: =ROW(Adatlap!$B$81) -> 81 | W76: =ROW(Adatlap!$B$82) -> 82 | Z76: =IF(AA76<10," ","") | AA76: =ROUND(Q76/$S$64*100,1) -> 0 | AB76: =IF(AA76=ROUND(AA76,0),","&0,"") -> ,0 | AC76: =IF(AD76<10," ","") | AD76: =ROUND(R76/$S$64*100,1) -> 0 | AE76: =IF(AD76=ROUND(AD76,0),","&0,"") -> ,0
B77: Pünkösd | D77: III. de.: | E77: =IF($Q77<>0,$Q77,"") | F77: =" = "&Z77&AA77&AB77&"%" -> = 0,0% | H77: du.: | I77: =IF($R77<>0,$R77,"") | J77: =" = "&AC77&AD77&AE77&"%" -> = 0,0% | L77: együtt: | M77: =SUM(Q77:R77) -> 0 | N77: =" = "&S77&T77&U77&"%" -> = 0,0% | Q77: {=INDEX(Adatlap!$C$1:$M$215,V77,$R$1)} -> 0 | R77: {=INDEX(Adatlap!$C$1:$M$215,W77,$R$1)} -> 0 | S77: =IF(T77<10," ","") | T77: =ROUND(M77*100/$S$64,1) -> 0 | U77: =IF(T77=ROUND(T77,0),","&0,"") -> ,0 | V77: =ROW(Adatlap!$B$83) -> 83 | W77: =ROW(Adatlap!$B$84) -> 84 | Z77: =IF(AA77<10," ","") | AA77: =ROUND(Q77/$S$64*100,1) -> 0 | AB77: =IF(AA77=ROUND(AA77,0),","&0,"") -> ,0 | AC77: =IF(AD77<10," ","") | AD77: =ROUND(R77/$S$64*100,1) -> 0 | AE77: =IF(AD77=ROUND(AD77,0),","&0,"") -> ,0
A78: 5. | B78: A rendszeresen tartott hétköznapi istentiszteleteken részt vett átlag egy alkalommal:
B79: de.: | C79: =IF($Q79<>0,$Q79,"") | D79: ="lélek = "&S79&"%" -> lélek = 0% | F79: du.: | G79: =IF($R79<>0,$R79,"") | H79: ="lélek = "&T79&"%" -> lélek = 0% | J79: együtt: | K79: =SUM(Q79:R79) -> 0 | L79: ="lélek = "&U79&"%" -> lélek = 0% | Q79: {=INDEX(Adatlap!$C$1:$M$215,V79,$R$1)} -> 0 | R79: {=INDEX(Adatlap!$C$1:$M$215,W79,$R$1)} -> 0 | S79: =ROUND(Q79*100/$S$64,2) -> 0 | T79: =ROUND(R79*100/$S$64,2) -> 0 | U79: =ROUND(K79*100/$S$64,2) -> 0 | V79: =ROW(Adatlap!$B$85) -> 85 | W79: =ROW(Adatlap!$B$86) -> 86
A80: 6. | B80: A bűnbánati istentiszteleteken részt vett átlag egy alkalommal:
B81: de.: | C81: =IF($Q81<>0,$Q81,"") | D81: ="lélek = "&S81&"%" -> lélek = 0% | F81: du.: | G81: =IF($R81<>0,$R81,"") | H81: ="lélek = "&T81&"%" -> lélek = 0% | J81: együtt: | K81: =SUM(Q81:R81) -> 0 | L81: ="lélek = "&U81&"%" -> lélek = 0% | Q81: {=INDEX(Adatlap!$C$1:$M$215,V81,$R$1)} -> 0 | R81: {=INDEX(Adatlap!$C$1:$M$215,W81,$R$1)} -> 0 | S81: =ROUND(Q81*100/$S$64,2) -> 0 | T81: =ROUND(R81*100/$S$64,2) -> 0 | U81: =ROUND(K81*100/$S$64,2) -> 0 | V81: =ROW(Adatlap!$B$87) -> 87 | W81: =ROW(Adatlap!$B$88) -> 88
A82: 7. | B82: Hány alkalommal volt úrvacsoraosztás az év folyamán? | K82: =IF($Q82<>0,$Q82,"") | Q82: {=INDEX(Adatlap!$C$1:$M$215,V82,$R$1)} -> 0 | V82: =ROW(Adatlap!$B$89) -> 89
A83: 8. | B83: Úrvacsorával élt átlag egy alkalommal: | H83: férfi: | I83: =IF($Q83<>0,$Q83,"") | J83: nő: | K83: =IF($R83<>0,$R83,"") | L83: együtt: | M83: =SUM(Q83:R83) -> 0 | N83: =" = "&T83&"%" -> = 0% | Q83: {=INDEX(Adatlap!$C$1:$M$215,V83,$R$1)} -> 0 | R83: {=INDEX(Adatlap!$C$1:$M$215,W83,$R$1)} -> 0 | T83: =ROUND(M83*100/$S$64,0) -> 0 | V83: =ROW(Adatlap!$B$90) -> 90 | W83: =ROW(Adatlap!$B$91) -> 91
A85: III. Gyülekezetgondozás | AA85: a a a
A86: 1. | B86: ="Az év folyamán tartott bibliaórák száma összesen: "&Q86&", melyből" -> Az év folyamán tartott bibliaórák száma összesen: 0, melyből | Q86: =SUM(Q87:S88,R89,T89) -> 0
B87: ="felnőtt bibliaóra: "&IF($Q87<>0,$Q87,"") -> felnőtt bibliaóra: | H87: ="ifjúsági bibliaóra: "&IF($R87<>0,$R87,"") -> ifjúsági bibliaóra: | K87: ="presbiteri bibliaóra: "&IF($S87<>0,$S87,"") -> presbiteri bibliaóra: | Q87: {=INDEX(Adatlap!$C$1:$M$215,V87,$R$1)} -> 0 | R87: {=INDEX(Adatlap!$C$1:$M$215,W87,$R$1)} -> 0 | S87: {=INDEX(Adatlap!$C$1:$M$215,X87,$R$1)} -> 0 | V87: =ROW(Adatlap!$B$93) -> 93 | W87: =ROW(Adatlap!$B$94) -> 94 | X87: =ROW(Adatlap!$B$95) -> 95
B88: ="nőszövetségi bibliaóra: "&IF($Q88<>0,$Q88,"") -> nőszövetségi bibliaóra: | H88: ="házasok bibliaórája: "&IF($R88<>0,$R88,"") -> házasok bibliaórája: | Q88: {=INDEX(Adatlap!$C$1:$M$215,V88,$R$1)} -> 0 | R88: {=INDEX(Adatlap!$C$1:$M$215,W88,$R$1)} -> 0 | V88: =ROW(Adatlap!$B$96) -> 96 | W88: =ROW(Adatlap!$B$97) -> 97
B89: =IF(R89<>0,Z89&Q89&": "&R89,"") | H89: =IF(T89<>0,Z89&S89&": "&T89,"") | Q89: {=IF(INDEX(Adatlap!$C$1:$M$215,V89,$R$1)<>0,INDEX(Adatlap!$C$1:$M$215,V89,$R$1),"")} | R89: {=INDEX(Adatlap!$C$1:$M$215,W89,$R$1)} -> 0 | S89: {=IF(INDEX(Adatlap!$C$1:$M$215,X89,$R$1)<>0,INDEX(Adatlap!$C$1:$M$215,X89,$R$1),"")} | T89: {=INDEX(Adatlap!$C$1:$M$215,Y89,$R$1)} -> 0 | V89: =ROW(Adatlap!$B$98) -> 98 | W89: =ROW(Adatlap!$B$99) -> 99 | X89: =ROW(Adatlap!$B$100) -> 100 | Y89: =ROW(Adatlap!$B$101) -> 101 | Z89: más bibliaórák -
A90: 2. | B90: ="Vallásos ünnepélyek száma az év folyamán: "&IF($Q90<>0,$Q90,"") -> Vallásos ünnepélyek száma az év folyamán: | Q90: {=INDEX(Adatlap!$C$1:$M$215,V90,$R$1)} -> 0 | V90: =ROW(Adatlap!$B$102) -> 102
A91: 3. | B91: ="Szeretetvendégségek száma az év folyamán: "&IF($Q91<>0,$Q91,"") -> Szeretetvendégségek száma az év folyamán: | Q91: {=INDEX(Adatlap!$C$1:$M$215,V91,$R$1)} -> 0 | V91: =ROW(Adatlap!$B$103) -> 103
A92: 4. | B92: ="Az egyetemes imahetet megtartották: "&IF($Q92<>0,$Q92,"") -> Az egyetemes imahetet megtartották: | Q92: {=INDEX(Adatlap!$C$1:$M$215,V92,$R$1)} -> 0 | V92: =ROW(Adatlap!$B$104) -> 104
B93: =IF(Adatlap!C104=Adatlap!A248,Z93&" "&IF($Q93<>0,$Q93,""),"") | Q93: {=INDEX(Adatlap!$C$1:$M$215,V93,$R$1)} -> 0 | V93: =ROW(Adatlap!$B$105) -> 105 | Z93: Ha vendégszolgálatok nélkül tartották, mi az oka?
B94: ="Ezen részt vett átlag egy alkalommal összesen: "&IF($Q94<>0,$Q94,"")&" lélek = "&IF($S94<>0,$S94,"")&"%" -> Ezen részt vett átlag egy alkalommal összesen: lélek = % | Q94: {=INDEX(Adatlap!$C$1:$M$215,V94,$R$1)} -> 0 | S94: =ROUND(Q94*100/$S$64,2) -> 0 | V94: =ROW(Adatlap!$B$106) -> 106
A95: 5. | B95: ="A lelkipásztor az év folyamán meglátogatott "&IF($Q95<>0,$Q95,"")&" családot és "&IF($R95<>0,$R95,"")&" beteget." -> A lelkipásztor az év folyamán meglátogatott családot és beteget. | Q95: {=INDEX(Adatlap!$C$1:$M$215,V95,$R$1)} -> 0 | R95: {=INDEX(Adatlap!$C$1:$M$215,W95,$R$1)} -> 0 | V95: =ROW(Adatlap!$B$107) -> 107 | W95: =ROW(Adatlap!$B$108) -> 108
A96: 6. | B96: ="A presbiterek végeztek-e családlátogatást? "&IF($Q96<>0,$Q96,"") -> A presbiterek végeztek-e családlátogatást? | Q96: {=UPPER(INDEX(Adatlap!$C$1:$M$215,V96,$R$1))} | V96: =ROW(Adatlap!$B$109) -> 109
A97: 7. | B97: ="Választott presbiterek száma: "&IF($Q97<>0,$Q97,"") -> Választott presbiterek száma: | I97: ="Pótpresbiterek száma: "&IF($R97<>0,$R97,"") -> Pótpresbiterek száma: | Q97: {=INDEX(Adatlap!$C$1:$M$215,V97,$R$1)} -> 0 | R97: {=INDEX(Adatlap!$C$1:$M$215,W97,$R$1)} -> 0 | V97: =ROW(Adatlap!$B$110) -> 110 | W97: =ROW(Adatlap!$B$111) -> 111
A98: 8. | B98: ="Az év folyamán tartottak "&IF($Q98<>0,$Q98,"--")&" presbiteri felkészítőt." -> Az év folyamán tartottak -- presbiteri felkészítőt. | Q98: {=INDEX(Adatlap!$C$1:$M$215,V98,$R$1)} -> 0 | V98: =ROW(Adatlap!$B$112) -> 112
A99: 9. | B99: ="Fegyelmi esetek száma: "&Q99&Z99&IF(R99<>0,R99,"") -> Fegyelmi esetek száma: 0 Oka: | Q99: {=INDEX(Adatlap!$C$1:$M$215,V99,$R$1)} -> 0 | R99: {=INDEX(Adatlap!$C$1:$M$215,W99,$R$1)} -> 0 | V99: =ROW(Adatlap!$B$113) -> 113 | W99: =ROW(Adatlap!$B$114) -> 114 | Z99: Oka: | AA99: a a
A100: 10. | B100: ="Hány körzetre van osztva a gyülekezet? "&IF($Q100<>0,$Q100,"") -> Hány körzetre van osztva a gyülekezet? | Q100: {=INDEX(Adatlap!$C$1:$M$215,V100,$R$1)} -> 0 | V100: =ROW(Adatlap!$B$115) -> 115
A101: 11. | B101: ="Hány közgyűlést tartottak az év folyamán? "&IF($Q101<>0,$Q101,"") -> Hány közgyűlést tartottak az év folyamán? | Q101: {=INDEX(Adatlap!$C$1:$M$215,V101,$R$1)} -> 0 | V101: =ROW(Adatlap!$B$116) -> 116
A102: 12. | B102: ="Az utolsó vizitációk dátuma: esperesi - "&IF($Q102<>0,$S102,"")&"; generális - "&IF($R102<>0,$T102,"")&"." -> Az utolsó vizitációk dátuma: esperesi - ; generális - . | Q102: {=INDEX(Adatlap!$C$1:$M$215,V102,$R$1)} -> 0 | R102: {=INDEX(Adatlap!$C$1:$M$215,W102,$R$1)} -> 0 | S102: =IF(Q102<>0,Z102&AA102&AB102,"--------") -> -------- | T102: =IF(R102<>0,AC102&AD102&AE102,"--------") -> -------- | V102: =ROW(Adatlap!$B$117) -> 117 | W102: =ROW(Adatlap!$B$118) -> 118 | Z102: =YEAR(Q102) -> 1900 | AA102: =VLOOKUP(MONTH(Q102),AD1:AF12,3,FALSE) -> . január | AB102: =DAY(Q102) -> 0 | AC102: =YEAR(R102) -> 1900 | AD102: =VLOOKUP(MONTH(R102),AD1:AF12,3,FALSE) -> . január | AE102: =DAY(R102) -> 0
A103: 13. | B103: ="Van-e testvérgyülekezete az egyházközségnek, és ha igen, hol: "&IF($Q103<>0,$Q103,"") -> Van-e testvérgyülekezete az egyházközségnek, és ha igen, hol: | Q103: {=UPPER(INDEX(Adatlap!$C$1:$M$215,V103,$R$1))} | V103: =ROW(Adatlap!$B$119) -> 119
...

Sheet Sugo_lelkeszi jelenteshez
B1: Súgó a lelkészi jelentés kitöltéséhez.
B2: Jelen lelkészi jelentés űrlapot az Igazgatótanács a 2025. október 8-án tartott ülésén 65/2025. szám alatt fogadta el. Az új űrlap két változatban érhető el, egyszerű űrlapként, és egybeépítve a digitális munkanaplóval. Jelen lelkészi jelentés 2026-tól kötelező. A lelkészi jelentés 2026-tól kezdődőleg magába foglalja a lélekszámjelentést, az építési-javítási jelentést, és a diakóniai jelentést. A felsorolt jelentéseket nem kell külön elkészíteni, leadni. | P2: a a a a a
B3: Új fejezetek a korábbi jelentéshez képest: IV. Belmissziós tevékenységek; VI. Szeretetszolgálat; VIII. Ingatlanok
B4: Fejezeteken belül új sorok is kerültek be a jelentésbe.
B6: A papíron leadandó lelkészi jelentést a "Jelentés" munkalapon lehet kinyomtatni. Ezen a lapon nem lehet megváltoztatni az adatokat.
B7: Adatokat bevinni a jelentésbe az csak az "Adatlap" munkalapokon lehet, az ide bevitt adatokat dolgozza fel és rendszerezi a "Jelentés" munkalap. | H7: a a
B8: Az "Adalap" munkalap 10 kitölthető oszlopot tartalmaz, 10 év jelentését lehet bevezetni.
B9: A "Jelentés" munkalap fejlécén ki lehet választani a nyomtatáshoz az évszámot, vagy az összesítő lehetőséget.
B10: Az "Adatlap" színeiről:
C11: Fejezeteket elválasztó sor, nem módosítható | E11: a a
C12: Képletet, vagy magyarázatot tartalmazó cella, nem módosítható | E12: a a
C13: Kitölthető cella | E13: a a
C14: Világosszürke cella, korlátozott adatbeviteli lehetőség, csak a lenyílóban található lehetőségekből lehet választani. | E14: a a
C17: Fejléc/évszám
C18: Egyházmegye | D18: Az egyházmegye nevét a lenyílóból lehet kiválasztani
C19: Egyházközség neve (Református Egyházközség nélkül) | D19: Az egyházközség nevét egyszer kell beírni, "Református Egyházközség nélkül"
C20: Lelkipásztor | D20: Lelkipásztor neve, egyszer kell beírni, átveszi a következő év, de rá lehet javítani lelkipásztor csere esetében.
C21: Főgondnok/Gondnok | D21: Ki lehet választani a gondnok / főgondnok lehetőséget
C22: Presbiteri gyűlés dátuma | D22: Dátum írható
C23: Határozat száma
C24: Közgyűlés dátuma | D24: Dátum írható
C25: Határozat száma
C26: Egyházközségi iktatószám
B27: I. Adatok a lélekszámról
B28: 1. | C28: Az_előző_évi_lélekszám: férfi | D28: Egész szám írható be. A kezdés évében kell beírni, a későbbi éveknél képlet számolja ki a kezdő lélekszámot
C29: nő | D29: Egész szám írható be. A kezdés évében kell beírni, a későbbi éveknél képlet számolja ki a kezdő lélekszámot
B30: 2. | C30: Keresztelésben_részesült: férfi | D30: Az adatokat a digitális munkanaplóból, a "Szolgálati_alkalmak" lapról veszi át. ("F. keresztelő" szolgálatok száma)
C31: nő | D31: Az adatokat a digitális munkanaplóból, a "Szolgálati_alkalmak" lapról veszi át. ("N. keresztelő" szolgálatok száma)
B32: 3. | C32: Eltemettetett: férfi | D32: Az adatokat a digitális munkanaplóból, a "Szolgálati_alkalmak" lapról veszi át. ("F. temetés" szolgálatok száma)
C33: nő | D33: Az adatokat a digitális munkanaplóból, a "Szolgálati_alkalmak" lapról veszi át. ("N. temetés" szolgálatok száma)
B34: 6. | C34: Egyházunkba_tért: férfi | D34: Egész szám írható be.
C35: nő | D35: Egész szám írható be.
C36: Milyen felekezetből: | D36: Szöveg írható be, max. 200 karakter
B37: 7. | C37: Egyházunkból_kitért: férfi | D37: Egész szám írható be.
C38: nő | D38: Egész szám írható be.
C39: Milyen felekezetbe: | D39: Szöveg írható be, max. 200 karakter
B40: 8. | C40: Beköltözött_az_egyházközségbe: férfi | D40: Egész szám írható be.
C41: nő | D41: Egész szám írható be.
B42: 9. | C42: Kiköltözött_más_egyházközségbe: férfi | D42: Egész szám írható be.
C43: nő | D43: Egész szám írható be.
B44: 10. | C44: Kiköltözött_külföldre: férfi | D44: Egész szám írható be.
C45: nő | D45: Egész szám írható be.
B46: 14. | C46: A gyülekezet választói névjegyzékében szereplő tagjainak száma: | D46: Egész szám írható be, az érvényben levő választók névjegyzéke szerint.
B47: 15. | C47: Az egyházfenntartás személyenkénti éves meghatározott összege: | D47: Egész szám írható be, a lelkészi jelentés évére vonatkozó összeg, nem a következő évi, amit a közgyűlés megszavaz a lelkészi jelentéssel együtt.
B48: 16. | C48: Azon felnőtt egyháztagok száma, akik 5 vagy annál több éve nem fizetik az egyházfenntartói járulékot: | D48: Egész szám írható be.
B49: 17. | C49: Gyülekezet lélekszámában jelentős (10 személynél több), más nemzetiségű egyháztagok száma: Román | D49: Egész szám írható be.
C50: Német | D50: Egész szám írható be.
C51: Roma | D51: Egész szám írható be.
C52: Más (kérjük megnevezni) | D52: Szöveg írható be, max. 200 karakter
C53: más tagok száma | D53: Egész szám írható be.
B54: 18. | C54: Külföldön élő egyháztagok száma, akik életvitelszerűen külföldön élnek, vagy évi több mint 6 hónapot külföldön tartózkodnak: | D54: Egész szám írható be.
B55: 19. | C55: Más településen élő egyháztagok száma: | D55: Egész szám írható be.
B56: 20. | C56: Más gyülekezetben is tagságot vállaló egyháztagok száma: | D56: Egész szám írható be.
B57: 21. | C57: Családok száma az előző évben | D57: Egész szám írható be. A kezdés évében kell beírni, a későbbi éveknél képlet számolja ki az előző évi családszámot.
B58: 22. | C58: Családok_száma_dec. 31-én: Egyező_vallású | D58: Egész szám írható be.
C59: Vegyes vallású | D59: Egész szám írható be.
C60: Özvegy | D60: Egész szám írható be.
C61: Egyedülálló, (30 évet betöltött és nőtlen) | D61: Egész szám írható be.
B62: 23. | C62: Házassági_esküt_tett: Egyező_vallású | D62: Egész szám írható be. | E62: Azonos esketés
C63: Nem egyező vallású | D63: Egész szám írható be. | E63: Vegyes esketés
C64: Azonos nemzetiségű | D64: Egész szám írható be.
C65: Nem azonos nemzetiségű | D65: Egész szám írható be.
B66: II. Istentisztelet
B67: 1. | C67: a._közönséges_vasárnapon: de. | D67: A vasárnap délelőtti istentiszteletek számát kell beírni, egész számmal.
C68: du. | D68: A vasárnap délutáni istentiszteletek számát kell beírni, egész számmal.
C69: b._ünnepnapokon: de. | D69: A sátoros ünnepek és Újév, Böjtfő, Virágvasárnap, Nagypéntek, Mennybemenetel, Újkenyér, Reformáció, Advent, Óév délelőtti istentiszteletek száma.
C70: du. | D70: A sátoros ünnepek és Újév, Böjtfő, Virágvasárnap, Nagypéntek, Mennybemenetel, Újkenyér, Reformáció, Advent, Óév délutáni istentiszteletek száma.
C71: c._rendszeres_hétköznapi_i.t.: de. | D71: A rendszeresen tartott hétköznap délelőtti istentiszteletek istentiszteletek száma kerül ide. Az alkalmi hétköznapi istentiszteletek nem kerülhetnek ide.
C72: du. | D72: A rendszeresen tartott hétköznap délutáni istentiszteletek istentiszteletek száma kerül ide. Az alkalmi hétköznapi istentiszteletek nem kerülhetnek ide.
C73: d._bűnbánati_héten: de. | D73: Bűnbánati istentiszteletek száma, délelőtt
C74: du. | D74: Bűnbánati istentiszteletek száma, délután
C75: e. bibliaórák | D75: Az összes bibliaóra száma kerül ide, a különböző bibliaórák számát a gyülekezetgondozás fejezetben lehet részletezni.
C76: f. kazuáliák és felkészítők | D76: Keresztelések, házasságkötések és felkészítőik valamint a temetések és virrasztók száma kerül ide.
C77: g. más alkalmak | D77: Azon szolgálatok száma, amelyek nem illeszthetőek be fenti felsorolásba.
C78: h. digitális alkalmak | D78: A kizárólag digitális alkalmak nyilvántartására. A közvetített alkalmakat nem kell ide beírni.
B79: 2. | C79: A vasárnapi istentiszteleteken részt vett átlag egy alkalommal: de. | D79: Ha egy gyülekezetben egy vasárnap vagy ünnepnap délelőtt, vagy délután több istentisztelet van, akkor az átlagot nem az istentiszteletek számával számoljuk, hanem a vasárnapok, ünnepnapok számával.
C80: du. | D80: Pl ha egy évben van 45 közönséges vasárnap, és egy gyülekezetben van délelőtt 9 és 11 órától is istentisztelet, akkor összesen 90 vasárnap délelőtti istentisztelet tartanak. Az átlag számításánál az összrésztvevők számát nem 90-nel (a szolgálatok számával) kell osztani, hanem a vasárnapok számával, 45-el. Így kapjuk meg, hogy egy vasárnap délelőtt hányan voltak átlagosan istentiszteleten. Ha a vasárnapok számával osztunk, akkor feleződik ebben az esetben a templomlátogatók átlaga.
B81: 3. | C81: Az ünnepi istentiszteleteken (Újév, Böjtfő, Virágvasárnap, Nagypéntek, Mennybemenetel, Újkenyér, Reformáció, Advent, Óév) részt vett átlag egy alkalommal: de.
C82: du.
B83: 4. | C83: Karácsony_I. de.
C84: du.
C85: Karácsony_II. de.
C86: du.
C87: Karácsony_III. de.
C88: du.
C89: Húsvét_I. de.
C90: du.
C91: Húsvét_II. de.
C92: du.
C93: Húsvét_III. de.
C94: du.
C95: Pünkösd_I. de.
... C100: du.
B101: 5. | C101: A rendszeresen tartott hétköznapi istentisz- teleteken részt vett átlag egy alkalommal: de.
C102: du.
B103: 6. | C103: A bűnbánati istentiszteleteken részt vett átlag egy alkalommal: de.
C104: du.
B105: 7. | C105: Hány alkalommal volt úrvacsoraosztás az év folyamán? | D105: Az úrvacsoraosztások száma azon ünnepek számát jelenti, amikor volt úrvacsoraosztás, nem pedig úrvacsorás istentiszteletek számát. Pl. ha húsvét I. napján van úrvacsoraosztás de. 9, de. 11 és du. 3 órakor, és húsvét II. napján is van úrvacsoraosztás, akkor ez nem négy alkalmat jelent, hanem egyet, a húsvéti úrvacsorát.
B106: 8. | C106: Úrvacsorával élt átlag egy alkalommal: férfi | D106: Az átlagot a fenti számmal számmal számoljuk ki.
C107: nő
...
