Workbook
Name DeDu: Szolgalati_alkalmak!$AB$1:$AB$3
Name evek: Adatlap!$C$1:$M$1
Name NaploNy: Nyomtathato_munkanaplo!$A$3:INDEX(Nyomtathato_munkanaplo!$K:$K,Nyomtathato_munkanaplo!$P$1)
Name Szolgalatok: Szolgalati_alkalmak!$BA$3:$BA$41

Sheet Szolgalati_alkalmak
B1: =Nyomtathato_munkanaplo!Q1 -> 2026 | D1: =Adatlap!C3&" Református Egyházközség" -> Református Egyházközség | T1: Az áthúzás, kivágás, másolás, beillesztés lehetőségeket ne használd. | Y1: =DATE(Adatlap!C1,1,1) -> 46023 | Z1: =MAX(Z4,Z10000) -> 1 | AB1: Du. | BB1: It száma | BD1: It összesen | BE1: részt vett de | BH1: részt vett du | BM1: Statisztika de | BP1: Statisztika du | BS1: Bűnbánati hetek száma | BT1: =IF(BU1=7,42,36) -> 36
D2: Szolgálati alkalmak | T2: Ha valamit rossz helyre írtál, töröld ki és írd újra a megfelelő helyre. | Y2: 1 | AB2: De.2 | BB2: de | BC2: du | BE2: de férfi | BF2: de nő | BG2: Összesen | BH2: du férfi | BI2: du nő | BM2: Férfi | BN2: Nő | BO2: Összesen | BP2: Férfi | BQ2: Nő | BR2: Összesen | BS2: Úrvacsorák száma | BT2: =IF(ISNUMBER(BU2)=TRUE,BU2,0) -> 0
D3: S.sz. | E3: Dátum | F3: Szolgálat jellege | G3: Du. | H3: Férfi | I3: Nő | J3: Bibliaolvasás | K3: Alapige | L3: 1. ének | M3: 2. ének | N3: 3. ének | O3: 4. ének | P3: 5. ének | Q3: 6. ének | R3: Szolgált | S3: Perselypénz | T3: Megjegyzés | AA3: De | AB3: Du.2 | AZ3: 1 | BA3: Vasárnapi i.t. | BB3: =COUNTIF($AA$4:$AA$10000,BA3) -> 0 | BC3: =COUNTIF($AB$4:$AB$10000,BA3) -> 0 | BE3: =SUMIF($AA$4:$AA$10000,BA3,$H$4:$H$10000) -> 0 | BF3: =SUMIF($AA$4:$AA$10000,BA3,$I$4:$I$10000) -> 0 | BG3: =SUM(BE3:BF3) -> 0 | BH3: =SUMIF($AB$4:$AB$10000,BA3,$H$4:$H$10000) -> 0 | BI3: =SUMIF($AB$4:$AB$10000,BA3,$I$4:$I$10000) -> 0 | BJ3: =SUM(BH3:BI3) -> 0 | BO3: =IF(BB3<>0,ROUND(BG3/BB3,2),"") | BR3: =IF(BC3<>0,ROUND(BJ3/BC3,2),"")
B4: =IF($B$1=YEAR(Z4),D4,0) -> 0 | D4: 1 | Z4: =IF(CONCATENATE(F4,F5,F6,F7,F8,F9)<>"",IF(AND(E4<>0,ISNUMBER(E4)=TRUE),E4,Z3),$Y$2) -> 1 | AC4: =YEAR(Z4)&F4&G4 -> 1900 | AZ4: 2 | BA4: Ünnepi i.t. | BB4: =COUNTIF($AA$4:$AA$10000,BA4) -> 0 | BC4: =COUNTIF($AB$4:$AB$10000,BA4) -> 0 | BE4: =SUMIF($AA$4:$AA$10000,BA4,$H$4:$H$10000) -> 0 | BF4: =SUMIF($AA$4:$AA$10000,BA4,$I$4:$I$10000) -> 0 | BG4: =SUM(BE4:BF4) -> 0 | BH4: =SUMIF($AB$4:$AB$10000,BA4,$H$4:$H$10000) -> 0 | BI4: =SUMIF($AB$4:$AB$10000,BA4,$I$4:$I$10000) -> 0 | BJ4: =SUM(BH4:BI4) -> 0 | BO4: =IF(BB4<>0,ROUND(BG4/BB4,2),"") | BR4: =IF(BC4<>0,ROUND(BJ4/BC4,2),"")
B5: =IF($B$1=YEAR(Z5),D5,0) -> 0 | D5: =IF(Z5<>$Y$2,IF(YEAR(Z5)=YEAR(Z4),D4+1,1),"") | Z5: =IF(CONCATENATE(F5,F6,F7,F8,F9,F10)<>"",IF(AND(E5<>0,ISNUMBER(E5)=TRUE),E5,Z4),$Y$2) -> 1 | AC5: =YEAR(Z5)&F5&G5 -> 1900 | AZ5: 3 | BA5: Bűnbánati i.t. | BB5: =COUNTIF($AA$4:$AA$10000,BA5) -> 0 | BC5: =COUNTIF($AB$4:$AB$10000,BA5) -> 0 | BE5: =SUMIF($AA$4:$AA$10000,BA5,$H$4:$H$10000) -> 0 | BF5: =SUMIF($AA$4:$AA$10000,BA5,$I$4:$I$10000) -> 0 | BG5: =SUM(BE5:BF5) -> 0 | BH5: =SUMIF($AB$4:$AB$10000,BA5,$H$4:$H$10000) -> 0 | BI5: =SUMIF($AB$4:$AB$10000,BA5,$I$4:$I$10000) -> 0 | BJ5: =SUM(BH5:BI5) -> 0 | BO5: =IF(BB5<>0,ROUND(BG5/BB5,2),"") | BR5: =IF(BC5<>0,ROUND(BJ5/BC5,2),"")
B6: =IF($B$1=YEAR(Z6),D6,0) -> 0 | D6: =IF(Z6<>$Y$2,IF(YEAR(Z6)=YEAR(Z5),D5+1,1),"") | Z6: =IF(CONCATENATE(F6,F7,F8,F9,F10,F11)<>"",IF(AND(E6<>0,ISNUMBER(E6)=TRUE),E6,Z5),$Y$2) -> 1 | AC6: =YEAR(Z6)&F6&G6 -> 1900 | AZ6: 4 | BA6: Hétköznapi i.t. | BB6: =COUNTIF($AA$4:$AA$10000,BA6) -> 0 | BC6: =COUNTIF($AB$4:$AB$10000,BA6) -> 0 | BE6: =SUMIF($AA$4:$AA$10000,BA6,$H$4:$H$10000) -> 0 | BF6: =SUMIF($AA$4:$AA$10000,BA6,$I$4:$I$10000) -> 0 | BH6: =SUMIF($AB$4:$AB$10000,BA6,$H$4:$H$10000) -> 0 | BI6: =SUMIF($AB$4:$AB$10000,BA6,$I$4:$I$10000) -> 0 | BM6: =SUM(BE6,BH6,BE7,BH7) -> 0 | BN6: =SUM(BF6,BI6,BF7,BI7) -> 0 | BP6: =IF(BT2<>0,ROUND(BM6/BT2,2),"") | BQ6: =IF(BT2<>0,ROUND(BN6/BT2,2),"") | BR6: =IF(BC6<>0,ROUND(BJ6/BC6,2),"")
B7: =IF($B$1=YEAR(Z7),D7,0) -> 0 | D7: =IF(Z7<>$Y$2,IF(YEAR(Z7)=YEAR(Z6),D6+1,1),"") | Z7: =IF(CONCATENATE(F7,F8,F9,F10,F11,F12)<>"",IF(AND(E7<>0,ISNUMBER(E7)=TRUE),E7,Z6),$Y$2) -> 1 | AC7: =YEAR(Z7)&F7&G7 -> 1900 | AZ7: 5 | BA7: Úrvacsora templomban | BB7: =COUNTIF($AA$4:$AA$10000,BA7) -> 0 | BC7: =COUNTIF($AB$4:$AB$10000,BA7) -> 0 | BE7: =SUMIF($AA$4:$AA$10000,BA7,$H$4:$H$10000) -> 0 | BF7: =SUMIF($AA$4:$AA$10000,BA7,$I$4:$I$10000) -> 0 | BH7: =SUMIF($AB$4:$AB$10000,BA7,$H$4:$H$10000) -> 0 | BI7: =SUMIF($AB$4:$AB$10000,BA7,$I$4:$I$10000) -> 0
B8: =IF($B$1=YEAR(Z8),D8,0) -> 0 | D8: =IF(Z8<>$Y$2,IF(YEAR(Z8)=YEAR(Z7),D7+1,1),"") | Z8: =IF(CONCATENATE(F8,F9,F10,F11,F12,F13)<>"",IF(AND(E8<>0,ISNUMBER(E8)=TRUE),E8,Z7),$Y$2) -> 1 | AC8: =YEAR(Z8)&F8&G8 -> 1900 | AZ8: 6 | BA8: Betegúrvacsora | BB8: =COUNTIF($AA$4:$AA$10000,BA8) -> 0 | BC8: =COUNTIF($AB$4:$AB$10000,BA8) -> 0 | BD8: =SUM(BB8:BC8) -> 0 | BE8: =SUMIF($AA$4:$AA$10000,BA8,$H$4:$H$10000) -> 0 | BF8: =SUMIF($AA$4:$AA$10000,BA8,$I$4:$I$10000) -> 0 | BG8: =SUM(BE8:BF8) -> 0 | BH8: =SUMIF($AB$4:$AB$10000,BA8,$H$4:$H$10000) -> 0 | BI8: =SUMIF($AB$4:$AB$10000,BA8,$I$4:$I$10000) -> 0 | BJ8: =SUM(BH8:BI8) -> 0 | BO8: =IF(SUM(BD8:BD11)<>0,ROUND(SUM(BG8:BG11,BJ8:BJ11)/SUM(BD8:BD11),2),"")
B9: =IF($B$1=YEAR(Z9),D9,0) -> 0 | D9: =IF(Z9<>$Y$2,IF(YEAR(Z9)=YEAR(Z8),D8+1,1),"") | Z9: =IF(CONCATENATE(F9,F10,F11,F12,F13,F14)<>"",IF(AND(E9<>0,ISNUMBER(E9)=TRUE),E9,Z8),$Y$2) -> 1 | AC9: =YEAR(Z9)&F9&G9 -> 1900 | AZ9: 7 | BA9: Felnőtt bibliaóra | BB9: =COUNTIF($AA$4:$AA$10000,BA9) -> 0 | BC9: =COUNTIF($AB$4:$AB$10000,BA9) -> 0 | BD9: =SUM(BB9:BC9) -> 0 | BE9: =SUMIF($AA$4:$AA$10000,BA9,$H$4:$H$10000) -> 0 | BF9: =SUMIF($AA$4:$AA$10000,BA9,$I$4:$I$10000) -> 0 | BG9: =SUM(BE9:BF9) -> 0 | BH9: =SUMIF($AB$4:$AB$10000,BA9,$H$4:$H$10000) -> 0 | BI9: =SUMIF($AB$4:$AB$10000,BA9,$I$4:$I$10000) -> 0 | BJ9: =SUM(BH9:BI9) -> 0
B10: =IF($B$1=YEAR(Z10),D10,0) -> 0 | D10: =IF(Z10<>$Y$2,IF(YEAR(Z10)=YEAR(Z9),D9+1,1),"") | Z10: =IF(CONCATENATE(F10,F11,F12,F13,F14,F15)<>"",IF(AND(E10<>0,ISNUMBER(E10)=TRUE),E10,Z9),$Y$2) -> 1 | AC10: =YEAR(Z10)&F10&G10 -> 1900 | AZ10: 8 | BA10: Ifj. vagy IKE bibliaóra | BB10: =COUNTIF($AA$4:$AA$10000,BA10) -> 0 | BC10: =COUNTIF($AB$4:$AB$10000,BA10) -> 0 | BD10: =SUM(BB10:BC10) -> 0 | BE10: =SUMIF($AA$4:$AA$10000,BA10,$H$4:$H$10000) -> 0 | BF10: =SUMIF($AA$4:$AA$10000,BA10,$I$4:$I$10000) -> 0 | BG10: =SUM(BE10:BF10) -> 0 | BH10: =SUMIF($AB$4:$AB$10000,BA10,$H$4:$H$10000) -> 0 | BI10: =SUMIF($AB$4:$AB$10000,BA10,$I$4:$I$10000) -> 0 | BJ10: =SUM(BH10:BI10) -> 0
B11: =IF($B$1=YEAR(Z11),D11,0) -> 0 | D11: =IF(Z11<>$Y$2,IF(YEAR(Z11)=YEAR(Z10),D10+1,1),"") | Z11: =IF(CONCATENATE(F11,F12,F13,F14,F15,F16)<>"",IF(AND(E11<>0,ISNUMBER(E11)=TRUE),E11,Z10),$Y$2) -> 1 | AC11: =YEAR(Z11)&F11&G11 -> 1900 | AZ11: 9 | BA11: Presbiteri bibliaóra | BB11: =COUNTIF($AA$4:$AA$10000,BA11) -> 0 | BC11: =COUNTIF($AB$4:$AB$10000,BA11) -> 0 | BD11: =SUM(BB11:BC11) -> 0 | BE11: =SUMIF($AA$4:$AA$10000,BA11,$H$4:$H$10000) -> 0 | BF11: =SUMIF($AA$4:$AA$10000,BA11,$I$4:$I$10000) -> 0 | BG11: =SUM(BE11:BF11) -> 0 | BH11: =SUMIF($AB$4:$AB$10000,BA11,$H$4:$H$10000) -> 0 | BI11: =SUMIF($AB$4:$AB$10000,BA11,$I$4:$I$10000) -> 0 | BJ11: =SUM(BH11:BI11) -> 0
B12: =IF($B$1=YEAR(Z12),D12,0) -> 0 | D12: =IF(Z12<>$Y$2,IF(YEAR(Z12)=YEAR(Z11),D11+1,1),"") | Z12: =IF(CONCATENATE(F12,F13,F14,F15,F16,F17)<>"",IF(AND(E12<>0,ISNUMBER(E12)=TRUE),E12,Z11),$Y$2) -> 1 | AC12: =YEAR(Z12)&F12&G12 -> 1900 | AZ12: 10 | BA12: Nőszöv. bibliaóra | BB12: =COUNTIF($AA$4:$AA$10000,BA12) -> 0 | BC12: =COUNTIF($AB$4:$AB$10000,BA12) -> 0 | BD12: =SUM(BB12:BC12) -> 0 | BE12: =SUMIF($AA$4:$AA$10000,BA12,$H$4:$H$10000) -> 0 | BF12: =SUMIF($AA$4:$AA$10000,BA12,$I$4:$I$10000) -> 0 | BH12: =SUMIF($AB$4:$AB$10000,BA12,$H$4:$H$10000) -> 0 | BI12: =SUMIF($AB$4:$AB$10000,BA12,$I$4:$I$10000) -> 0
B13: =IF($B$1=YEAR(Z13),D13,0) -> 0 | D13: =IF(Z13<>$Y$2,IF(YEAR(Z13)=YEAR(Z12),D12+1,1),"") | Z13: =IF(CONCATENATE(F13,F14,F15,F16,F17,F18)<>"",IF(AND(E13<>0,ISNUMBER(E13)=TRUE),E13,Z12),$Y$2) -> 1 | AC13: =YEAR(Z13)&F13&G13 -> 1900 | AZ13: 11 | BA13: Házasok bibliaórája | BB13: =COUNTIF($AA$4:$AA$10000,BA13) -> 0 | BC13: =COUNTIF($AB$4:$AB$10000,BA13) -> 0 | BD13: =SUM(BB13:BC13) -> 0 | BE13: =SUMIF($AA$4:$AA$10000,BA13,$H$4:$H$10000) -> 0 | BF13: =SUMIF($AA$4:$AA$10000,BA13,$I$4:$I$10000) -> 0 | BH13: =SUMIF($AB$4:$AB$10000,BA13,$H$4:$H$10000) -> 0 | BI13: =SUMIF($AB$4:$AB$10000,BA13,$I$4:$I$10000) -> 0
B14: =IF($B$1=YEAR(Z14),D14,0) -> 0 | D14: =IF(Z14<>$Y$2,IF(YEAR(Z14)=YEAR(Z13),D13+1,1),"") | Z14: =IF(CONCATENATE(F14,F15,F16,F17,F18,F19)<>"",IF(AND(E14<>0,ISNUMBER(E14)=TRUE),E14,Z13),$Y$2) -> 1 | AC14: =YEAR(Z14)&F14&G14 -> 1900 | AZ14: 12 | BA14: Más bibliaóra 1 | BB14: =COUNTIF($AA$4:$AA$10000,BA14) -> 0 | BC14: =COUNTIF($AB$4:$AB$10000,BA14) -> 0 | BD14: =SUM(BB14:BC14) -> 0 | BE14: =SUMIF($AA$4:$AA$10000,BA14,$H$4:$H$10000) -> 0 | BF14: =SUMIF($AA$4:$AA$10000,BA14,$I$4:$I$10000) -> 0 | BH14: =SUMIF($AB$4:$AB$10000,BA14,$H$4:$H$10000) -> 0 | BI14: =SUMIF($AB$4:$AB$10000,BA14,$I$4:$I$10000) -> 0
B15: =IF($B$1=YEAR(Z15),D15,0) -> 0 | D15: =IF(Z15<>$Y$2,IF(YEAR(Z15)=YEAR(Z14),D14+1,1),"") | Z15: =IF(CONCATENATE(F15,F16,F17,F18,F19,F20)<>"",IF(AND(E15<>0,ISNUMBER(E15)=TRUE),E15,Z14),$Y$2) -> 1 | AC15: =YEAR(Z15)&F15&G15 -> 1900 | AZ15: 13 | BA15: Más bibliaóra 2 | BB15: =COUNTIF($AA$4:$AA$10000,BA15) -> 0 | BC15: =COUNTIF($AB$4:$AB$10000,BA15) -> 0 | BD15: =SUM(BB15:BC15) -> 0 | BE15: =SUMIF($AA$4:$AA$10000,BA15,$H$4:$H$10000) -> 0 | BF15: =SUMIF($AA$4:$AA$10000,BA15,$I$4:$I$10000) -> 0 | BH15: =SUMIF($AB$4:$AB$10000,BA15,$H$4:$H$10000) -> 0 | BI15: =SUMIF($AB$4:$AB$10000,BA15,$I$4:$I$10000) -> 0
B16: =IF($B$1=YEAR(Z16),D16,0) -> 0 | D16: =IF(Z16<>$Y$2,IF(YEAR(Z16)=YEAR(Z15),D15+1,1),"") | Z16: =IF(CONCATENATE(F16,F17,F18,F19,F20,F21)<>"",IF(AND(E16<>0,ISNUMBER(E16)=TRUE),E16,Z15),$Y$2) -> 1 | AC16: =YEAR(Z16)&F16&G16 -> 1900 | AZ16: 14 | BA16: F. keresztelő | BB16: =COUNTIF($AA$4:$AA$10000,BA16) -> 0 | BC16: =COUNTIF($AB$4:$AB$10000,BA16) -> 0 | BD16: =SUM(BB16:BC16) -> 0 | BE16: =SUMIF($AA$4:$AA$10000,BA16,$H$4:$H$10000) -> 0 | BF16: =SUMIF($AA$4:$AA$10000,BA16,$I$4:$I$10000) -> 0 | BH16: =SUMIF($AB$4:$AB$10000,BA16,$H$4:$H$10000) -> 0 | BI16: =SUMIF($AB$4:$AB$10000,BA16,$I$4:$I$10000) -> 0
B17: =IF($B$1=YEAR(Z17),D17,0) -> 0 | D17: =IF(Z17<>$Y$2,IF(YEAR(Z17)=YEAR(Z16),D16+1,1),"") | Z17: =IF(CONCATENATE(F17,F18,F19,F20,F21,F22)<>"",IF(AND(E17<>0,ISNUMBER(E17)=TRUE),E17,Z16),$Y$2) -> 1 | AC17: =YEAR(Z17)&F17&G17 -> 1900 | AZ17: 15 | BA17: N. keresztelő | BB17: =COUNTIF($AA$4:$AA$10000,BA17) -> 0 | BC17: =COUNTIF($AB$4:$AB$10000,BA17) -> 0 | BD17: =SUM(BB17:BC17) -> 0 | BE17: =SUMIF($AA$4:$AA$10000,BA17,$H$4:$H$10000) -> 0 | BF17: =SUMIF($AA$4:$AA$10000,BA17,$I$4:$I$10000) -> 0 | BH17: =SUMIF($AB$4:$AB$10000,BA17,$H$4:$H$10000) -> 0 | BI17: =SUMIF($AB$4:$AB$10000,BA17,$I$4:$I$10000) -> 0
B18: =IF($B$1=YEAR(Z18),D18,0) -> 0 | D18: =IF(Z18<>$Y$2,IF(YEAR(Z18)=YEAR(Z17),D17+1,1),"") | Z18: =IF(CONCATENATE(F18,F19,F20,F21,F22,F23)<>"",IF(AND(E18<>0,ISNUMBER(E18)=TRUE),E18,Z17),$Y$2) -> 1 | AC18: =YEAR(Z18)&F18&G18 -> 1900 | AZ18: 16 | BA18: Keresztelői felkészítő | BB18: =COUNTIF($AA$4:$AA$10000,BA18) -> 0 | BC18: =COUNTIF($AB$4:$AB$10000,BA18) -> 0 | BD18: =SUM(BB18:BC18) -> 0 | BE18: =SUMIF($AA$4:$AA$10000,BA18,$H$4:$H$10000) -> 0 | BF18: =SUMIF($AA$4:$AA$10000,BA18,$I$4:$I$10000) -> 0 | BH18: =SUMIF($AB$4:$AB$10000,BA18,$H$4:$H$10000) -> 0 | BI18: =SUMIF($AB$4:$AB$10000,BA18,$I$4:$I$10000) -> 0
B19: =IF($B$1=YEAR(Z19),D19,0) -> 0 | D19: =IF(Z19<>$Y$2,IF(YEAR(Z19)=YEAR(Z18),D18+1,1),"") | Z19: =IF(CONCATENATE(F19,F20,F21,F22,F23,F24)<>"",IF(AND(E19<>0,ISNUMBER(E19)=TRUE),E19,Z18),$Y$2) -> 1 | AC19: =YEAR(Z19)&F19&G19 -> 1900 | AZ19: 17 | BA19: F. temetés | BB19: =COUNTIF($AA$4:$AA$10000,BA19) -> 0 | BC19: =COUNTIF($AB$4:$AB$10000,BA19) -> 0 | BD19: =SUM(BB19:BC19) -> 0 | BE19: =SUMIF($AA$4:$AA$10000,BA19,$H$4:$H$10000) -> 0 | BF19: =SUMIF($AA$4:$AA$10000,BA19,$I$4:$I$10000) -> 0 | BH19: =SUMIF($AB$4:$AB$10000,BA19,$H$4:$H$10000) -> 0 | BI19: =SUMIF($AB$4:$AB$10000,BA19,$I$4:$I$10000) -> 0
B20: =IF($B$1=YEAR(Z20),D20,0) -> 0 | D20: =IF(Z20<>$Y$2,IF(YEAR(Z20)=YEAR(Z19),D19+1,1),"") | Z20: =IF(CONCATENATE(F20,F21,F22,F23,F24,F25)<>"",IF(AND(E20<>0,ISNUMBER(E20)=TRUE),E20,Z19),$Y$2) -> 1 | AC20: =YEAR(Z20)&F20&G20 -> 1900 | AZ20: 18 | BA20: N. temetés | BB20: =COUNTIF($AA$4:$AA$10000,BA20) -> 0 | BC20: =COUNTIF($AB$4:$AB$10000,BA20) -> 0 | BD20: =SUM(BB20:BC20) -> 0 | BE20: =SUMIF($AA$4:$AA$10000,BA20,$H$4:$H$10000) -> 0 | BF20: =SUMIF($AA$4:$AA$10000,BA20,$I$4:$I$10000) -> 0 | BG20: =SUM(BE20:BF20) -> 0 | BH20: =SUMIF($AB$4:$AB$10000,BA20,$H$4:$H$10000) -> 0 | BI20: =SUMIF($AB$4:$AB$10000,BA20,$I$4:$I$10000) -> 0 | BJ20: =SUM(BH20:BI20) -> 0 | BO20: =IF(BB20<>0,ROUND(BG20/BB20,2),"") | BR20: =IF(BC20<>0,ROUND(BJ20/BC20,2),"")
B21: =IF($B$1=YEAR(Z21),D21,0) -> 0 | D21: =IF(Z21<>$Y$2,IF(YEAR(Z21)=YEAR(Z20),D20+1,1),"") | Z21: =IF(CONCATENATE(F21,F22,F23,F24,F25,F26)<>"",IF(AND(E21<>0,ISNUMBER(E21)=TRUE),E21,Z20),$Y$2) -> 1 | AC21: =YEAR(Z21)&F21&G21 -> 1900 | AZ21: 19 | BA21: Virrasztó | BB21: =COUNTIF($AA$4:$AA$10000,BA21) -> 0 | BC21: =COUNTIF($AB$4:$AB$10000,BA21) -> 0 | BD21: =SUM(BB21:BC21) -> 0 | BE21: =SUMIF($AA$4:$AA$10000,BA21,$H$4:$H$10000) -> 0 | BF21: =SUMIF($AA$4:$AA$10000,BA21,$I$4:$I$10000) -> 0 | BG21: =SUM(BE21:BF21) -> 0 | BH21: =SUMIF($AB$4:$AB$10000,BA21,$H$4:$H$10000) -> 0 | BI21: =SUMIF($AB$4:$AB$10000,BA21,$I$4:$I$10000) -> 0 | BJ21: =SUM(BH21:BI21) -> 0 | BO21: =IF(BD21<>0,ROUND(SUM(BG21,BJ21)/BD21,2),"") | BR21: =IF(BC21<>0,ROUND(BJ21/BC21,2),"")
B22: =IF($B$1=YEAR(Z22),D22,0) -> 0 | D22: =IF(Z22<>$Y$2,IF(YEAR(Z22)=YEAR(Z21),D21+1,1),"") | Z22: =IF(CONCATENATE(F22,F23,F24,F25,F26,F27)<>"",IF(AND(E22<>0,ISNUMBER(E22)=TRUE),E22,Z21),$Y$2) -> 1 | AC22: =YEAR(Z22)&F22&G22 -> 1900 | AZ22: 20 | BA22: Azonos esketés | BB22: =COUNTIF($AA$4:$AA$10000,BA22) -> 0 | BC22: =COUNTIF($AB$4:$AB$10000,BA22) -> 0 | BE22: =SUMIF($AA$4:$AA$10000,BA22,$H$4:$H$10000) -> 0 | BF22: =SUMIF($AA$4:$AA$10000,BA22,$I$4:$I$10000) -> 0 | BG22: =SUM(BE22:BF22) -> 0 | BH22: =SUMIF($AB$4:$AB$10000,BA22,$H$4:$H$10000) -> 0 | BI22: =SUMIF($AB$4:$AB$10000,BA22,$I$4:$I$10000) -> 0 | BJ22: =SUM(BH22:BI22) -> 0 | BO22: =IF(BB22<>0,ROUND(BG22/BB22,2),"") | BR22: =IF(BC22<>0,ROUND(BJ22/BC22,2),"")
B23: =IF($B$1=YEAR(Z23),D23,0) -> 0 | D23: =IF(Z23<>$Y$2,IF(YEAR(Z23)=YEAR(Z22),D22+1,1),"") | Z23: =IF(CONCATENATE(F23,F24,F25,F26,F27,F28)<>"",IF(AND(E23<>0,ISNUMBER(E23)=TRUE),E23,Z22),$Y$2) -> 1 | AC23: =YEAR(Z23)&F23&G23 -> 1900 | AZ23: 21 | BA23: Vegyes esketés | BB23: =COUNTIF($AA$4:$AA$10000,BA23) -> 0 | BC23: =COUNTIF($AB$4:$AB$10000,BA23) -> 0 | BE23: =SUMIF($AA$4:$AA$10000,BA23,$H$4:$H$10000) -> 0 | BF23: =SUMIF($AA$4:$AA$10000,BA23,$I$4:$I$10000) -> 0 | BG23: =SUM(BE23:BF23) -> 0 | BH23: =SUMIF($AB$4:$AB$10000,BA23,$H$4:$H$10000) -> 0 | BI23: =SUMIF($AB$4:$AB$10000,BA23,$I$4:$I$10000) -> 0 | BJ23: =SUM(BH23:BI23) -> 0 | BO23: =IF(BB23<>0,ROUND(BG23/BB23,2),"") | BR23: =IF(BC23<>0,ROUND(BJ23/BC23,2),"")
B24: =IF($B$1=YEAR(Z24),D24,0) -> 0 | D24: =IF(Z24<>$Y$2,IF(YEAR(Z24)=YEAR(Z23),D23+1,1),"") | Z24: =IF(CONCATENATE(F24,F25,F26,F27,F28,F29)<>"",IF(AND(E24<>0,ISNUMBER(E24)=TRUE),E24,Z23),$Y$2) -> 1 | AC24: =YEAR(Z24)&F24&G24 -> 1900 | AZ24: 22 | BA24: Jegyesbeszélgetés | BB24: =COUNTIF($AA$4:$AA$10000,BA24) -> 0 | BC24: =COUNTIF($AB$4:$AB$10000,BA24) -> 0 | BE24: =SUMIF($AA$4:$AA$10000,BA24,$H$4:$H$10000) -> 0 | BF24: =SUMIF($AA$4:$AA$10000,BA24,$I$4:$I$10000) -> 0 | BG24: =SUM(BE24:BF24) -> 0 | BH24: =SUMIF($AB$4:$AB$10000,BA24,$H$4:$H$10000) -> 0 | BI24: =SUMIF($AB$4:$AB$10000,BA24,$I$4:$I$10000) -> 0 | BJ24: =SUM(BH24:BI24) -> 0 | BO24: =IF(BB24<>0,ROUND(BG24/BB24,2),"") | BR24: =IF(BC24<>0,ROUND(BJ24/BC24,2),"")
B25: =IF($B$1=YEAR(Z25),D25,0) -> 0 | D25: =IF(Z25<>$Y$2,IF(YEAR(Z25)=YEAR(Z24),D24+1,1),"") | Z25: =IF(CONCATENATE(F25,F26,F27,F28,F29,F30)<>"",IF(AND(E25<>0,ISNUMBER(E25)=TRUE),E25,Z24),$Y$2) -> 1 | AC25: =YEAR(Z25)&F25&G25 -> 1900 | AZ25: 23 | BA25: Digitális alkalmak | BB25: =COUNTIF($AA$4:$AA$10000,BA25) -> 0 | BC25: =COUNTIF($AB$4:$AB$10000,BA25) -> 0 | BE25: =SUMIF($AA$4:$AA$10000,BA25,$H$4:$H$10000) -> 0 | BF25: =SUMIF($AA$4:$AA$10000,BA25,$I$4:$I$10000) -> 0 | BG25: =SUM(BE25:BF25) -> 0 | BH25: =SUMIF($AB$4:$AB$10000,BA25,$H$4:$H$10000) -> 0 | BI25: =SUMIF($AB$4:$AB$10000,BA25,$I$4:$I$10000) -> 0 | BJ25: =SUM(BH25:BI25) -> 0 | BO25: =IF(BB25<>0,ROUND(BG25/BB25,2),"") | BR25: =IF(BC25<>0,ROUND(BJ25/BC25,2),"")
B26: =IF($B$1=YEAR(Z26),D26,0) -> 0 | D26: =IF(Z26<>$Y$2,IF(YEAR(Z26)=YEAR(Z25),D25+1,1),"") | Z26: =IF(CONCATENATE(F26,F27,F28,F29,F30,F31)<>"",IF(AND(E26<>0,ISNUMBER(E26)=TRUE),E26,Z25),$Y$2) -> 1 | AC26: =YEAR(Z26)&F26&G26 -> 1900 | AZ26: 24 | BA26: Imahét | BB26: =COUNTIF($AA$4:$AA$10000,BA26) -> 0 | BC26: =COUNTIF($AB$4:$AB$10000,BA26) -> 0 | BE26: =SUMIF($AA$4:$AA$10000,BA26,$H$4:$H$10000) -> 0 | BF26: =SUMIF($AA$4:$AA$10000,BA26,$I$4:$I$10000) -> 0 | BG26: =SUM(BE26:BF26) -> 0 | BH26: =SUMIF($AB$4:$AB$10000,BA26,$H$4:$H$10000) -> 0 | BI26: =SUMIF($AB$4:$AB$10000,BA26,$I$4:$I$10000) -> 0 | BJ26: =SUM(BH26:BI26) -> 0 | BO26: =IF(BB26<>0,ROUND(BG26/BB26,2),"") | BR26: =IF(BC26<>0,ROUND(BJ26/BC26,2),"")
B27: =IF($B$1=YEAR(Z27),D27,0) -> 0 | D27: =IF(Z27<>$Y$2,IF(YEAR(Z27)=YEAR(Z26),D26+1,1),"") | Z27: =IF(CONCATENATE(F27,F28,F29,F30,F31,F32)<>"",IF(AND(E27<>0,ISNUMBER(E27)=TRUE),E27,Z26),$Y$2) -> 1 | AC27: =YEAR(Z27)&F27&G27 -> 1900 | AZ27: 25 | BA27: Húsvét I. it. | BB27: =COUNTIF($AA$4:$AA$10000,BA27) -> 0 | BC27: =COUNTIF($AB$4:$AB$10000,BA27) -> 0 | BE27: =SUMIF($AA$4:$AA$10000,BA27,$H$4:$H$10000) -> 0 | BF27: =SUMIF($AA$4:$AA$10000,BA27,$I$4:$I$10000) -> 0 | BG27: =SUM(BE27:BF27) -> 0 | BH27: =SUMIF($AB$4:$AB$10000,BA27,$H$4:$H$10000) -> 0 | BI27: =SUMIF($AB$4:$AB$10000,BA27,$I$4:$I$10000) -> 0 | BJ27: =SUM(BH27:BI27) -> 0 | BO27: =IF(BB27<>0,ROUND(BG27/BB27,2),"") | BR27: =IF(BC27<>0,ROUND(BJ27/BC27,2),"")
B28: =IF($B$1=YEAR(Z28),D28,0) -> 0 | D28: =IF(Z28<>$Y$2,IF(YEAR(Z28)=YEAR(Z27),D27+1,1),"") | Z28: =IF(CONCATENATE(F28,F29,F30,F31,F32,F33)<>"",IF(AND(E28<>0,ISNUMBER(E28)=TRUE),E28,Z27),$Y$2) -> 1 | AC28: =YEAR(Z28)&F28&G28 -> 1900 | AZ28: 26 | BA28: Húsvét II. it. | BB28: =COUNTIF($AA$4:$AA$10000,BA28) -> 0 | BC28: =COUNTIF($AB$4:$AB$10000,BA28) -> 0 | BE28: =SUMIF($AA$4:$AA$10000,BA28,$H$4:$H$10000) -> 0 | BF28: =SUMIF($AA$4:$AA$10000,BA28,$I$4:$I$10000) -> 0 | BG28: =SUM(BE28:BF28) -> 0 | BH28: =SUMIF($AB$4:$AB$10000,BA28,$H$4:$H$10000) -> 0 | BI28: =SUMIF($AB$4:$AB$10000,BA28,$I$4:$I$10000) -> 0 | BJ28: =SUM(BH28:BI28) -> 0 | BO28: =IF(BB28<>0,ROUND(BG28/BB28,2),"") | BR28: =IF(BC28<>0,ROUND(BJ28/BC28,2),"")
B29: =IF($B$1=YEAR(Z29),D29,0) -> 0 | D29: =IF(Z29<>$Y$2,IF(YEAR(Z29)=YEAR(Z28),D28+1,1),"") | Z29: =IF(CONCATENATE(F29,F30,F31,F32,F33,F34)<>"",IF(AND(E29<>0,ISNUMBER(E29)=TRUE),E29,Z28),$Y$2) -> 1 | AC29: =YEAR(Z29)&F29&G29 -> 1900 | AZ29: 27 | BA29: Húsvét III. it. | BB29: =COUNTIF($AA$4:$AA$10000,BA29) -> 0 | BC29: =COUNTIF($AB$4:$AB$10000,BA29) -> 0 | BE29: =SUMIF($AA$4:$AA$10000,BA29,$H$4:$H$10000) -> 0 | BF29: =SUMIF($AA$4:$AA$10000,BA29,$I$4:$I$10000) -> 0 | BG29: =SUM(BE29:BF29) -> 0 | BH29: =SUMIF($AB$4:$AB$10000,BA29,$H$4:$H$10000) -> 0 | BI29: =SUMIF($AB$4:$AB$10000,BA29,$I$4:$I$10000) -> 0 | BJ29: =SUM(BH29:BI29) -> 0 | BO29: =IF(BB29<>0,ROUND(BG29/BB29,2),"") | BR29: =IF(BC29<>0,ROUND(BJ29/BC29,2),"")
B30: =IF($B$1=YEAR(Z30),D30,0) -> 0 | D30: =IF(Z30<>$Y$2,IF(YEAR(Z30)=YEAR(Z29),D29+1,1),"") | Z30: =IF(CONCATENATE(F30,F31,F32,F33,F34,F35)<>"",IF(AND(E30<>0,ISNUMBER(E30)=TRUE),E30,Z29),$Y$2) -> 1 | AC30: =YEAR(Z30)&F30&G30 -> 1900 | AZ30: 28 | BA30: Pünkösd I. it. | BB30: =COUNTIF($AA$4:$AA$10000,BA30) -> 0 | BC30: =COUNTIF($AB$4:$AB$10000,BA30) -> 0 | BE30: =SUMIF($AA$4:$AA$10000,BA30,$H$4:$H$10000) -> 0 | BF30: =SUMIF($AA$4:$AA$10000,BA30,$I$4:$I$10000) -> 0 | BG30: =SUM(BE30:BF30) -> 0 | BH30: =SUMIF($AB$4:$AB$10000,BA30,$H$4:$H$10000) -> 0 | BI30: =SUMIF($AB$4:$AB$10000,BA30,$I$4:$I$10000) -> 0 | BJ30: =SUM(BH30:BI30) -> 0 | BO30: =IF(BB30<>0,ROUND(BG30/BB30,2),"") | BR30: =IF(BC30<>0,ROUND(BJ30/BC30,2),"")
B31: =IF($B$1=YEAR(Z31),D31,0) -> 0 | D31: =IF(Z31<>$Y$2,IF(YEAR(Z31)=YEAR(Z30),D30+1,1),"") | Z31: =IF(CONCATENATE(F31,F32,F33,F34,F35,F36)<>"",IF(AND(E31<>0,ISNUMBER(E31)=TRUE),E31,Z30),$Y$2) -> 1 | AC31: =YEAR(Z31)&F31&G31 -> 1900 | AZ31: 29 | BA31: Pünkösd II. it. | BB31: =COUNTIF($AA$4:$AA$10000,BA31) -> 0 | BC31: =COUNTIF($AB$4:$AB$10000,BA31) -> 0 | BD31: =SUM(BB31:BC31) -> 0 | BE31: =SUMIF($AA$4:$AA$10000,BA31,$H$4:$H$10000) -> 0 | BF31: =SUMIF($AA$4:$AA$10000,BA31,$I$4:$I$10000) -> 0 | BG31: =SUM(BE31:BF31) -> 0 | BH31: =SUMIF($AB$4:$AB$10000,BA31,$H$4:$H$10000) -> 0 | BI31: =SUMIF($AB$4:$AB$10000,BA31,$I$4:$I$10000) -> 0 | BJ31: =SUM(BH31:BI31) -> 0 | BO31: =IF(BD31<>0,ROUND(SUM(BG31,BJ31)/BD31,2),"")
B32: =IF($B$1=YEAR(Z32),D32,0) -> 0 | D32: =IF(Z32<>$Y$2,IF(YEAR(Z32)=YEAR(Z31),D31+1,1),"") | Z32: =IF(CONCATENATE(F32,F33,F34,F35,F36,F37)<>"",IF(AND(E32<>0,ISNUMBER(E32)=TRUE),E32,Z31),$Y$2) -> 1 | AC32: =YEAR(Z32)&F32&G32 -> 1900 | AZ32: 30 | BA32: Pünkösd III. it. | BB32: =COUNTIF($AA$4:$AA$10000,BA32) -> 0 | BC32: =COUNTIF($AB$4:$AB$10000,BA32) -> 0 | BD32: =SUM(BB32:BC32) -> 0 | BE32: =SUMIF($AA$4:$AA$10000,BA32,$H$4:$H$10000) -> 0 | BF32: =SUMIF($AA$4:$AA$10000,BA32,$I$4:$I$10000) -> 0 | BG32: =SUM(BE32:BF32) -> 0 | BH32: =SUMIF($AB$4:$AB$10000,BA32,$H$4:$H$10000) -> 0 | BI32: =SUMIF($AB$4:$AB$10000,BA32,$I$4:$I$10000) -> 0 | BJ32: =SUM(BH32:BI32) -> 0 | BO32: =IF(BD32<>0,ROUND(SUM(BG32,BJ32)/BD32,2),"")
B33: =IF($B$1=YEAR(Z33),D33,0) -> 0 | D33: =IF(Z33<>$Y$2,IF(YEAR(Z33)=YEAR(Z32),D32+1,1),"") | Z33: =IF(CONCATENATE(F33,F34,F35,F36,F37,F38)<>"",IF(AND(E33<>0,ISNUMBER(E33)=TRUE),E33,Z32),$Y$2) -> 1 | AC33: =YEAR(Z33)&F33&G33 -> 1900 | AZ33: 31 | BA33: Karácsony I. it. | BB33: =COUNTIF($AA$4:$AA$10000,BA33) -> 0 | BC33: =COUNTIF($AB$4:$AB$10000,BA33) -> 0 | BD33: =SUM(BB33:BC33) -> 0 | BE33: =SUMIF($AA$4:$AA$10000,BA33,$H$4:$H$10000) -> 0 | BF33: =SUMIF($AA$4:$AA$10000,BA33,$I$4:$I$10000) -> 0 | BG33: =SUM(BE33:BF33) -> 0 | BH33: =SUMIF($AB$4:$AB$10000,BA33,$H$4:$H$10000) -> 0 | BI33: =SUMIF($AB$4:$AB$10000,BA33,$I$4:$I$10000) -> 0 | BJ33: =SUM(BH33:BI33) -> 0 | BO33: =IF(BD33<>0,ROUND(SUM(BG33,BJ33)/BD33,2),"")
B34: =IF($B$1=YEAR(Z34),D34,0) -> 0 | D34: =IF(Z34<>$Y$2,IF(YEAR(Z34)=YEAR(Z33),D33+1,1),"") | Z34: =IF(CONCATENATE(F34,F35,F36,F37,F38,F39)<>"",IF(AND(E34<>0,ISNUMBER(E34)=TRUE),E34,Z33),$Y$2) -> 1 | AC34: =YEAR(Z34)&F34&G34 -> 1900 | AZ34: 32 | BA34: Karácsony II. it.
B35: =IF($B$1=YEAR(Z35),D35,0) -> 0 | D35: =IF(Z35<>$Y$2,IF(YEAR(Z35)=YEAR(Z34),D34+1,1),"") | Z35: =IF(CONCATENATE(F35,F36,F37,F38,F39,F40)<>"",IF(AND(E35<>0,ISNUMBER(E35)=TRUE),E35,Z34),$Y$2) -> 1 | AC35: =YEAR(Z35)&F35&G35 -> 1900 | AZ35: 33 | BA35: Karácsony III. it.
B36: =IF($B$1=YEAR(Z36),D36,0) -> 0 | D36: =IF(Z36<>$Y$2,IF(YEAR(Z36)=YEAR(Z35),D35+1,1),"") | Z36: =IF(CONCATENATE(F36,F37,F38,F39,F40,F41)<>"",IF(AND(E36<>0,ISNUMBER(E36)=TRUE),E36,Z35),$Y$2) -> 1 | AC36: =YEAR(Z36)&F36&G36 -> 1900 | AZ36: 34 | BA36: Vallásos ünnepély
B37: =IF($B$1=YEAR(Z37),D37,0) -> 0 | D37: =IF(Z37<>$Y$2,IF(YEAR(Z37)=YEAR(Z36),D36+1,1),"") | Z37: =IF(CONCATENATE(F37,F38,F39,F40,F41,F42)<>"",IF(AND(E37<>0,ISNUMBER(E37)=TRUE),E37,Z36),$Y$2) -> 1 | AC37: =YEAR(Z37)&F37&G37 -> 1900 | AZ37: 35 | BA37: Szeretetvendégség
B38: =IF($B$1=YEAR(Z38),D38,0) -> 0 | D38: =IF(Z38<>$Y$2,IF(YEAR(Z38)=YEAR(Z37),D37+1,1),"") | Z38: =IF(CONCATENATE(F38,F39,F40,F41,F42,F43)<>"",IF(AND(E38<>0,ISNUMBER(E38)=TRUE),E38,Z37),$Y$2) -> 1 | AC38: =YEAR(Z38)&F38&G38 -> 1900 | AZ38: 36 | BA38: Egyéb szolgálat
B39: =IF($B$1=YEAR(Z39),D39,0) -> 0 | D39: =IF(Z39<>$Y$2,IF(YEAR(Z39)=YEAR(Z38),D38+1,1),"") | Z39: =IF(CONCATENATE(F39,F40,F41,F42,F43,F44)<>"",IF(AND(E39<>0,ISNUMBER(E39)=TRUE),E39,Z38),$Y$2) -> 1 | AC39: =YEAR(Z39)&F39&G39 -> 1900 | AZ39: 37 | BA39: Presbiteri felkészítő
B40: =IF($B$1=YEAR(Z40),D40,0) -> 0 | D40: =IF(Z40<>$Y$2,IF(YEAR(Z40)=YEAR(Z39),D39+1,1),"") | Z40: =IF(CONCATENATE(F40,F41,F42,F43,F44,F45)<>"",IF(AND(E40<>0,ISNUMBER(E40)=TRUE),E40,Z39),$Y$2) -> 1 | AC40: =YEAR(Z40)&F40&G40 -> 1900
B41: =IF($B$1=YEAR(Z41),D41,0) -> 0 | D41: =IF(Z41<>$Y$2,IF(YEAR(Z41)=YEAR(Z40),D40+1,1),"") | Z41: =IF(CONCATENATE(F41,F42,F43,F44,F45,F46)<>"",IF(AND(E41<>0,ISNUMBER(E41)=TRUE),E41,Z40),$Y$2) -> 1 | AC41: =YEAR(Z41)&F41&G41 -> 1900
B42: =IF($B$1=YEAR(Z42),D42,0) -> 0 | D42: =IF(Z42<>$Y$2,IF(YEAR(Z42)=YEAR(Z41),D41+1,1),"") | Z42: =IF(CONCATENATE(F42,F43,F44,F45,F46,F47)<>"",IF(AND(E42<>0,ISNUMBER(E42)=TRUE),E42,Z41),$Y$2) -> 1 | AC42: =YEAR(Z42)&F42&G42 -> 1900
B43: =IF($B$1=YEAR(Z43),D43,0) -> 0 | D43: =IF(Z43<>$Y$2,IF(YEAR(Z43)=YEAR(Z42),D42+1,1),"") | Z43: =IF(CONCATENATE(F43,F44,F45,F46,F47,F48)<>"",IF(AND(E43<>0,ISNUMBER(E43)=TRUE),E43,Z42),$Y$2) -> 1 | AC43: =YEAR(Z43)&F43&G43 -> 1900
B44: =IF($B$1=YEAR(Z44),D44,0) -> 0 | D44: =IF(Z44<>$Y$2,IF(YEAR(Z44)=YEAR(Z43),D43+1,1),"") | Z44: =IF(CONCATENATE(F44,F45,F46,F47,F48,F49)<>"",IF(AND(E44<>0,ISNUMBER(E44)=TRUE),E44,Z43),$Y$2) -> 1 | AC44: =YEAR(Z44)&F44&G44 -> 1900
B45: =IF($B$1=YEAR(Z45),D45,0) -> 0 | D45: =IF(Z45<>$Y$2,IF(YEAR(Z45)=YEAR(Z44),D44+1,1),"") | Z45: =IF(CONCATENATE(F45,F46,F47,F48,F49,F50)<>"",IF(AND(E45<>0,ISNUMBER(E45)=TRUE),E45,Z44),$Y$2) -> 1 | AC45: =YEAR(Z45)&F45&G45 -> 1900
B46: =IF($B$1=YEAR(Z46),D46,0) -> 0 | D46: =IF(Z46<>$Y$2,IF(YEAR(Z46)=YEAR(Z45),D45+1,1),"") | Z46: =IF(CONCATENATE(F46,F47,F48,F49,F50,F51)<>"",IF(AND(E46<>0,ISNUMBER(E46)=TRUE),E46,Z45),$Y$2) -> 1 | AC46: =YEAR(Z46)&F46&G46 -> 1900
B47: =IF($B$1=YEAR(Z47),D47,0) -> 0 | D47: =IF(Z47<>$Y$2,IF(YEAR(Z47)=YEAR(Z46),D46+1,1),"") | Z47: =IF(CONCATENATE(F47,F48,F49,F50,F51,F52)<>"",IF(AND(E47<>0,ISNUMBER(E47)=TRUE),E47,Z46),$Y$2) -> 1 | AC47: =YEAR(Z47)&F47&G47 -> 1900
B48: =IF($B$1=YEAR(Z48),D48,0) -> 0 | D48: =IF(Z48<>$Y$2,IF(YEAR(Z48)=YEAR(Z47),D47+1,1),"") | Z48: =IF(CONCATENATE(F48,F49,F50,F51,F52,F53)<>"",IF(AND(E48<>0,ISNUMBER(E48)=TRUE),E48,Z47),$Y$2) -> 1 | AC48: =YEAR(Z48)&F48&G48 -> 1900
B49: =IF($B$1=YEAR(Z49),D49,0) -> 0 | D49: =IF(Z49<>$Y$2,IF(YEAR(Z49)=YEAR(Z48),D48+1,1),"") | Z49: =IF(CONCATENATE(F49,F50,F51,F52,F53,F54)<>"",IF(AND(E49<>0,ISNUMBER(E49)=TRUE),E49,Z48),$Y$2) -> 1 | AC49: =YEAR(Z49)&F49&G49 -> 1900
B50: =IF($B$1=YEAR(Z50),D50,0) -> 0 | D50: =IF(Z50<>$Y$2,IF(YEAR(Z50)=YEAR(Z49),D49+1,1),"") | Z50: =IF(CONCATENATE(F50,F51,F52,F53,F54,F55)<>"",IF(AND(E50<>0,ISNUMBER(E50)=TRUE),E50,Z49),$Y$2) -> 1 | AC50: =YEAR(Z50)&F50&G50 -> 1900
B51: =IF($B$1=YEAR(Z51),D51,0) -> 0 | D51: =IF(Z51<>$Y$2,IF(YEAR(Z51)=YEAR(Z50),D50+1,1),"") | Z51: =IF(CONCATENATE(F51,F52,F53,F54,F55,F56)<>"",IF(AND(E51<>0,ISNUMBER(E51)=TRUE),E51,Z50),$Y$2) -> 1 | AC51: =YEAR(Z51)&F51&G51 -> 1900
... B8000: =IF($B$1=YEAR(Z8000),D8000,0) -> 0 | D8000: =IF(Z8000<>$Y$2,IF(YEAR(Z8000)=YEAR(Z7999),D7999+1,1),"") | Z8000: =IF(CONCATENATE(F8000,F8001,F8002,F8003,F8004,F8005)<>"",IF(AND(E8000<>0,ISNUMBER(E8000)=TRUE),E8000,Z7999),$Y$2) -> 1 | AC8000: =YEAR(Z8000)&F8000&G8000 -> 1900
Z8001: =E8001 -> 0 | AA8001: =IF(AND(YEAR(Z8001)=$AA$1,G8001=$AA$2),F8001,"") | AB8001: =IF(AND(YEAR(Z8001)=$AA$1,G8001<>$AA$2),F8001,"")
Z8002: =E8002 -> 0 | AA8002: =IF(AND(YEAR(Z8002)=$AA$1,G8002=$AA$2),F8002,"") | AB8002: =IF(AND(YEAR(Z8002)=$AA$1,G8002<>$AA$2),F8002,"")
Z8003: =E8003 -> 0 | AA8003: =IF(AND(YEAR(Z8003)=$AA$1,G8003=$AA$2),F8003,"") | AB8003: =IF(AND(YEAR(Z8003)=$AA$1,G8003<>$AA$2),F8003,"")
Z8004: =E8004 -> 0 | AA8004: =IF(AND(YEAR(Z8004)=$AA$1,G8004=$AA$2),F8004,"") | AB8004: =IF(AND(YEAR(Z8004)=$AA$1,G8004<>$AA$2),F8004,"")
Z8005: =E8005 -> 0 | AA8005: =IF(AND(YEAR(Z8005)=$AA$1,G8005=$AA$2),F8005,"") | AB8005: =IF(AND(YEAR(Z8005)=$AA$1,G8005<>$AA$2),F8005,"")
Z8006: =E8006 -> 0 | AA8006: =IF(AND(YEAR(Z8006)=$AA$1,G8006=$AA$2),F8006,"") | AB8006: =IF(AND(YEAR(Z8006)=$AA$1,G8006<>$AA$2),F8006,"")
Z8007: =E8007 -> 0 | AA8007: =IF(AND(YEAR(Z8007)=$AA$1,G8007=$AA$2),F8007,"") | AB8007: =IF(AND(YEAR(Z8007)=$AA$1,G8007<>$AA$2),F8007,"")
Z8008: =E8008 -> 0 | AA8008: =IF(AND(YEAR(Z8008)=$AA$1,G8008=$AA$2),F8008,"") | AB8008: =IF(AND(YEAR(Z8008)=$AA$1,G8008<>$AA$2),F8008,"")
Z8009: =E8009 -> 0 | AA8009: =IF(AND(YEAR(Z8009)=$AA$1,G8009=$AA$2),F8009,"") | AB8009: =IF(AND(YEAR(Z8009)=$AA$1,G8009<>$AA$2),F8009,"")
Z8010: =E8010 -> 0 | AA8010: =IF(AND(YEAR(Z8010)=$AA$1,G8010=$AA$2),F8010,"") | AB8010: =IF(AND(YEAR(Z8010)=$AA$1,G8010<>$AA$2),F8010,"")
Z8011: =E8011 -> 0 | AA8011: =IF(AND(YEAR(Z8011)=$AA$1,G8011=$AA$2),F8011,"") | AB8011: =IF(AND(YEAR(Z8011)=$AA$1,G8011<>$AA$2),F8011,"")
Z8012: =E8012 -> 0 | AA8012: =IF(AND(YEAR(Z8012)=$AA$1,G8012=$AA$2),F8012,"") | AB8012: =IF(AND(YEAR(Z8012)=$AA$1,G8012<>$AA$2),F8012,"")
... Z10000: =E10000 -> 0 | AA10000: =IF(AND(YEAR(Z10000)=$AA$1,G10000=$AA$2),F10000,"") | AB10000: =IF(AND(YEAR(Z10000)=$AA$1,G10000<>$AA$2),F10000,"")

Sheet Katekezis
D1: =Szolgalati_alkalmak!D1 -> Református Egyházközség | V1: 1 | Y1: =Szolgalati_alkalmak!Y1 -> 46023
D2: A katekézis munkanaplója
D3: Sor szám | E3: Dátum | F3: Katekézis jellege | G3: Részt vett | H3: Tananyag | I3: Persely pénz | J3: A katekézist tartotta | K3: Megjegyzés | AA3: Vallásóra 1. csoport
D4: =IF(W4<>$V$1,IF(YEAR(W4)=YEAR(W3),D3+1,1),"") | W4: =IF(CONCATENATE(F4,F5,F6,F7,F8,F9)<>"",IF(AND(E4<>0,ISNUMBER(E4)=TRUE),E4,W3),$V$1) -> 1 | AA4: Elsőéves konf. felkészítő | AC4: =YEAR(W4)&F4 -> 1900
D5: =IF(W5<>$V$1,IF(YEAR(W5)=YEAR(W4),D4+1,1),"") | W5: =IF(CONCATENATE(F5,F6,F7,F8,F9,F10)<>"",IF(AND(E5<>0,ISNUMBER(E5)=TRUE),E5,W4),$V$1) -> 1 | AA5: Másodéves konf. felkészítő | AC5: =YEAR(W5)&F5 -> 1900
D6: =IF(W6<>$V$1,IF(YEAR(W6)=YEAR(W5),D5+1,1),"") | W6: =IF(CONCATENATE(F6,F7,F8,F9,F10,F11)<>"",IF(AND(E6<>0,ISNUMBER(E6)=TRUE),E6,W5),$V$1) -> 1 | AA6: Gyermekistentisztelet | AC6: =YEAR(W6)&F6 -> 1900
D7: =IF(W7<>$V$1,IF(YEAR(W7)=YEAR(W6),D6+1,1),"") | W7: =IF(CONCATENATE(F7,F8,F9,F10,F11,F12)<>"",IF(AND(E7<>0,ISNUMBER(E7)=TRUE),E7,W6),$V$1) -> 1 | AA7: Vasárnapi iskola | AC7: =YEAR(W7)&F7 -> 1900
D8: =IF(W8<>$V$1,IF(YEAR(W8)=YEAR(W7),D7+1,1),"") | W8: =IF(CONCATENATE(F8,F9,F10,F11,F12,F13)<>"",IF(AND(E8<>0,ISNUMBER(E8)=TRUE),E8,W7),$V$1) -> 1 | AA8: Vallásóra 2. csoport | AC8: =YEAR(W8)&F8 -> 1900
D9: =IF(W9<>$V$1,IF(YEAR(W9)=YEAR(W8),D8+1,1),"") | W9: =IF(CONCATENATE(F9,F10,F11,F12,F13,F14)<>"",IF(AND(E9<>0,ISNUMBER(E9)=TRUE),E9,W8),$V$1) -> 1 | AA9: Vallásóra 3. csoport | AC9: =YEAR(W9)&F9 -> 1900
D10: =IF(W10<>$V$1,IF(YEAR(W10)=YEAR(W9),D9+1,1),"") | W10: =IF(CONCATENATE(F10,F11,F12,F13,F14,F15)<>"",IF(AND(E10<>0,ISNUMBER(E10)=TRUE),E10,W9),$V$1) -> 1 | AA10: Vallásóra 4. csoport | AC10: =YEAR(W10)&F10 -> 1900
D11: =IF(W11<>$V$1,IF(YEAR(W11)=YEAR(W10),D10+1,1),"") | W11: =IF(CONCATENATE(F11,F12,F13,F14,F15,F16)<>"",IF(AND(E11<>0,ISNUMBER(E11)=TRUE),E11,W10),$V$1) -> 1 | AA11: Vallásóra 5. csoport | AC11: =YEAR(W11)&F11 -> 1900
D12: =IF(W12<>$V$1,IF(YEAR(W12)=YEAR(W11),D11+1,1),"") | W12: =IF(CONCATENATE(F12,F13,F14,F15,F16,F17)<>"",IF(AND(E12<>0,ISNUMBER(E12)=TRUE),E12,W11),$V$1) -> 1 | AA12: VBH - Vakációs Bibliahét | AC12: =YEAR(W12)&F12 -> 1900
D13: =IF(W13<>$V$1,IF(YEAR(W13)=YEAR(W12),D12+1,1),"") | W13: =IF(CONCATENATE(F13,F14,F15,F16,F17,F18)<>"",IF(AND(E13<>0,ISNUMBER(E13)=TRUE),E13,W12),$V$1) -> 1 | AA13: Egyéb foglalkozás | AC13: =YEAR(W13)&F13 -> 1900
D14: =IF(W14<>$V$1,IF(YEAR(W14)=YEAR(W13),D13+1,1),"") | W14: =IF(CONCATENATE(F14,F15,F16,F17,F18,F19)<>"",IF(AND(E14<>0,ISNUMBER(E14)=TRUE),E14,W13),$V$1) -> 1 | AC14: =YEAR(W14)&F14 -> 1900
D15: =IF(W15<>$V$1,IF(YEAR(W15)=YEAR(W14),D14+1,1),"") | W15: =IF(CONCATENATE(F15,F16,F17,F18,F19,F20)<>"",IF(AND(E15<>0,ISNUMBER(E15)=TRUE),E15,W14),$V$1) -> 1 | AC15: =YEAR(W15)&F15 -> 1900
D16: =IF(W16<>$V$1,IF(YEAR(W16)=YEAR(W15),D15+1,1),"") | W16: =IF(CONCATENATE(F16,F17,F18,F19,F20,F21)<>"",IF(AND(E16<>0,ISNUMBER(E16)=TRUE),E16,W15),$V$1) -> 1 | AC16: =YEAR(W16)&F16 -> 1900
D17: =IF(W17<>$V$1,IF(YEAR(W17)=YEAR(W16),D16+1,1),"") | W17: =IF(CONCATENATE(F17,F18,F19,F20,F21,F22)<>"",IF(AND(E17<>0,ISNUMBER(E17)=TRUE),E17,W16),$V$1) -> 1 | AC17: =YEAR(W17)&F17 -> 1900
D18: =IF(W18<>$V$1,IF(YEAR(W18)=YEAR(W17),D17+1,1),"") | W18: =IF(CONCATENATE(F18,F19,F20,F21,F22,F23)<>"",IF(AND(E18<>0,ISNUMBER(E18)=TRUE),E18,W17),$V$1) -> 1 | AC18: =YEAR(W18)&F18 -> 1900
D19: =IF(W19<>$V$1,IF(YEAR(W19)=YEAR(W18),D18+1,1),"") | W19: =IF(CONCATENATE(F19,F20,F21,F22,F23,F24)<>"",IF(AND(E19<>0,ISNUMBER(E19)=TRUE),E19,W18),$V$1) -> 1 | AC19: =YEAR(W19)&F19 -> 1900
D20: =IF(W20<>$V$1,IF(YEAR(W20)=YEAR(W19),D19+1,1),"") | W20: =IF(CONCATENATE(F20,F21,F22,F23,F24,F25)<>"",IF(AND(E20<>0,ISNUMBER(E20)=TRUE),E20,W19),$V$1) -> 1 | AC20: =YEAR(W20)&F20 -> 1900
D21: =IF(W21<>$V$1,IF(YEAR(W21)=YEAR(W20),D20+1,1),"") | W21: =IF(CONCATENATE(F21,F22,F23,F24,F25,F26)<>"",IF(AND(E21<>0,ISNUMBER(E21)=TRUE),E21,W20),$V$1) -> 1 | AC21: =YEAR(W21)&F21 -> 1900
D22: =IF(W22<>$V$1,IF(YEAR(W22)=YEAR(W21),D21+1,1),"") | W22: =IF(CONCATENATE(F22,F23,F24,F25,F26,F27)<>"",IF(AND(E22<>0,ISNUMBER(E22)=TRUE),E22,W21),$V$1) -> 1 | AC22: =YEAR(W22)&F22 -> 1900
D23: =IF(W23<>$V$1,IF(YEAR(W23)=YEAR(W22),D22+1,1),"") | W23: =IF(CONCATENATE(F23,F24,F25,F26,F27,F28)<>"",IF(AND(E23<>0,ISNUMBER(E23)=TRUE),E23,W22),$V$1) -> 1 | AC23: =YEAR(W23)&F23 -> 1900
D24: =IF(W24<>$V$1,IF(YEAR(W24)=YEAR(W23),D23+1,1),"") | W24: =IF(CONCATENATE(F24,F25,F26,F27,F28,F29)<>"",IF(AND(E24<>0,ISNUMBER(E24)=TRUE),E24,W23),$V$1) -> 1 | AC24: =YEAR(W24)&F24 -> 1900
D25: =IF(W25<>$V$1,IF(YEAR(W25)=YEAR(W24),D24+1,1),"") | W25: =IF(CONCATENATE(F25,F26,F27,F28,F29,F30)<>"",IF(AND(E25<>0,ISNUMBER(E25)=TRUE),E25,W24),$V$1) -> 1 | AC25: =YEAR(W25)&F25 -> 1900
... D5000: =IF(W5000<>$V$1,IF(YEAR(W5000)=YEAR(W4999),D4999+1,1),"") | W5000: =IF(CONCATENATE(F5000,F5001,F5002,F5003,F5004,F5005)<>"",IF(AND(E5000<>0,ISNUMBER(E5000)=TRUE),E5000,W4999),$V$1) -> 1 | AC5000: =YEAR(W5000)&F5000 -> 1900

Sheet Csaladlatogatas
D1: =Szolgalati_alkalmak!D1 -> Református Egyházközség | V1: 1 | W1: =Szolgalati_alkalmak!AA1 -> 0 | Y1: =Szolgalati_alkalmak!Y1 -> 46023 | AA1: CsL
D2: Családlátogatási-beteglátogatási munkanapló | AA2: BL
D3: Sor szám | E3: Dátum | F3: CsL BL | G3: A meglátogatott család neve | H3: A meglátogatott család címe | I3: Jelen volt | J3: Jegyzet (Olvasott bibliai rész, ének, egyéb)
D4: =IF(W4<>$V$1,IF(YEAR(W4)=YEAR(W3),D3+1,1),"") | W4: =IF(CONCATENATE(F4,F5,F6,F7,F8,F9)<>"",IF(AND(E4<>0,ISNUMBER(E4)=TRUE),E4,W3),$V$1) -> 1 | AC4: =YEAR(W4)&F4 -> 1900
D5: =IF(W5<>$V$1,IF(YEAR(W5)=YEAR(W4),D4+1,1),"") | W5: =IF(CONCATENATE(F5,F6,F7,F8,F9,F10)<>"",IF(AND(E5<>0,ISNUMBER(E5)=TRUE),E5,W4),$V$1) -> 1 | AC5: =YEAR(W5)&F5 -> 1900
D6: =IF(W6<>$V$1,IF(YEAR(W6)=YEAR(W5),D5+1,1),"") | W6: =IF(CONCATENATE(F6,F7,F8,F9,F10,F11)<>"",IF(AND(E6<>0,ISNUMBER(E6)=TRUE),E6,W5),$V$1) -> 1 | AC6: =YEAR(W6)&F6 -> 1900
D7: =IF(W7<>$V$1,IF(YEAR(W7)=YEAR(W6),D6+1,1),"") | W7: =IF(CONCATENATE(F7,F8,F9,F10,F11,F12)<>"",IF(AND(E7<>0,ISNUMBER(E7)=TRUE),E7,W6),$V$1) -> 1 | AC7: =YEAR(W7)&F7 -> 1900
D8: =IF(W8<>$V$1,IF(YEAR(W8)=YEAR(W7),D7+1,1),"") | W8: =IF(CONCATENATE(F8,F9,F10,F11,F12,F13)<>"",IF(AND(E8<>0,ISNUMBER(E8)=TRUE),E8,W7),$V$1) -> 1 | AC8: =YEAR(W8)&F8 -> 1900
D9: =IF(W9<>$V$1,IF(YEAR(W9)=YEAR(W8),D8+1,1),"") | W9: =IF(CONCATENATE(F9,F10,F11,F12,F13,F14)<>"",IF(AND(E9<>0,ISNUMBER(E9)=TRUE),E9,W8),$V$1) -> 1 | AC9: =YEAR(W9)&F9 -> 1900
D10: =IF(W10<>$V$1,IF(YEAR(W10)=YEAR(W9),D9+1,1),"") | W10: =IF(CONCATENATE(F10,F11,F12,F13,F14,F15)<>"",IF(AND(E10<>0,ISNUMBER(E10)=TRUE),E10,W9),$V$1) -> 1 | AC10: =YEAR(W10)&F10 -> 1900
D11: =IF(W11<>$V$1,IF(YEAR(W11)=YEAR(W10),D10+1,1),"") | W11: =IF(CONCATENATE(F11,F12,F13,F14,F15,F16)<>"",IF(AND(E11<>0,ISNUMBER(E11)=TRUE),E11,W10),$V$1) -> 1 | AC11: =YEAR(W11)&F11 -> 1900
D12: =IF(W12<>$V$1,IF(YEAR(W12)=YEAR(W11),D11+1,1),"") | W12: =IF(CONCATENATE(F12,F13,F14,F15,F16,F17)<>"",IF(AND(E12<>0,ISNUMBER(E12)=TRUE),E12,W11),$V$1) -> 1 | AC12: =YEAR(W12)&F12 -> 1900
D13: =IF(W13<>$V$1,IF(YEAR(W13)=YEAR(W12),D12+1,1),"") | W13: =IF(CONCATENATE(F13,F14,F15,F16,F17,F18)<>"",IF(AND(E13<>0,ISNUMBER(E13)=TRUE),E13,W12),$V$1) -> 1 | AC13: =YEAR(W13)&F13 -> 1900
D14: =IF(W14<>$V$1,IF(YEAR(W14)=YEAR(W13),D13+1,1),"") | W14: =IF(CONCATENATE(F14,F15,F16,F17,F18,F19)<>"",IF(AND(E14<>0,ISNUMBER(E14)=TRUE),E14,W13),$V$1) -> 1 | AC14: =YEAR(W14)&F14 -> 1900
D15: =IF(W15<>$V$1,IF(YEAR(W15)=YEAR(W14),D14+1,1),"") | W15: =IF(CONCATENATE(F15,F16,F17,F18,F19,F20)<>"",IF(AND(E15<>0,ISNUMBER(E15)=TRUE),E15,W14),$V$1) -> 1 | AC15: =YEAR(W15)&F15 -> 1900
... D5000: =IF(W5000<>$V$1,IF(YEAR(W5000)=YEAR(W4999),D4999+1,1),"") | W5000: =IF(CONCATENATE(F5000,F5001,F5002,F5003,F5004,F5005)<>"",IF(AND(E5000<>0,ISNUMBER(E5000)=TRUE),E5000,W4999),$V$1) -> 1 | AC5000: =YEAR(W5000)&F5000 -> 1900
W5001: =E5001 -> 0 | X5001: =IF(YEAR(W5001)=$W$1,F5001,"")
W5002: =E5002 -> 0 | X5002: =IF(YEAR(W5002)=$W$1,F5002,"")
W5003: =E5003 -> 0 | X5003: =IF(YEAR(W5003)=$W$1,F5003,"")
W5004: =E5004 -> 0 | X5004: =IF(YEAR(W5004)=$W$1,F5004,"")
W5005: =E5005 -> 0 | X5005: =IF(YEAR(W5005)=$W$1,F5005,"")
W5006: =E5006 -> 0 | X5006: =IF(YEAR(W5006)=$W$1,F5006,"")
W5007: =E5007 -> 0 | X5007: =IF(YEAR(W5007)=$W$1,F5007,"")
W5008: =E5008 -> 0 | X5008: =IF(YEAR(W5008)=$W$1,F5008,"")
W5009: =E5009 -> 0 | X5009: =IF(YEAR(W5009)=$W$1,F5009,"")
W5010: =E5010 -> 0 | X5010: =IF(YEAR(W5010)=$W$1,F5010,"")
W5011: =E5011 -> 0 | X5011: =IF(YEAR(W5011)=$W$1,F5011,"")
W5012: =E5012 -> 0 | X5012: =IF(YEAR(W5012)=$W$1,F5012,"")
... W6000: =E6000 -> 0 | X6000: =IF(YEAR(W6000)=$W$1,F6000,"")

Sheet Adatlap
A1: Az áthúzás, kivágás, másolás, beillesztés lehetőségeket ne használd. Ha valamit rossz helyre írtál, töröld ki és írd újra a megfelelő helyre. | C1: 2026 | D1: =C1+1 -> 2027 | E1: =D1+1 -> 2028 | F1: =E1+1 -> 2029 | G1: =F1+1 -> 2030 | H1: =G1+1 -> 2031 | I1: =H1+1 -> 2032 | J1: =I1+1 -> 2033 | K1: =J1+1 -> 2034 | L1: =K1+1 -> 2035 | M1: Összesen | N1: =MAX(Szolgalati_alkalmak!E4:E8000) -> 0 | P1: =C1 -> 2026 | Q1: =D1 -> 2027 | R1: =E1 -> 2028 | S1: =F1 -> 2029 | T1: =G1 -> 2030 | U1: =H1 -> 2031 | V1: =I1 -> 2032 | W1: =J1 -> 2033 | ... Y1: =L1 -> 2035 | AA1: Brassói | AB1: Főgondnok
B2: Egyházmegye | D2: 2 | E2: 3 | F2: 4 | G2: 5 | H2: 6 | I2: 7 | J2: 8 | K2: 9 | L2: 10 | M2: 11 | N2: =IF(ISERROR(HLOOKUP(YEAR(N1),C1:L2,2,FALSE))=TRUE,1,HLOOKUP(YEAR(N1),C1:L2,2,FALSE)) -> 1 | O2: Du. | AA2: Dési | AB2: Gondnok
B3: Egyházközség neve (Református Egyházközség nélkül) | O3: De.2 | AA3: Erdővidéki
B4: Lelkipásztor | D4: =IF(C4<>0,C4,"") | E4: =IF(D4<>0,D4,"") | F4: =IF(E4<>0,E4,"") | G4: =IF(F4<>0,F4,"") | H4: =IF(G4<>0,G4,"") | I4: =IF(H4<>0,H4,"") | J4: =IF(I4<>0,I4,"") | K4: =IF(J4<>0,J4,"") | L4: =IF(K4<>0,K4,"") | O4: Du.2 | AA4: Görgényi
B5: Főgondnok/Gondnok | D5: =IF(C5<>0,C5,"") | E5: =IF(D5<>0,D5,"") | F5: =IF(E5<>0,E5,"") | G5: =IF(F5<>0,F5,"") | H5: =IF(G5<>0,G5,"") | I5: =IF(H5<>0,H5,"") | J5: =IF(I5<>0,I5,"") | K5: =IF(J5<>0,J5,"") | L5: =IF(K5<>0,K5,"") | AA5: Hunyadi
B6: Presbiteri gyűlés dátuma | AA6: Kalotaszegi
B7: Határozat száma | AA7: Kézdi-Orbai
B8: Közgyűlés dátuma | AA8: Kolozsvári
B9: Határozat száma | AA9: Küküllői
B10: Egyházközségi iktatószám | AA10: Marosi
A11: I. Adatok a lélekszámról | AA11: Maros-Mezőségi
A12: 1. | B12: Az_előző_évi_lélekszám: férfi | D12: =SUM(C12,C14,-C16,C18,-C21,C24,-C26,-C28) -> 0 | E12: =SUM(D12,D14,-D16,D18,-D21,D24,-D26,-D28) -> 0 | F12: =SUM(E12,E14,-E16,E18,-E21,E24,-E26,-E28) -> 0 | G12: =SUM(F12,F14,-F16,F18,-F21,F24,-F26,-F28) -> 0 | H12: =SUM(G12,G14,-G16,G18,-G21,G24,-G26,-G28) -> 0 | I12: =SUM(H12,H14,-H16,H18,-H21,H24,-H26,-H28) -> 0 | J12: =SUM(I12,I14,-I16,I18,-I21,I24,-I26,-I28) -> 0 | K12: =SUM(J12,J14,-J16,J18,-J21,J24,-J26,-J28) -> 0 | L12: =SUM(K12,K14,-K16,K18,-K21,K24,-K26,-K28) -> 0 | M12: =C12 -> 0 | AA12: Nagyenyedi
B13: nő | D13: =SUM(C13,C15,-C17,C19,-C22,C25,-C27,-C29) -> 0 | E13: =SUM(D13,D15,-D17,D19,-D22,D25,-D27,-D29) -> 0 | F13: =SUM(E13,E15,-E17,E19,-E22,E25,-E27,-E29) -> 0 | G13: =SUM(F13,F15,-F17,F19,-F22,F25,-F27,-F29) -> 0 | H13: =SUM(G13,G15,-G17,G19,-G22,G25,-G27,-G29) -> 0 | I13: =SUM(H13,H15,-H17,H19,-H22,H25,-H27,-H29) -> 0 | J13: =SUM(I13,I15,-I17,I19,-I22,I25,-I27,-I29) -> 0 | K13: =SUM(J13,J15,-J17,J19,-J22,J25,-J27,-J29) -> 0 | L13: =SUM(K13,K15,-K17,K19,-K22,K25,-K27,-K29) -> 0 | M13: =C13 -> 0 | AA13: Sepsi
A14: 2. | B14: Keresztelésben_részesült: férfi | C14: =P14 -> 0 | D14: =Q14 -> 0 | E14: =R14 -> 0 | F14: =S14 -> 0 | G14: =T14 -> 0 | H14: =U14 -> 0 | I14: =V14 -> 0 | J14: =W14 -> 0 | ... L14: =Y14 -> 0 | M14: =SUM(C14:L14) -> 0 | N14: F. keresztelő | P14: =SUM(COUNTIF(Szolgalati_alkalmak!$AC$4:$AC$8000,$P$1&$N14),COUNTIF(Szolgalati_alkalmak!$AC$4:$AC$8000,$P$1&$N14&$O$2),COUNTIF(Szolgalati_alkalmak!$AC$4:$AC$8000,$P$1&$N14&$O$3),COUNTIF(Szolgalati_alkalmak!$AC$4:$AC$8000,$P$1&$N14&$O$4)) -> 0 | Q14: =SUM(COUNTIF(Szolgalati_alkalmak!$AC$4:$AC$8000,$Q$1&$N14),COUNTIF(Szolgalati_alkalmak!$AC$4:$AC$8000,$Q$1&$N14&$O$2),COUNTIF(Szolgalati_alkalmak!$AC$4:$AC$8000,$Q$1&$N14&$O$3),COUNTIF(Szolgalati_alkalmak!$AC$4:$AC$8000,$Q$1&$N14&$O$4)) -> 0 | R14: =SUM(COUNTIF(Szolgalati_alkalmak!$AC$4:$AC$8000,$R$1&$N14),COUNTIF(Szolgalati_alkalmak!$AC$4:$AC$8000,$R$1&$N14&$O$2),COUNTIF(Szolgalati_alkalmak!$AC$4:$AC$8000,$R$1&$N14&$O$3),COUNTIF(Szolgalati_alkalmak!$AC$4:$AC$8000,$R$1&$N14&$O$4)) -> 0 | S14: =SUM(COUNTIF(Szolgalati_alkalmak!$AC$4:$AC$8000,$S$1&$N14),COUNTIF(Szolgalati_alkalmak!$AC$4:$AC$8000,$S$1&$N14&$O$2),COUNTIF(Szolgalati_alkalmak!$AC$4:$AC$8000,$S$1&$N14&$O$3),COUNTIF(Szolgalati_alkalmak!$AC$4:$AC$8000,$S$1&$N14&$O$4)) -> 0 | T14: =SUM(COUNTIF(Szolgalati_alkalmak!$AC$4:$AC$8000,$T$1&$N14),COUNTIF(Szolgalati_alkalmak!$AC$4:$AC$8000,$T$1&$N14&$O$2),COUNTIF(Szolgalati_alkalmak!$AC$4:$AC$8000,$T$1&$N14&$O$3),COUNTIF(Szolgalati_alkalmak!$AC$4:$AC$8000,$T$1&$N14&$O$4)) -> 0 | U14: =SUM(COUNTIF(Szolgalati_alkalmak!$AC$4:$AC$8000,$U$1&$N14),COUNTIF(Szolgalati_alkalmak!$AC$4:$AC$8000,$U$1&$N14&$O$2),COUNTIF(Szolgalati_alkalmak!$AC$4:$AC$8000,$U$1&$N14&$O$3),COUNTIF(Szolgalati_alkalmak!$AC$4:$AC$8000,$U$1&$N14&$O$4)) -> 0 | V14: =SUM(COUNTIF(Szolgalati_alkalmak!$AC$4:$AC$8000,$V$1&$N14),COUNTIF(Szolgalati_alkalmak!$AC$4:$AC$8000,$V$1&$N14&$O$2),COUNTIF(Szolgalati_alkalmak!$AC$4:$AC$8000,$V$1&$N14&$O$3),COUNTIF(Szolgalati_alkalmak!$AC$4:$AC$8000,$V$1&$N14&$O$4)) -> 0 | W14: =SUM(COUNTIF(Szolgalati_alkalmak!$AC$4:$AC$8000,$W$1&$N14),COUNTIF(Szolgalati_alkalmak!$AC$4:$AC$8000,$W$1&$N14&$O$2),COUNTIF(Szolgalati_alkalmak!$AC$4:$AC$8000,$W$1&$N14&$O$3),COUNTIF(Szolgalati_alkalmak!$AC$4:$AC$8000,$W$1&$N14&$O$4)) -> 0 | X14: =SUM(COUNTIF(Szolgalati_alkalmak!$AC$4:$AC$8000,$X$1&$N14),COUNTIF(Szolgalati_alkalmak!$AC$4:$AC$8000,$X$1&$N14&$O$2),COUNTIF(Szolgalati_alkalmak!$AC$4:$AC$8000,$X$1&$N14&$O$3),COUNTIF(Szolgalati_alkalmak!$AC$4:$AC$8000,$X$1&$N14&$O$4)) -> 0 | Y14: =SUM(COUNTIF(Szolgalati_alkalmak!$AC$4:$AC$8000,$Y$1&$N14),COUNTIF(Szolgalati_alkalmak!$AC$4:$AC$8000,$Y$1&$N14&$O$2),COUNTIF(Szolgalati_alkalmak!$AC$4:$AC$8000,$Y$1&$N14&$O$3),COUNTIF(Szolgalati_alkalmak!$AC$4:$AC$8000,$Y$1&$N14&$O$4)) -> 0 | AA14: Székelyudvarhelyi
B15: nő | C15: =P15 -> 0 | D15: =Q15 -> 0 | E15: =R15 -> 0 | F15: =S15 -> 0 | G15: =T15 -> 0 | H15: =U15 -> 0 | I15: =V15 -> 0 | J15: =W15 -> 0 | ... L15: =Y15 -> 0 | M15: =SUM(C15:L15) -> 0 | N15: N. keresztelő | P15: =SUM(COUNTIF(Szolgalati_alkalmak!$AC$4:$AC$8000,$P$1&$N15),COUNTIF(Szolgalati_alkalmak!$AC$4:$AC$8000,$P$1&$N15&$O$2),COUNTIF(Szolgalati_alkalmak!$AC$4:$AC$8000,$P$1&$N15&$O$3),COUNTIF(Szolgalati_alkalmak!$AC$4:$AC$8000,$P$1&$N15&$O$4)) -> 0 | Q15: =SUM(COUNTIF(Szolgalati_alkalmak!$AC$4:$AC$8000,$Q$1&$N15),COUNTIF(Szolgalati_alkalmak!$AC$4:$AC$8000,$Q$1&$N15&$O$2),COUNTIF(Szolgalati_alkalmak!$AC$4:$AC$8000,$Q$1&$N15&$O$3),COUNTIF(Szolgalati_alkalmak!$AC$4:$AC$8000,$Q$1&$N15&$O$4)) -> 0 | R15: =SUM(COUNTIF(Szolgalati_alkalmak!$AC$4:$AC$8000,$R$1&$N15),COUNTIF(Szolgalati_alkalmak!$AC$4:$AC$8000,$R$1&$N15&$O$2),COUNTIF(Szolgalati_alkalmak!$AC$4:$AC$8000,$R$1&$N15&$O$3),COUNTIF(Szolgalati_alkalmak!$AC$4:$AC$8000,$R$1&$N15&$O$4)) -> 0 | S15: =SUM(COUNTIF(Szolgalati_alkalmak!$AC$4:$AC$8000,$S$1&$N15),COUNTIF(Szolgalati_alkalmak!$AC$4:$AC$8000,$S$1&$N15&$O$2),COUNTIF(Szolgalati_alkalmak!$AC$4:$AC$8000,$S$1&$N15&$O$3),COUNTIF(Szolgalati_alkalmak!$AC$4:$AC$8000,$S$1&$N15&$O$4)) -> 0 | T15: =SUM(COUNTIF(Szolgalati_alkalmak!$AC$4:$AC$8000,$T$1&$N15),COUNTIF(Szolgalati_alkalmak!$AC$4:$AC$8000,$T$1&$N15&$O$2),COUNTIF(Szolgalati_alkalmak!$AC$4:$AC$8000,$T$1&$N15&$O$3),COUNTIF(Szolgalati_alkalmak!$AC$4:$AC$8000,$T$1&$N15&$O$4)) -> 0 | U15: =SUM(COUNTIF(Szolgalati_alkalmak!$AC$4:$AC$8000,$U$1&$N15),COUNTIF(Szolgalati_alkalmak!$AC$4:$AC$8000,$U$1&$N15&$O$2),COUNTIF(Szolgalati_alkalmak!$AC$4:$AC$8000,$U$1&$N15&$O$3),COUNTIF(Szolgalati_alkalmak!$AC$4:$AC$8000,$U$1&$N15&$O$4)) -> 0 | V15: =SUM(COUNTIF(Szolgalati_alkalmak!$AC$4:$AC$8000,$V$1&$N15),COUNTIF(Szolgalati_alkalmak!$AC$4:$AC$8000,$V$1&$N15&$O$2),COUNTIF(Szolgalati_alkalmak!$AC$4:$AC$8000,$V$1&$N15&$O$3),COUNTIF(Szolgalati_alkalmak!$AC$4:$AC$8000,$V$1&$N15&$O$4)) -> 0 | W15: =SUM(COUNTIF(Szolgalati_alkalmak!$AC$4:$AC$8000,$W$1&$N15),COUNTIF(Szolgalati_alkalmak!$AC$4:$AC$8000,$W$1&$N15&$O$2),COUNTIF(Szolgalati_alkalmak!$AC$4:$AC$8000,$W$1&$N15&$O$3),COUNTIF(Szolgalati_alkalmak!$AC$4:$AC$8000,$W$1&$N15&$O$4)) -> 0 | X15: =SUM(COUNTIF(Szolgalati_alkalmak!$AC$4:$AC$8000,$X$1&$N15),COUNTIF(Szolgalati_alkalmak!$AC$4:$AC$8000,$X$1&$N15&$O$2),COUNTIF(Szolgalati_alkalmak!$AC$4:$AC$8000,$X$1&$N15&$O$3),COUNTIF(Szolgalati_alkalmak!$AC$4:$AC$8000,$X$1&$N15&$O$4)) -> 0 | Y15: =SUM(COUNTIF(Szolgalati_alkalmak!$AC$4:$AC$8000,$Y$1&$N15),COUNTIF(Szolgalati_alkalmak!$AC$4:$AC$8000,$Y$1&$N15&$O$2),COUNTIF(Szolgalati_alkalmak!$AC$4:$AC$8000,$Y$1&$N15&$O$3),COUNTIF(Szolgalati_alkalmak!$AC$4:$AC$8000,$Y$1&$N15&$O$4)) -> 0 | AA15: Tordai
A16: 3. | B16: Eltemettetett: férfi | C16: =P16 -> 0 | D16: =Q16 -> 0 | E16: =R16 -> 0 | F16: =S16 -> 0 | G16: =T16 -> 0 | H16: =U16 -> 0 | I16: =V16 -> 0 | J16: =W16 -> 0 | ... L16: =Y16 -> 0 | M16: =SUM(C16:L16) -> 0 | N16: F. temetés | P16: =SUM(COUNTIF(Szolgalati_alkalmak!$AC$4:$AC$8000,$P$1&$N16),COUNTIF(Szolgalati_alkalmak!$AC$4:$AC$8000,$P$1&$N16&$O$2),COUNTIF(Szolgalati_alkalmak!$AC$4:$AC$8000,$P$1&$N16&$O$3),COUNTIF(Szolgalati_alkalmak!$AC$4:$AC$8000,$P$1&$N16&$O$4)) -> 0 | Q16: =SUM(COUNTIF(Szolgalati_alkalmak!$AC$4:$AC$8000,$Q$1&$N16),COUNTIF(Szolgalati_alkalmak!$AC$4:$AC$8000,$Q$1&$N16&$O$2),COUNTIF(Szolgalati_alkalmak!$AC$4:$AC$8000,$Q$1&$N16&$O$3),COUNTIF(Szolgalati_alkalmak!$AC$4:$AC$8000,$Q$1&$N16&$O$4)) -> 0 | R16: =SUM(COUNTIF(Szolgalati_alkalmak!$AC$4:$AC$8000,$R$1&$N16),COUNTIF(Szolgalati_alkalmak!$AC$4:$AC$8000,$R$1&$N16&$O$2),COUNTIF(Szolgalati_alkalmak!$AC$4:$AC$8000,$R$1&$N16&$O$3),COUNTIF(Szolgalati_alkalmak!$AC$4:$AC$8000,$R$1&$N16&$O$4)) -> 0 | S16: =SUM(COUNTIF(Szolgalati_alkalmak!$AC$4:$AC$8000,$S$1&$N16),COUNTIF(Szolgalati_alkalmak!$AC$4:$AC$8000,$S$1&$N16&$O$2),COUNTIF(Szolgalati_alkalmak!$AC$4:$AC$8000,$S$1&$N16&$O$3),COUNTIF(Szolgalati_alkalmak!$AC$4:$AC$8000,$S$1&$N16&$O$4)) -> 0 | T16: =SUM(COUNTIF(Szolgalati_alkalmak!$AC$4:$AC$8000,$T$1&$N16),COUNTIF(Szolgalati_alkalmak!$AC$4:$AC$8000,$T$1&$N16&$O$2),COUNTIF(Szolgalati_alkalmak!$AC$4:$AC$8000,$T$1&$N16&$O$3),COUNTIF(Szolgalati_alkalmak!$AC$4:$AC$8000,$T$1&$N16&$O$4)) -> 0 | U16: =SUM(COUNTIF(Szolgalati_alkalmak!$AC$4:$AC$8000,$U$1&$N16),COUNTIF(Szolgalati_alkalmak!$AC$4:$AC$8000,$U$1&$N16&$O$2),COUNTIF(Szolgalati_alkalmak!$AC$4:$AC$8000,$U$1&$N16&$O$3),COUNTIF(Szolgalati_alkalmak!$AC$4:$AC$8000,$U$1&$N16&$O$4)) -> 0 | V16: =SUM(COUNTIF(Szolgalati_alkalmak!$AC$4:$AC$8000,$V$1&$N16),COUNTIF(Szolgalati_alkalmak!$AC$4:$AC$8000,$V$1&$N16&$O$2),COUNTIF(Szolgalati_alkalmak!$AC$4:$AC$8000,$V$1&$N16&$O$3),COUNTIF(Szolgalati_alkalmak!$AC$4:$AC$8000,$V$1&$N16&$O$4)) -> 0 | W16: =SUM(COUNTIF(Szolgalati_alkalmak!$AC$4:$AC$8000,$W$1&$N16),COUNTIF(Szolgalati_alkalmak!$AC$4:$AC$8000,$W$1&$N16&$O$2),COUNTIF(Szolgalati_alkalmak!$AC$4:$AC$8000,$W$1&$N16&$O$3),COUNTIF(Szolgalati_alkalmak!$AC$4:$AC$8000,$W$1&$N16&$O$4)) -> 0 | X16: =SUM(COUNTIF(Szolgalati_alkalmak!$AC$4:$AC$8000,$X$1&$N16),COUNTIF(Szolgalati_alkalmak!$AC$4:$AC$8000,$X$1&$N16&$O$2),COUNTIF(Szolgalati_alkalmak!$AC$4:$AC$8000,$X$1&$N16&$O$3),COUNTIF(Szolgalati_alkalmak!$AC$4:$AC$8000,$X$1&$N16&$O$4)) -> 0 | Y16: =SUM(COUNTIF(Szolgalati_alkalmak!$AC$4:$AC$8000,$Y$1&$N16),COUNTIF(Szolgalati_alkalmak!$AC$4:$AC$8000,$Y$1&$N16&$O$2),COUNTIF(Szolgalati_alkalmak!$AC$4:$AC$8000,$Y$1&$N16&$O$3),COUNTIF(Szolgalati_alkalmak!$AC$4:$AC$8000,$Y$1&$N16&$O$4)) -> 0 | AA16: Töltsd ki az egyházmegye nevét!
B17: nő | C17: =P17 -> 0 | D17: =Q17 -> 0 | E17: =R17 -> 0 | F17: =S17 -> 0 | G17: =T17 -> 0 | H17: =U17 -> 0 | I17: =V17 -> 0 | J17: =W17 -> 0 | ... L17: =Y17 -> 0 | M17: =SUM(C17:L17) -> 0 | N17: N. temetés | P17: =SUM(COUNTIF(Szolgalati_alkalmak!$AC$4:$AC$8000,$P$1&$N17),COUNTIF(Szolgalati_alkalmak!$AC$4:$AC$8000,$P$1&$N17&$O$2),COUNTIF(Szolgalati_alkalmak!$AC$4:$AC$8000,$P$1&$N17&$O$3),COUNTIF(Szolgalati_alkalmak!$AC$4:$AC$8000,$P$1&$N17&$O$4)) -> 0 | Q17: =SUM(COUNTIF(Szolgalati_alkalmak!$AC$4:$AC$8000,$Q$1&$N17),COUNTIF(Szolgalati_alkalmak!$AC$4:$AC$8000,$Q$1&$N17&$O$2),COUNTIF(Szolgalati_alkalmak!$AC$4:$AC$8000,$Q$1&$N17&$O$3),COUNTIF(Szolgalati_alkalmak!$AC$4:$AC$8000,$Q$1&$N17&$O$4)) -> 0 | R17: =SUM(COUNTIF(Szolgalati_alkalmak!$AC$4:$AC$8000,$R$1&$N17),COUNTIF(Szolgalati_alkalmak!$AC$4:$AC$8000,$R$1&$N17&$O$2),COUNTIF(Szolgalati_alkalmak!$AC$4:$AC$8000,$R$1&$N17&$O$3),COUNTIF(Szolgalati_alkalmak!$AC$4:$AC$8000,$R$1&$N17&$O$4)) -> 0 | S17: =SUM(COUNTIF(Szolgalati_alkalmak!$AC$4:$AC$8000,$S$1&$N17),COUNTIF(Szolgalati_alkalmak!$AC$4:$AC$8000,$S$1&$N17&$O$2),COUNTIF(Szolgalati_alkalmak!$AC$4:$AC$8000,$S$1&$N17&$O$3),COUNTIF(Szolgalati_alkalmak!$AC$4:$AC$8000,$S$1&$N17&$O$4)) -> 0 | T17: =SUM(COUNTIF(Szolgalati_alkalmak!$AC$4:$AC$8000,$T$1&$N17),COUNTIF(Szolgalati_alkalmak!$AC$4:$AC$8000,$T$1&$N17&$O$2),COUNTIF(Szolgalati_alkalmak!$AC$4:$AC$8000,$T$1&$N17&$O$3),COUNTIF(Szolgalati_alkalmak!$AC$4:$AC$8000,$T$1&$N17&$O$4)) -> 0 | U17: =SUM(COUNTIF(Szolgalati_alkalmak!$AC$4:$AC$8000,$U$1&$N17),COUNTIF(Szolgalati_alkalmak!$AC$4:$AC$8000,$U$1&$N17&$O$2),COUNTIF(Szolgalati_alkalmak!$AC$4:$AC$8000,$U$1&$N17&$O$3),COUNTIF(Szolgalati_alkalmak!$AC$4:$AC$8000,$U$1&$N17&$O$4)) -> 0 | V17: =SUM(COUNTIF(Szolgalati_alkalmak!$AC$4:$AC$8000,$V$1&$N17),COUNTIF(Szolgalati_alkalmak!$AC$4:$AC$8000,$V$1&$N17&$O$2),COUNTIF(Szolgalati_alkalmak!$AC$4:$AC$8000,$V$1&$N17&$O$3),COUNTIF(Szolgalati_alkalmak!$AC$4:$AC$8000,$V$1&$N17&$O$4)) -> 0 | W17: =SUM(COUNTIF(Szolgalati_alkalmak!$AC$4:$AC$8000,$W$1&$N17),COUNTIF(Szolgalati_alkalmak!$AC$4:$AC$8000,$W$1&$N17&$O$2),COUNTIF(Szolgalati_alkalmak!$AC$4:$AC$8000,$W$1&$N17&$O$3),COUNTIF(Szolgalati_alkalmak!$AC$4:$AC$8000,$W$1&$N17&$O$4)) -> 0 | X17: =SUM(COUNTIF(Szolgalati_alkalmak!$AC$4:$AC$8000,$X$1&$N17),COUNTIF(Szolgalati_alkalmak!$AC$4:$AC$8000,$X$1&$N17&$O$2),COUNTIF(Szolgalati_alkalmak!$AC$4:$AC$8000,$X$1&$N17&$O$3),COUNTIF(Szolgalati_alkalmak!$AC$4:$AC$8000,$X$1&$N17&$O$4)) -> 0 | Y17: =SUM(COUNTIF(Szolgalati_alkalmak!$AC$4:$AC$8000,$Y$1&$N17),COUNTIF(Szolgalati_alkalmak!$AC$4:$AC$8000,$Y$1&$N17&$O$2),COUNTIF(Szolgalati_alkalmak!$AC$4:$AC$8000,$Y$1&$N17&$O$3),COUNTIF(Szolgalati_alkalmak!$AC$4:$AC$8000,$Y$1&$N17&$O$4)) -> 0
A18: 6. | B18: Egyházunkba_tért: férfi | M18: =SUM(C18:L18) -> 0
B19: nő | M19: =SUM(C19:L19) -> 0
B20: Milyen felekezetből:
A21: 7. | B21: Egyházunkból_kitért: férfi | M21: =SUM(C21:L21) -> 0
B22: nő | M22: =SUM(C22:L22) -> 0
B23: Milyen felekezetbe:
A24: 8. | B24: Beköltözött_az_egyházközségbe: férfi | M24: =SUM(C24:L24) -> 0
B25: nő | M25: =SUM(C25:L25) -> 0
A26: 9. | B26: Kiköltözött_más_egyházközségbe: férfi | M26: =SUM(C26:L26) -> 0
B27: nő | M27: =SUM(C27:L27) -> 0
A28: 10. | B28: Kiköltözött_külföldre: férfi | M28: =SUM(C28:L28) -> 0
B29: nő | M29: =SUM(C29:L29) -> 0
A30: 14. | B30: A gyülekezet választói névjegyzékében szereplő tagjainak száma:
A31: 15. | B31: Az egyházfenntartás személyenkénti éves meghatározott összege:
A32: 16. | B32: Azon felnőtt egyháztagok száma, akik 5 vagy annál több éve nem fizetik az egyházfenntartói járulékot:
A33: 17. | B33: Gyülekezet lélekszámában jelentős (10 személynél több), más nemzetiségű egyháztagok száma: Román
B34: Német
B35: Roma
B36: Más (kérjük megnevezni)
B37: más tagok száma
A38: 18. | B38: Külföldön élő egyháztagok száma, akik életvitelszerűen külföldön élnek, vagy évi több mint 6 hónapot külföldön tartózkodnak:
A39: 19. | B39: Más településen élő egyháztagok száma:
A40: 20. | B40: Más gyülekezetben is tagságot vállaló egyháztagok száma:
A41: 21. | B41: Családok száma az előző évben | D41: =SUM(C42:C45) -> 0 | E41: =SUM(D42:D45) -> 0 | F41: =SUM(E42:E45) -> 0 | G41: =SUM(F42:F45) -> 0 | H41: =SUM(G42:G45) -> 0 | I41: =SUM(H42:H45) -> 0 | J41: =SUM(I42:I45) -> 0 | K41: =SUM(J42:J45) -> 0 | L41: =SUM(K42:K45) -> 0
A42: 22. | B42: Családok_száma_dec. 31-én: Egyező_vallású
B43: Vegyes vallású
B44: Özvegy
B45: Egyedülálló, (30 évet betöltött és nőtlen)
A46: 23. | B46: Házassági_esküt_tett: Egyező_vallású | C46: =P46 -> 0 | D46: =Q46 -> 0 | E46: =R46 -> 0 | F46: =S46 -> 0 | G46: =T46 -> 0 | H46: =U46 -> 0 | I46: =V46 -> 0 | J46: =W46 -> 0 | ... L46: =Y46 -> 0 | M46: =SUM(C46:L46) -> 0 | N46: Azonos esketés | P46: =SUM(COUNTIF(Szolgalati_alkalmak!$AC$4:$AC$8000,$P$1&$N46),COUNTIF(Szolgalati_alkalmak!$AC$4:$AC$8000,$P$1&$N46&$O$2),COUNTIF(Szolgalati_alkalmak!$AC$4:$AC$8000,$P$1&$N46&$O$3),COUNTIF(Szolgalati_alkalmak!$AC$4:$AC$8000,$P$1&$N46&$O$4)) -> 0 | Q46: =SUM(COUNTIF(Szolgalati_alkalmak!$AC$4:$AC$8000,$Q$1&$N46),COUNTIF(Szolgalati_alkalmak!$AC$4:$AC$8000,$Q$1&$N46&$O$2),COUNTIF(Szolgalati_alkalmak!$AC$4:$AC$8000,$Q$1&$N46&$O$3),COUNTIF(Szolgalati_alkalmak!$AC$4:$AC$8000,$Q$1&$N46&$O$4)) -> 0 | R46: =SUM(COUNTIF(Szolgalati_alkalmak!$AC$4:$AC$8000,$R$1&$N46),COUNTIF(Szolgalati_alkalmak!$AC$4:$AC$8000,$R$1&$N46&$O$2),COUNTIF(Szolgalati_alkalmak!$AC$4:$AC$8000,$R$1&$N46&$O$3),COUNTIF(Szolgalati_alkalmak!$AC$4:$AC$8000,$R$1&$N46&$O$4)) -> 0 | S46: =SUM(COUNTIF(Szolgalati_alkalmak!$AC$4:$AC$8000,$S$1&$N46),COUNTIF(Szolgalati_alkalmak!$AC$4:$AC$8000,$S$1&$N46&$O$2),COUNTIF(Szolgalati_alkalmak!$AC$4:$AC$8000,$S$1&$N46&$O$3),COUNTIF(Szolgalati_alkalmak!$AC$4:$AC$8000,$S$1&$N46&$O$4)) -> 0 | T46: =SUM(COUNTIF(Szolgalati_alkalmak!$AC$4:$AC$8000,$T$1&$N46),COUNTIF(Szolgalati_alkalmak!$AC$4:$AC$8000,$T$1&$N46&$O$2),COUNTIF(Szolgalati_alkalmak!$AC$4:$AC$8000,$T$1&$N46&$O$3),COUNTIF(Szolgalati_alkalmak!$AC$4:$AC$8000,$T$1&$N46&$O$4)) -> 0 | U46: =SUM(COUNTIF(Szolgalati_alkalmak!$AC$4:$AC$8000,$U$1&$N46),COUNTIF(Szolgalati_alkalmak!$AC$4:$AC$8000,$U$1&$N46&$O$2),COUNTIF(Szolgalati_alkalmak!$AC$4:$AC$8000,$U$1&$N46&$O$3),COUNTIF(Szolgalati_alkalmak!$AC$4:$AC$8000,$U$1&$N46&$O$4)) -> 0 | V46: =SUM(COUNTIF(Szolgalati_alkalmak!$AC$4:$AC$8000,$V$1&$N46),COUNTIF(Szolgalati_alkalmak!$AC$4:$AC$8000,$V$1&$N46&$O$2),COUNTIF(Szolgalati_alkalmak!$AC$4:$AC$8000,$V$1&$N46&$O$3),COUNTIF(Szolgalati_alkalmak!$AC$4:$AC$8000,$V$1&$N46&$O$4)) -> 0 | W46: =SUM(COUNTIF(Szolgalati_alkalmak!$AC$4:$AC$8000,$W$1&$N46),COUNTIF(Szolgalati_alkalmak!$AC$4:$AC$8000,$W$1&$N46&$O$2),COUNTIF(Szolgalati_alkalmak!$AC$4:$AC$8000,$W$1&$N46&$O$3),COUNTIF(Szolgalati_alkalmak!$AC$4:$AC$8000,$W$1&$N46&$O$4)) -> 0 | X46: =SUM(COUNTIF(Szolgalati_alkalmak!$AC$4:$AC$8000,$X$1&$N46),COUNTIF(Szolgalati_alkalmak!$AC$4:$AC$8000,$X$1&$N46&$O$2),COUNTIF(Szolgalati_alkalmak!$AC$4:$AC$8000,$X$1&$N46&$O$3),COUNTIF(Szolgalati_alkalmak!$AC$4:$AC$8000,$X$1&$N46&$O$4)) -> 0 | Y46: =SUM(COUNTIF(Szolgalati_alkalmak!$AC$4:$AC$8000,$Y$1&$N46),COUNTIF(Szolgalati_alkalmak!$AC$4:$AC$8000,$Y$1&$N46&$O$2),COUNTIF(Szolgalati_alkalmak!$AC$4:$AC$8000,$Y$1&$N46&$O$3),COUNTIF(Szolgalati_alkalmak!$AC$4:$AC$8000,$Y$1&$N46&$O$4)) -> 0
B47: Nem egyező vallású | C47: =P47 -> 0 | D47: =Q47 -> 0 | E47: =R47 -> 0 | F47: =S47 -> 0 | G47: =T47 -> 0 | H47: =U47 -> 0 | I47: =V47 -> 0 | J47: =W47 -> 0 | ... L47: =Y47 -> 0 | M47: =SUM(C47:L47) -> 0 | N47: Vegyes esketés | P47: =SUM(COUNTIF(Szolgalati_alkalmak!$AC$4:$AC$8000,$P$1&$N47),COUNTIF(Szolgalati_alkalmak!$AC$4:$AC$8000,$P$1&$N47&$O$2),COUNTIF(Szolgalati_alkalmak!$AC$4:$AC$8000,$P$1&$N47&$O$3),COUNTIF(Szolgalati_alkalmak!$AC$4:$AC$8000,$P$1&$N47&$O$4)) -> 0 | Q47: =SUM(COUNTIF(Szolgalati_alkalmak!$AC$4:$AC$8000,$Q$1&$N47),COUNTIF(Szolgalati_alkalmak!$AC$4:$AC$8000,$Q$1&$N47&$O$2),COUNTIF(Szolgalati_alkalmak!$AC$4:$AC$8000,$Q$1&$N47&$O$3),COUNTIF(Szolgalati_alkalmak!$AC$4:$AC$8000,$Q$1&$N47&$O$4)) -> 0 | R47: =SUM(COUNTIF(Szolgalati_alkalmak!$AC$4:$AC$8000,$R$1&$N47),COUNTIF(Szolgalati_alkalmak!$AC$4:$AC$8000,$R$1&$N47&$O$2),COUNTIF(Szolgalati_alkalmak!$AC$4:$AC$8000,$R$1&$N47&$O$3),COUNTIF(Szolgalati_alkalmak!$AC$4:$AC$8000,$R$1&$N47&$O$4)) -> 0 | S47: =SUM(COUNTIF(Szolgalati_alkalmak!$AC$4:$AC$8000,$S$1&$N47),COUNTIF(Szolgalati_alkalmak!$AC$4:$AC$8000,$S$1&$N47&$O$2),COUNTIF(Szolgalati_alkalmak!$AC$4:$AC$8000,$S$1&$N47&$O$3),COUNTIF(Szolgalati_alkalmak!$AC$4:$AC$8000,$S$1&$N47&$O$4)) -> 0 | T47: =SUM(COUNTIF(Szolgalati_alkalmak!$AC$4:$AC$8000,$T$1&$N47),COUNTIF(Szolgalati_alkalmak!$AC$4:$AC$8000,$T$1&$N47&$O$2),COUNTIF(Szolgalati_alkalmak!$AC$4:$AC$8000,$T$1&$N47&$O$3),COUNTIF(Szolgalati_alkalmak!$AC$4:$AC$8000,$T$1&$N47&$O$4)) -> 0 | U47: =SUM(COUNTIF(Szolgalati_alkalmak!$AC$4:$AC$8000,$U$1&$N47),COUNTIF(Szolgalati_alkalmak!$AC$4:$AC$8000,$U$1&$N47&$O$2),COUNTIF(Szolgalati_alkalmak!$AC$4:$AC$8000,$U$1&$N47&$O$3),COUNTIF(Szolgalati_alkalmak!$AC$4:$AC$8000,$U$1&$N47&$O$4)) -> 0 | V47: =SUM(COUNTIF(Szolgalati_alkalmak!$AC$4:$AC$8000,$V$1&$N47),COUNTIF(Szolgalati_alkalmak!$AC$4:$AC$8000,$V$1&$N47&$O$2),COUNTIF(Szolgalati_alkalmak!$AC$4:$AC$8000,$V$1&$N47&$O$3),COUNTIF(Szolgalati_alkalmak!$AC$4:$AC$8000,$V$1&$N47&$O$4)) -> 0 | W47: =SUM(COUNTIF(Szolgalati_alkalmak!$AC$4:$AC$8000,$W$1&$N47),COUNTIF(Szolgalati_alkalmak!$AC$4:$AC$8000,$W$1&$N47&$O$2),COUNTIF(Szolgalati_alkalmak!$AC$4:$AC$8000,$W$1&$N47&$O$3),COUNTIF(Szolgalati_alkalmak!$AC$4:$AC$8000,$W$1&$N47&$O$4)) -> 0 | X47: =SUM(COUNTIF(Szolgalati_alkalmak!$AC$4:$AC$8000,$X$1&$N47),COUNTIF(Szolgalati_alkalmak!$AC$4:$AC$8000,$X$1&$N47&$O$2),COUNTIF(Szolgalati_alkalmak!$AC$4:$AC$8000,$X$1&$N47&$O$3),COUNTIF(Szolgalati_alkalmak!$AC$4:$AC$8000,$X$1&$N47&$O$4)) -> 0 | Y47: =SUM(COUNTIF(Szolgalati_alkalmak!$AC$4:$AC$8000,$Y$1&$N47),COUNTIF(Szolgalati_alkalmak!$AC$4:$AC$8000,$Y$1&$N47&$O$2),COUNTIF(Szolgalati_alkalmak!$AC$4:$AC$8000,$Y$1&$N47&$O$3),COUNTIF(Szolgalati_alkalmak!$AC$4:$AC$8000,$Y$1&$N47&$O$4)) -> 0
B48: Azonos nemzetiségű | M48: =SUM(C48:L48) -> 0
B49: Nem azonos nemzetiségű | M49: =SUM(C49:L49) -> 0
A50: II. Istentisztelet
A51: 1. | B51: a._közönséges_vasárnapon: de. | C51: =P51 -> 0 | D51: =Q51 -> 0 | E51: =R51 -> 0 | F51: =S51 -> 0 | G51: =T51 -> 0 | H51: =U51 -> 0 | I51: =V51 -> 0 | J51: =W51 -> 0 | ... L51: =Y51 -> 0 | M51: =SUM(C51:L51) -> 0 | N51: Vasárnapi i.t. | P51: =SUM(COUNTIF(Szolgalati_alkalmak!$AC$4:$AC$8000,$P$1&$N51),COUNTIF(Szolgalati_alkalmak!$AC$4:$AC$8000,$P$1&$N51&$O$3)) -> 0 | Q51: =SUM(COUNTIF(Szolgalati_alkalmak!$AC$4:$AC$8000,$Q$1&$N51),COUNTIF(Szolgalati_alkalmak!$AC$4:$AC$8000,$Q$1&$N51&$O$3)) -> 0 | R51: =SUM(COUNTIF(Szolgalati_alkalmak!$AC$4:$AC$8000,$R$1&$N51),COUNTIF(Szolgalati_alkalmak!$AC$4:$AC$8000,$R$1&$N51&$O$3)) -> 0 | S51: =SUM(COUNTIF(Szolgalati_alkalmak!$AC$4:$AC$8000,$S$1&$N51),COUNTIF(Szolgalati_alkalmak!$AC$4:$AC$8000,$S$1&$N51&$O$3)) -> 0 | T51: =SUM(COUNTIF(Szolgalati_alkalmak!$AC$4:$AC$8000,$T$1&$N51),COUNTIF(Szolgalati_alkalmak!$AC$4:$AC$8000,$T$1&$N51&$O$3)) -> 0 | U51: =SUM(COUNTIF(Szolgalati_alkalmak!$AC$4:$AC$8000,$U$1&$N51),COUNTIF(Szolgalati_alkalmak!$AC$4:$AC$8000,$U$1&$N51&$O$3)) -> 0 | V51: =SUM(COUNTIF(Szolgalati_alkalmak!$AC$4:$AC$8000,$V$1&$N51),COUNTIF(Szolgalati_alkalmak!$AC$4:$AC$8000,$V$1&$N51&$O$3)) -> 0 | W51: =SUM(COUNTIF(Szolgalati_alkalmak!$AC$4:$AC$8000,$W$1&$N51),COUNTIF(Szolgalati_alkalmak!$AC$4:$AC$8000,$W$1&$N51&$O$3)) -> 0 | X51: =SUM(COUNTIF(Szolgalati_alkalmak!$AC$4:$AC$8000,$X$1&$N51),COUNTIF(Szolgalati_alkalmak!$AC$4:$AC$8000,$X$1&$N51&$O$3)) -> 0 | Y51: =SUM(COUNTIF(Szolgalati_alkalmak!$AC$4:$AC$8000,$Y$1&$N51),COUNTIF(Szolgalati_alkalmak!$AC$4:$AC$8000,$Y$1&$N51&$O$3)) -> 0
B52: du. | C52: =P52 -> 0 | D52: =Q52 -> 0 | E52: =R52 -> 0 | F52: =S52 -> 0 | G52: =T52 -> 0 | H52: =U52 -> 0 | I52: =V52 -> 0 | J52: =W52 -> 0 | ... L52: =Y52 -> 0 | M52: =SUM(C52:L52) -> 0 | N52: Vasárnapi i.t. | P52: =SUM(COUNTIF(Szolgalati_alkalmak!$AC$4:$AC$8000,$P$1&$N52&$O$2),COUNTIF(Szolgalati_alkalmak!$AC$4:$AC$8000,$P$1&$N52&$O$4)) -> 0 | Q52: =SUM(COUNTIF(Szolgalati_alkalmak!$AC$4:$AC$8000,$Q$1&$N52&$O$2),COUNTIF(Szolgalati_alkalmak!$AC$4:$AC$8000,$Q$1&$N52&$O$4)) -> 0 | R52: =SUM(COUNTIF(Szolgalati_alkalmak!$AC$4:$AC$8000,$R$1&$N52&$O$2),COUNTIF(Szolgalati_alkalmak!$AC$4:$AC$8000,$R$1&$N52&$O$4)) -> 0 | S52: =SUM(COUNTIF(Szolgalati_alkalmak!$AC$4:$AC$8000,$S$1&$N52&$O$2),COUNTIF(Szolgalati_alkalmak!$AC$4:$AC$8000,$S$1&$N52&$O$4)) -> 0 | T52: =SUM(COUNTIF(Szolgalati_alkalmak!$AC$4:$AC$8000,$T$1&$N52&$O$2),COUNTIF(Szolgalati_alkalmak!$AC$4:$AC$8000,$T$1&$N52&$O$4)) -> 0 | U52: =SUM(COUNTIF(Szolgalati_alkalmak!$AC$4:$AC$8000,$U$1&$N52&$O$2),COUNTIF(Szolgalati_alkalmak!$AC$4:$AC$8000,$U$1&$N52&$O$4)) -> 0 | V52: =SUM(COUNTIF(Szolgalati_alkalmak!$AC$4:$AC$8000,$V$1&$N52&$O$2),COUNTIF(Szolgalati_alkalmak!$AC$4:$AC$8000,$V$1&$N52&$O$4)) -> 0 | W52: =SUM(COUNTIF(Szolgalati_alkalmak!$AC$4:$AC$8000,$W$1&$N52&$O$2),COUNTIF(Szolgalati_alkalmak!$AC$4:$AC$8000,$W$1&$N52&$O$4)) -> 0 | X52: =SUM(COUNTIF(Szolgalati_alkalmak!$AC$4:$AC$8000,$X$1&$N52&$O$2),COUNTIF(Szolgalati_alkalmak!$AC$4:$AC$8000,$X$1&$N52&$O$4)) -> 0 | Y52: =SUM(COUNTIF(Szolgalati_alkalmak!$AC$4:$AC$8000,$Y$1&$N52&$O$2),COUNTIF(Szolgalati_alkalmak!$AC$4:$AC$8000,$Y$1&$N52&$O$4)) -> 0
B53: b._ünnepnapokon: de. | C53: =P53 -> 0 | D53: =Q53 -> 0 | E53: =R53 -> 0 | F53: =S53 -> 0 | G53: =T53 -> 0 | H53: =U53 -> 0 | I53: =V53 -> 0 | J53: =W53 -> 0 | ... L53: =Y53 -> 0 | M53: =SUM(C53:L53) -> 0 | P53: =SUM(P234,P236,P238,P240,P242,P244,P246,P248,P250,P252) -> 0 | Q53: =SUM(Q234,Q236,Q238,Q240,Q242,Q244,Q246,Q248,Q250,Q252) -> 0 | R53: =SUM(R234,R236,R238,R240,R242,R244,R246,R248,R250,R252) -> 0 | S53: =SUM(S234,S236,S238,S240,S242,S244,S246,S248,S250,S252) -> 0 | T53: =SUM(T234,T236,T238,T240,T242,T244,T246,T248,T250,T252) -> 0 | U53: =SUM(U234,U236,U238,U240,U242,U244,U246,U248,U250,U252) -> 0 | V53: =SUM(V234,V236,V238,V240,V242,V244,V246,V248,V250,V252) -> 0 | W53: =SUM(W234,W236,W238,W240,W242,W244,W246,W248,W250,W252) -> 0 | ... Y53: =SUM(Y234,Y236,Y238,Y240,Y242,Y244,Y246,Y248,Y250,Y252) -> 0
B54: du. | C54: =P54 -> 0 | D54: =Q54 -> 0 | E54: =R54 -> 0 | F54: =S54 -> 0 | G54: =T54 -> 0 | H54: =U54 -> 0 | I54: =V54 -> 0 | J54: =W54 -> 0 | ... L54: =Y54 -> 0 | M54: =SUM(C54:L54) -> 0 | P54: =SUM(P235,P237,P239,P241,P243,P245,P247,P249,P251,P253) -> 0 | Q54: =SUM(Q235,Q237,Q239,Q241,Q243,Q245,Q247,Q249,Q251,Q253) -> 0 | R54: =SUM(R235,R237,R239,R241,R243,R245,R247,R249,R251,R253) -> 0 | S54: =SUM(S235,S237,S239,S241,S243,S245,S247,S249,S251,S253) -> 0 | T54: =SUM(T235,T237,T239,T241,T243,T245,T247,T249,T251,T253) -> 0 | U54: =SUM(U235,U237,U239,U241,U243,U245,U247,U249,U251,U253) -> 0 | V54: =SUM(V235,V237,V239,V241,V243,V245,V247,V249,V251,V253) -> 0 | W54: =SUM(W235,W237,W239,W241,W243,W245,W247,W249,W251,W253) -> 0 | ... Y54: =SUM(Y235,Y237,Y239,Y241,Y243,Y245,Y247,Y249,Y251,Y253) -> 0
B55: c._rendszeres_hétköznapi_i.t.: de. | C55: =P55 -> 0 | D55: =Q55 -> 0 | E55: =R55 -> 0 | F55: =S55 -> 0 | G55: =T55 -> 0 | H55: =U55 -> 0 | I55: =V55 -> 0 | J55: =W55 -> 0 | ... L55: =Y55 -> 0 | M55: =SUM(C55:L55) -> 0 | N55: Hétköznapi i.t. | P55: =SUM(COUNTIF(Szolgalati_alkalmak!$AC$4:$AC$8000,$P$1&$N55),COUNTIF(Szolgalati_alkalmak!$AC$4:$AC$8000,$P$1&$N55&$O$3)) -> 0 | Q55: =SUM(COUNTIF(Szolgalati_alkalmak!$AC$4:$AC$8000,$Q$1&$N55),COUNTIF(Szolgalati_alkalmak!$AC$4:$AC$8000,$Q$1&$N55&$O$3)) -> 0 | R55: =SUM(COUNTIF(Szolgalati_alkalmak!$AC$4:$AC$8000,$R$1&$N55),COUNTIF(Szolgalati_alkalmak!$AC$4:$AC$8000,$R$1&$N55&$O$3)) -> 0 | S55: =SUM(COUNTIF(Szolgalati_alkalmak!$AC$4:$AC$8000,$S$1&$N55),COUNTIF(Szolgalati_alkalmak!$AC$4:$AC$8000,$S$1&$N55&$O$3)) -> 0 | T55: =SUM(COUNTIF(Szolgalati_alkalmak!$AC$4:$AC$8000,$T$1&$N55),COUNTIF(Szolgalati_alkalmak!$AC$4:$AC$8000,$T$1&$N55&$O$3)) -> 0 | U55: =SUM(COUNTIF(Szolgalati_alkalmak!$AC$4:$AC$8000,$U$1&$N55),COUNTIF(Szolgalati_alkalmak!$AC$4:$AC$8000,$U$1&$N55&$O$3)) -> 0 | V55: =SUM(COUNTIF(Szolgalati_alkalmak!$AC$4:$AC$8000,$V$1&$N55),COUNTIF(Szolgalati_alkalmak!$AC$4:$AC$8000,$V$1&$N55&$O$3)) -> 0 | W55: =SUM(COUNTIF(Szolgalati_alkalmak!$AC$4:$AC$8000,$W$1&$N55),COUNTIF(Szolgalati_alkalmak!$AC$4:$AC$8000,$W$1&$N55&$O$3)) -> 0 | X55: =SUM(COUNTIF(Szolgalati_alkalmak!$AC$4:$AC$8000,$X$1&$N55),COUNTIF(Szolgalati_alkalmak!$AC$4:$AC$8000,$X$1&$N55&$O$3)) -> 0 | Y55: =SUM(COUNTIF(Szolgalati_alkalmak!$AC$4:$AC$8000,$Y$1&$N55),COUNTIF(Szolgalati_alkalmak!$AC$4:$AC$8000,$Y$1&$N55&$O$3)) -> 0
B56: du. | C56: =P56 -> 0 | D56: =Q56 -> 0 | E56: =R56 -> 0 | F56: =S56 -> 0 | G56: =T56 -> 0 | H56: =U56 -> 0 | I56: =V56 -> 0 | J56: =W56 -> 0 | ... L56: =Y56 -> 0 | M56: =SUM(C56:L56) -> 0 | N56: Hétköznapi i.t. | P56: =SUM(COUNTIF(Szolgalati_alkalmak!$AC$4:$AC$8000,$P$1&$N56&$O$2),COUNTIF(Szolgalati_alkalmak!$AC$4:$AC$8000,$P$1&$N56&$O$4)) -> 0 | Q56: =SUM(COUNTIF(Szolgalati_alkalmak!$AC$4:$AC$8000,$Q$1&$N56&$O$2),COUNTIF(Szolgalati_alkalmak!$AC$4:$AC$8000,$Q$1&$N56&$O$4)) -> 0 | R56: =SUM(COUNTIF(Szolgalati_alkalmak!$AC$4:$AC$8000,$R$1&$N56&$O$2),COUNTIF(Szolgalati_alkalmak!$AC$4:$AC$8000,$R$1&$N56&$O$4)) -> 0 | S56: =SUM(COUNTIF(Szolgalati_alkalmak!$AC$4:$AC$8000,$S$1&$N56&$O$2),COUNTIF(Szolgalati_alkalmak!$AC$4:$AC$8000,$S$1&$N56&$O$4)) -> 0 | T56: =SUM(COUNTIF(Szolgalati_alkalmak!$AC$4:$AC$8000,$T$1&$N56&$O$2),COUNTIF(Szolgalati_alkalmak!$AC$4:$AC$8000,$T$1&$N56&$O$4)) -> 0 | U56: =SUM(COUNTIF(Szolgalati_alkalmak!$AC$4:$AC$8000,$U$1&$N56&$O$2),COUNTIF(Szolgalati_alkalmak!$AC$4:$AC$8000,$U$1&$N56&$O$4)) -> 0 | V56: =SUM(COUNTIF(Szolgalati_alkalmak!$AC$4:$AC$8000,$V$1&$N56&$O$2),COUNTIF(Szolgalati_alkalmak!$AC$4:$AC$8000,$V$1&$N56&$O$4)) -> 0 | W56: =SUM(COUNTIF(Szolgalati_alkalmak!$AC$4:$AC$8000,$W$1&$N56&$O$2),COUNTIF(Szolgalati_alkalmak!$AC$4:$AC$8000,$W$1&$N56&$O$4)) -> 0 | X56: =SUM(COUNTIF(Szolgalati_alkalmak!$AC$4:$AC$8000,$X$1&$N56&$O$2),COUNTIF(Szolgalati_alkalmak!$AC$4:$AC$8000,$X$1&$N56&$O$4)) -> 0 | Y56: =SUM(COUNTIF(Szolgalati_alkalmak!$AC$4:$AC$8000,$Y$1&$N56&$O$2),COUNTIF(Szolgalati_alkalmak!$AC$4:$AC$8000,$Y$1&$N56&$O$4)) -> 0
B57: d._bűnbánati_héten: de. | C57: =P57 -> 0 | D57: =Q57 -> 0 | E57: =R57 -> 0 | F57: =S57 -> 0 | G57: =T57 -> 0 | H57: =U57 -> 0 | I57: =V57 -> 0 | J57: =W57 -> 0 | ... L57: =Y57 -> 0 | M57: =SUM(C57:L57) -> 0 | N57: Bűnbánati i.t. | P57: =SUM(COUNTIF(Szolgalati_alkalmak!$AC$4:$AC$8000,$P$1&$N57),COUNTIF(Szolgalati_alkalmak!$AC$4:$AC$8000,$P$1&$N57&$O$3)) -> 0 | Q57: =SUM(COUNTIF(Szolgalati_alkalmak!$AC$4:$AC$8000,$Q$1&$N57),COUNTIF(Szolgalati_alkalmak!$AC$4:$AC$8000,$Q$1&$N57&$O$3)) -> 0 | R57: =SUM(COUNTIF(Szolgalati_alkalmak!$AC$4:$AC$8000,$R$1&$N57),COUNTIF(Szolgalati_alkalmak!$AC$4:$AC$8000,$R$1&$N57&$O$3)) -> 0 | S57: =SUM(COUNTIF(Szolgalati_alkalmak!$AC$4:$AC$8000,$S$1&$N57),COUNTIF(Szolgalati_alkalmak!$AC$4:$AC$8000,$S$1&$N57&$O$3)) -> 0 | T57: =SUM(COUNTIF(Szolgalati_alkalmak!$AC$4:$AC$8000,$T$1&$N57),COUNTIF(Szolgalati_alkalmak!$AC$4:$AC$8000,$T$1&$N57&$O$3)) -> 0 | U57: =SUM(COUNTIF(Szolgalati_alkalmak!$AC$4:$AC$8000,$U$1&$N57),COUNTIF(Szolgalati_alkalmak!$AC$4:$AC$8000,$U$1&$N57&$O$3)) -> 0 | V57: =SUM(COUNTIF(Szolgalati_alkalmak!$AC$4:$AC$8000,$V$1&$N57),COUNTIF(Szolgalati_alkalmak!$AC$4:$AC$8000,$V$1&$N57&$O$3)) -> 0 | W57: =SUM(COUNTIF(Szolgalati_alkalmak!$AC$4:$AC$8000,$W$1&$N57),COUNTIF(Szolgalati_alkalmak!$AC$4:$AC$8000,$W$1&$N57&$O$3)) -> 0 | X57: =SUM(COUNTIF(Szolgalati_alkalmak!$AC$4:$AC$8000,$X$1&$N57),COUNTIF(Szolgalati_alkalmak!$AC$4:$AC$8000,$X$1&$N57&$O$3)) -> 0 | Y57: =SUM(COUNTIF(Szolgalati_alkalmak!$AC$4:$AC$8000,$Y$1&$N57),COUNTIF(Szolgalati_alkalmak!$AC$4:$AC$8000,$Y$1&$N57&$O$3)) -> 0
B58: du. | C58: =P58 -> 0 | D58: =Q58 -> 0 | E58: =R58 -> 0 | F58: =S58 -> 0 | G58: =T58 -> 0 | H58: =U58 -> 0 | I58: =V58 -> 0 | J58: =W58 -> 0 | ... L58: =Y58 -> 0 | M58: =SUM(C58:L58) -> 0 | N58: Bűnbánati i.t. | P58: =SUM(COUNTIF(Szolgalati_alkalmak!$AC$4:$AC$8000,$P$1&$N58&$O$2),COUNTIF(Szolgalati_alkalmak!$AC$4:$AC$8000,$P$1&$N58&$O$4)) -> 0 | Q58: =SUM(COUNTIF(Szolgalati_alkalmak!$AC$4:$AC$8000,$Q$1&$N58&$O$2),COUNTIF(Szolgalati_alkalmak!$AC$4:$AC$8000,$Q$1&$N58&$O$4)) -> 0 | R58: =SUM(COUNTIF(Szolgalati_alkalmak!$AC$4:$AC$8000,$R$1&$N58&$O$2),COUNTIF(Szolgalati_alkalmak!$AC$4:$AC$8000,$R$1&$N58&$O$4)) -> 0 | S58: =SUM(COUNTIF(Szolgalati_alkalmak!$AC$4:$AC$8000,$S$1&$N58&$O$2),COUNTIF(Szolgalati_alkalmak!$AC$4:$AC$8000,$S$1&$N58&$O$4)) -> 0 | T58: =SUM(COUNTIF(Szolgalati_alkalmak!$AC$4:$AC$8000,$T$1&$N58&$O$2),COUNTIF(Szolgalati_alkalmak!$AC$4:$AC$8000,$T$1&$N58&$O$4)) -> 0 | U58: =SUM(COUNTIF(Szolgalati_alkalmak!$AC$4:$AC$8000,$U$1&$N58&$O$2),COUNTIF(Szolgalati_alkalmak!$AC$4:$AC$8000,$U$1&$N58&$O$4)) -> 0 | V58: =SUM(COUNTIF(Szolgalati_alkalmak!$AC$4:$AC$8000,$V$1&$N58&$O$2),COUNTIF(Szolgalati_alkalmak!$AC$4:$AC$8000,$V$1&$N58&$O$4)) -> 0 | W58: =SUM(COUNTIF(Szolgalati_alkalmak!$AC$4:$AC$8000,$W$1&$N58&$O$2),COUNTIF(Szolgalati_alkalmak!$AC$4:$AC$8000,$W$1&$N58&$O$4)) -> 0 | X58: =SUM(COUNTIF(Szolgalati_alkalmak!$AC$4:$AC$8000,$X$1&$N58&$O$2),COUNTIF(Szolgalati_alkalmak!$AC$4:$AC$8000,$X$1&$N58&$O$4)) -> 0 | Y58: =SUM(COUNTIF(Szolgalati_alkalmak!$AC$4:$AC$8000,$Y$1&$N58&$O$2),COUNTIF(Szolgalati_alkalmak!$AC$4:$AC$8000,$Y$1&$N58&$O$4)) -> 0
B59: e. bibliaórák | C59: =P59 -> 0 | D59: =Q59 -> 0 | E59: =R59 -> 0 | F59: =S59 -> 0 | G59: =T59 -> 0 | H59: =U59 -> 0 | I59: =V59 -> 0 | J59: =W59 -> 0 | ... L59: =Y59 -> 0 | M59: =SUM(C59:L59) -> 0 | P59: =SUM(P93:P101) -> 0 | Q59: =SUM(Q93:Q101) -> 0 | R59: =SUM(R93:R101) -> 0 | S59: =SUM(S93:S101) -> 0 | T59: =SUM(T93:T101) -> 0 | U59: =SUM(U93:U101) -> 0 | V59: =SUM(V93:V101) -> 0 | W59: =SUM(W93:W101) -> 0 | ... Y59: =SUM(Y93:Y101) -> 0
B60: f. kazuáliák és felkészítők | C60: =P60 -> 0 | D60: =Q60 -> 0 | E60: =R60 -> 0 | F60: =S60 -> 0 | G60: =T60 -> 0 | H60: =U60 -> 0 | I60: =V60 -> 0 | J60: =W60 -> 0 | ... L60: =Y60 -> 0 | M60: =SUM(C60:L60) -> 0 | P60: =SUM(P14:P17,P46:P47,P230:P232) -> 0 | Q60: =SUM(Q14:Q17,Q46:Q47,Q230:Q232) -> 0 | R60: =SUM(R14:R17,R46:R47,R230:R232) -> 0 | S60: =SUM(S14:S17,S46:S47,S230:S232) -> 0 | T60: =SUM(T14:T17,T46:T47,T230:T232) -> 0 | U60: =SUM(U14:U17,U46:U47,U230:U232) -> 0 | V60: =SUM(V14:V17,V46:V47,V230:V232) -> 0 | W60: =SUM(W14:W17,W46:W47,W230:W232) -> 0 | ... Y60: =SUM(Y14:Y17,Y46:Y47,Y230:Y232) -> 0
B61: g. más alkalmak | C61: =P61 -> 0 | D61: =Q61 -> 0 | E61: =R61 -> 0 | F61: =S61 -> 0 | G61: =T61 -> 0 | H61: =U61 -> 0 | I61: =V61 -> 0 | J61: =W61 -> 0 | ... L61: =Y61 -> 0 | M61: =SUM(C61:L61) -> 0 | P61: =SUM(P102:P104,P255:P257) -> 0 | Q61: =SUM(Q102:Q104,Q255:Q257) -> 0 | R61: =SUM(R102:R104,R255:R257) -> 0 | S61: =SUM(S102:S104,S255:S257) -> 0 | T61: =SUM(T102:T104,T255:T257) -> 0 | U61: =SUM(U102:U104,U255:U257) -> 0 | V61: =SUM(V102:V104,V255:V257) -> 0 | W61: =SUM(W102:W104,W255:W257) -> 0 | ... Y61: =SUM(Y102:Y104,Y255:Y257) -> 0
B62: h. digitális alkalmak | C62: =P62 -> 0 | D62: =Q62 -> 0 | E62: =R62 -> 0 | F62: =S62 -> 0 | G62: =T62 -> 0 | H62: =U62 -> 0 | I62: =V62 -> 0 | J62: =W62 -> 0 | ... L62: =Y62 -> 0 | M62: =SUM(C62:L62) -> 0 | N62: Digitális alkalmak | P62: =SUM(COUNTIF(Szolgalati_alkalmak!$AC$4:$AC$8000,$P$1&$N62),COUNTIF(Szolgalati_alkalmak!$AC$4:$AC$8000,$P$1&$N62&$O$2),COUNTIF(Szolgalati_alkalmak!$AC$4:$AC$8000,$P$1&$N62&$O$3),COUNTIF(Szolgalati_alkalmak!$AC$4:$AC$8000,$P$1&$N62&$O$4)) -> 0 | Q62: =SUM(COUNTIF(Szolgalati_alkalmak!$AC$4:$AC$8000,$Q$1&$N62),COUNTIF(Szolgalati_alkalmak!$AC$4:$AC$8000,$Q$1&$N62&$O$2),COUNTIF(Szolgalati_alkalmak!$AC$4:$AC$8000,$Q$1&$N62&$O$3),COUNTIF(Szolgalati_alkalmak!$AC$4:$AC$8000,$Q$1&$N62&$O$4)) -> 0 | R62: =SUM(COUNTIF(Szolgalati_alkalmak!$AC$4:$AC$8000,$R$1&$N62),COUNTIF(Szolgalati_alkalmak!$AC$4:$AC$8000,$R$1&$N62&$O$2),COUNTIF(Szolgalati_alkalmak!$AC$4:$AC$8000,$R$1&$N62&$O$3),COUNTIF(Szolgalati_alkalmak!$AC$4:$AC$8000,$R$1&$N62&$O$4)) -> 0 | S62: =SUM(COUNTIF(Szolgalati_alkalmak!$AC$4:$AC$8000,$S$1&$N62),COUNTIF(Szolgalati_alkalmak!$AC$4:$AC$8000,$S$1&$N62&$O$2),COUNTIF(Szolgalati_alkalmak!$AC$4:$AC$8000,$S$1&$N62&$O$3),COUNTIF(Szolgalati_alkalmak!$AC$4:$AC$8000,$S$1&$N62&$O$4)) -> 0 | T62: =SUM(COUNTIF(Szolgalati_alkalmak!$AC$4:$AC$8000,$T$1&$N62),COUNTIF(Szolgalati_alkalmak!$AC$4:$AC$8000,$T$1&$N62&$O$2),COUNTIF(Szolgalati_alkalmak!$AC$4:$AC$8000,$T$1&$N62&$O$3),COUNTIF(Szolgalati_alkalmak!$AC$4:$AC$8000,$T$1&$N62&$O$4)) -> 0 | U62: =SUM(COUNTIF(Szolgalati_alkalmak!$AC$4:$AC$8000,$U$1&$N62),COUNTIF(Szolgalati_alkalmak!$AC$4:$AC$8000,$U$1&$N62&$O$2),COUNTIF(Szolgalati_alkalmak!$AC$4:$AC$8000,$U$1&$N62&$O$3),COUNTIF(Szolgalati_alkalmak!$AC$4:$AC$8000,$U$1&$N62&$O$4)) -> 0 | V62: =SUM(COUNTIF(Szolgalati_alkalmak!$AC$4:$AC$8000,$V$1&$N62),COUNTIF(Szolgalati_alkalmak!$AC$4:$AC$8000,$V$1&$N62&$O$2),COUNTIF(Szolgalati_alkalmak!$AC$4:$AC$8000,$V$1&$N62&$O$3),COUNTIF(Szolgalati_alkalmak!$AC$4:$AC$8000,$V$1&$N62&$O$4)) -> 0 | W62: =SUM(COUNTIF(Szolgalati_alkalmak!$AC$4:$AC$8000,$W$1&$N62),COUNTIF(Szolgalati_alkalmak!$AC$4:$AC$8000,$W$1&$N62&$O$2),COUNTIF(Szolgalati_alkalmak!$AC$4:$AC$8000,$W$1&$N62&$O$3),COUNTIF(Szolgalati_alkalmak!$AC$4:$AC$8000,$W$1&$N62&$O$4)) -> 0 | X62: =SUM(COUNTIF(Szolgalati_alkalmak!$AC$4:$AC$8000,$X$1&$N62),COUNTIF(Szolgalati_alkalmak!$AC$4:$AC$8000,$X$1&$N62&$O$2),COUNTIF(Szolgalati_alkalmak!$AC$4:$AC$8000,$X$1&$N62&$O$3),COUNTIF(Szolgalati_alkalmak!$AC$4:$AC$8000,$X$1&$N62&$O$4)) -> 0 | Y62: =SUM(COUNTIF(Szolgalati_alkalmak!$AC$4:$AC$8000,$Y$1&$N62),COUNTIF(Szolgalati_alkalmak!$AC$4:$AC$8000,$Y$1&$N62&$O$2),COUNTIF(Szolgalati_alkalmak!$AC$4:$AC$8000,$Y$1&$N62&$O$3),COUNTIF(Szolgalati_alkalmak!$AC$4:$AC$8000,$Y$1&$N62&$O$4)) -> 0
A63: 2. | B63: A vasárnapi istentiszteleteken részt vett átlag egy alkalommal: de. | C63: =IF(C51<>0,ROUND(P63/C51,1),0) -> 0 | D63: =IF(D51<>0,ROUND(Q63/D51,1),0) -> 0 | E63: =IF(E51<>0,ROUND(R63/E51,1),0) -> 0 | F63: =IF(F51<>0,ROUND(S63/F51,1),0) -> 0 | G63: =IF(G51<>0,ROUND(T63/G51,1),0) -> 0 | H63: =IF(H51<>0,ROUND(U63/H51,1),0) -> 0 | I63: =IF(I51<>0,ROUND(V63/I51,1),0) -> 0 | J63: =IF(J51<>0,ROUND(W63/J51,1),0) -> 0 | ... L63: =IF(L51<>0,ROUND(Y63/L51,1),0) -> 0 | M63: =SUM(C63:L63)/$N$2 -> 0 | N63: Vasárnapi i.t. | P63: =SUM(SUMIF(Szolgalati_alkalmak!$AC$4:$AC$8000,$P$1&$N63,Szolgalati_alkalmak!$H$4:$H$8000),SUMIF(Szolgalati_alkalmak!$AC$4:$AC$8000,$P$1&$N63,Szolgalati_alkalmak!$I$4:$I$8000),SUMIF(Szolgalati_alkalmak!$AC$4:$AC$8000,$P$1&$N63&$O$3,Szolgalati_alkalmak!$H$4:$H$8000),SUMIF(Szolgalati_alkalmak!$AC$4:$AC$8000,$P$1&$N63&$O$3,Szolgalati_alkalmak!$I$4:$I$8000)) -> 0 | Q63: =SUM(SUMIF(Szolgalati_alkalmak!$AC$4:$AC$8000,$Q$1&$N63,Szolgalati_alkalmak!$H$4:$H$8000),SUMIF(Szolgalati_alkalmak!$AC$4:$AC$8000,$Q$1&$N63,Szolgalati_alkalmak!$I$4:$I$8000),SUMIF(Szolgalati_alkalmak!$AC$4:$AC$8000,$Q$1&$N63&$O$3,Szolgalati_alkalmak!$H$4:$H$8000),SUMIF(Szolgalati_alkalmak!$AC$4:$AC$8000,$Q$1&$N63&$O$3,Szolgalati_alkalmak!$I$4:$I$8000)) -> 0 | R63: =SUM(SUMIF(Szolgalati_alkalmak!$AC$4:$AC$8000,$R$1&$N63,Szolgalati_alkalmak!$H$4:$H$8000),SUMIF(Szolgalati_alkalmak!$AC$4:$AC$8000,$R$1&$N63,Szolgalati_alkalmak!$I$4:$I$8000),SUMIF(Szolgalati_alkalmak!$AC$4:$AC$8000,$R$1&$N63&$O$3,Szolgalati_alkalmak!$H$4:$H$8000),SUMIF(Szolgalati_alkalmak!$AC$4:$AC$8000,$R$1&$N63&$O$3,Szolgalati_alkalmak!$I$4:$I$8000)) -> 0 | S63: =SUM(SUMIF(Szolgalati_alkalmak!$AC$4:$AC$8000,$S$1&$N63,Szolgalati_alkalmak!$H$4:$H$8000),SUMIF(Szolgalati_alkalmak!$AC$4:$AC$8000,$S$1&$N63,Szolgalati_alkalmak!$I$4:$I$8000),SUMIF(Szolgalati_alkalmak!$AC$4:$AC$8000,$S$1&$N63&$O$3,Szolgalati_alkalmak!$H$4:$H$8000),SUMIF(Szolgalati_alkalmak!$AC$4:$AC$8000,$S$1&$N63&$O$3,Szolgalati_alkalmak!$I$4:$I$8000)) -> 0 | T63: =SUM(SUMIF(Szolgalati_alkalmak!$AC$4:$AC$8000,$T$1&$N63,Szolgalati_alkalmak!$H$4:$H$8000),SUMIF(Szolgalati_alkalmak!$AC$4:$AC$8000,$T$1&$N63,Szolgalati_alkalmak!$I$4:$I$8000),SUMIF(Szolgalati_alkalmak!$AC$4:$AC$8000,$T$1&$N63&$O$3,Szolgalati_alkalmak!$H$4:$H$8000),SUMIF(Szolgalati_alkalmak!$AC$4:$AC$8000,$T$1&$N63&$O$3,Szolgalati_alkalmak!$I$4:$I$8000)) -> 0 | U63: =SUM(SUMIF(Szolgalati_alkalmak!$AC$4:$AC$8000,$U$1&$N63,Szolgalati_alkalmak!$H$4:$H$8000),SUMIF(Szolgalati_alkalmak!$AC$4:$AC$8000,$U$1&$N63,Szolgalati_alkalmak!$I$4:$I$8000),SUMIF(Szolgalati_alkalmak!$AC$4:$AC$8000,$U$1&$N63&$O$3,Szolgalati_alkalmak!$H$4:$H$8000),SUMIF(Szolgalati_alkalmak!$AC$4:$AC$8000,$U$1&$N63&$O$3,Szolgalati_alkalmak!$I$4:$I$8000)) -> 0 | V63: =SUM(SUMIF(Szolgalati_alkalmak!$AC$4:$AC$8000,$V$1&$N63,Szolgalati_alkalmak!$H$4:$H$8000),SUMIF(Szolgalati_alkalmak!$AC$4:$AC$8000,$V$1&$N63,Szolgalati_alkalmak!$I$4:$I$8000),SUMIF(Szolgalati_alkalmak!$AC$4:$AC$8000,$V$1&$N63&$O$3,Szolgalati_alkalmak!$H$4:$H$8000),SUMIF(Szolgalati_alkalmak!$AC$4:$AC$8000,$V$1&$N63&$O$3,Szolgalati_alkalmak!$I$4:$I$8000)) -> 0 | W63: =SUM(SUMIF(Szolgalati_alkalmak!$AC$4:$AC$8000,$W$1&$N63,Szolgalati_alkalmak!$H$4:$H$8000),SUMIF(Szolgalati_alkalmak!$AC$4:$AC$8000,$W$1&$N63,Szolgalati_alkalmak!$I$4:$I$8000),SUMIF(Szolgalati_alkalmak!$AC$4:$AC$8000,$W$1&$N63&$O$3,Szolgalati_alkalmak!$H$4:$H$8000),SUMIF(Szolgalati_alkalmak!$AC$4:$AC$8000,$W$1&$N63&$O$3,Szolgalati_alkalmak!$I$4:$I$8000)) -> 0 | X63: =SUM(SUMIF(Szolgalati_alkalmak!$AC$4:$AC$8000,$X$1&$N63,Szolgalati_alkalmak!$H$4:$H$8000),SUMIF(Szolgalati_alkalmak!$AC$4:$AC$8000,$X$1&$N63,Szolgalati_alkalmak!$I$4:$I$8000),SUMIF(Szolgalati_alkalmak!$AC$4:$AC$8000,$X$1&$N63&$O$3,Szolgalati_alkalmak!$H$4:$H$8000),SUMIF(Szolgalati_alkalmak!$AC$4:$AC$8000,$X$1&$N63&$O$3,Szolgalati_alkalmak!$I$4:$I$8000)) -> 0 | Y63: =SUM(SUMIF(Szolgalati_alkalmak!$AC$4:$AC$8000,$Y$1&$N63,Szolgalati_alkalmak!$H$4:$H$8000),SUMIF(Szolgalati_alkalmak!$AC$4:$AC$8000,$Y$1&$N63,Szolgalati_alkalmak!$I$4:$I$8000),SUMIF(Szolgalati_alkalmak!$AC$4:$AC$8000,$Y$1&$N63&$O$3,Szolgalati_alkalmak!$H$4:$H$8000),SUMIF(Szolgalati_alkalmak!$AC$4:$AC$8000,$Y$1&$N63&$O$3,Szolgalati_alkalmak!$I$4:$I$8000)) -> 0
B64: du. | C64: =IF(C52<>0,ROUND(P64/C52,1),0) -> 0 | D64: =IF(D52<>0,ROUND(Q64/D52,1),0) -> 0 | E64: =IF(E52<>0,ROUND(R64/E52,1),0) -> 0 | F64: =IF(F52<>0,ROUND(S64/F52,1),0) -> 0 | G64: =IF(G52<>0,ROUND(T64/G52,1),0) -> 0 | H64: =IF(H52<>0,ROUND(U64/H52,1),0) -> 0 | I64: =IF(I52<>0,ROUND(V64/I52,1),0) -> 0 | J64: =IF(J52<>0,ROUND(W64/J52,1),0) -> 0 | ... L64: =IF(L52<>0,ROUND(Y64/L52,1),0) -> 0 | M64: =SUM(C64:L64)/$N$2 -> 0 | N64: Vasárnapi i.t. | P64: =SUM(SUMIF(Szolgalati_alkalmak!$AC$4:$AC$8000,$P$1&$N64&$O$2,Szolgalati_alkalmak!$H$4:$H$8000),SUMIF(Szolgalati_alkalmak!$AC$4:$AC$8000,$P$1&$N64&$O$2,Szolgalati_alkalmak!$I$4:$I$8000),SUMIF(Szolgalati_alkalmak!$AC$4:$AC$8000,$P$1&$N64&$O$4,Szolgalati_alkalmak!$H$4:$H$8000),SUMIF(Szolgalati_alkalmak!$AC$4:$AC$8000,$P$1&$N64&$O$4,Szolgalati_alkalmak!$I$4:$I$8000)) -> 0 | Q64: =SUM(SUMIF(Szolgalati_alkalmak!$AC$4:$AC$8000,$Q$1&$N64&$O$2,Szolgalati_alkalmak!$H$4:$H$8000),SUMIF(Szolgalati_alkalmak!$AC$4:$AC$8000,$Q$1&$N64&$O$2,Szolgalati_alkalmak!$I$4:$I$8000),SUMIF(Szolgalati_alkalmak!$AC$4:$AC$8000,$Q$1&$N64&$O$4,Szolgalati_alkalmak!$H$4:$H$8000),SUMIF(Szolgalati_alkalmak!$AC$4:$AC$8000,$Q$1&$N64&$O$4,Szolgalati_alkalmak!$I$4:$I$8000)) -> 0 | R64: =SUM(SUMIF(Szolgalati_alkalmak!$AC$4:$AC$8000,$R$1&$N64&$O$2,Szolgalati_alkalmak!$H$4:$H$8000),SUMIF(Szolgalati_alkalmak!$AC$4:$AC$8000,$R$1&$N64&$O$2,Szolgalati_alkalmak!$I$4:$I$8000),SUMIF(Szolgalati_alkalmak!$AC$4:$AC$8000,$R$1&$N64&$O$4,Szolgalati_alkalmak!$H$4:$H$8000),SUMIF(Szolgalati_alkalmak!$AC$4:$AC$8000,$R$1&$N64&$O$4,Szolgalati_alkalmak!$I$4:$I$8000)) -> 0 | S64: =SUM(SUMIF(Szolgalati_alkalmak!$AC$4:$AC$8000,$S$1&$N64&$O$2,Szolgalati_alkalmak!$H$4:$H$8000),SUMIF(Szolgalati_alkalmak!$AC$4:$AC$8000,$S$1&$N64&$O$2,Szolgalati_alkalmak!$I$4:$I$8000),SUMIF(Szolgalati_alkalmak!$AC$4:$AC$8000,$S$1&$N64&$O$4,Szolgalati_alkalmak!$H$4:$H$8000),SUMIF(Szolgalati_alkalmak!$AC$4:$AC$8000,$S$1&$N64&$O$4,Szolgalati_alkalmak!$I$4:$I$8000)) -> 0 | T64: =SUM(SUMIF(Szolgalati_alkalmak!$AC$4:$AC$8000,$T$1&$N64&$O$2,Szolgalati_alkalmak!$H$4:$H$8000),SUMIF(Szolgalati_alkalmak!$AC$4:$AC$8000,$T$1&$N64&$O$2,Szolgalati_alkalmak!$I$4:$I$8000),SUMIF(Szolgalati_alkalmak!$AC$4:$AC$8000,$T$1&$N64&$O$4,Szolgalati_alkalmak!$H$4:$H$8000),SUMIF(Szolgalati_alkalmak!$AC$4:$AC$8000,$T$1&$N64&$O$4,Szolgalati_alkalmak!$I$4:$I$8000)) -> 0 | U64: =SUM(SUMIF(Szolgalati_alkalmak!$AC$4:$AC$8000,$U$1&$N64&$O$2,Szolgalati_alkalmak!$H$4:$H$8000),SUMIF(Szolgalati_alkalmak!$AC$4:$AC$8000,$U$1&$N64&$O$2,Szolgalati_alkalmak!$I$4:$I$8000),SUMIF(Szolgalati_alkalmak!$AC$4:$AC$8000,$U$1&$N64&$O$4,Szolgalati_alkalmak!$H$4:$H$8000),SUMIF(Szolgalati_alkalmak!$AC$4:$AC$8000,$U$1&$N64&$O$4,Szolgalati_alkalmak!$I$4:$I$8000)) -> 0 | V64: =SUM(SUMIF(Szolgalati_alkalmak!$AC$4:$AC$8000,$V$1&$N64&$O$2,Szolgalati_alkalmak!$H$4:$H$8000),SUMIF(Szolgalati_alkalmak!$AC$4:$AC$8000,$V$1&$N64&$O$2,Szolgalati_alkalmak!$I$4:$I$8000),SUMIF(Szolgalati_alkalmak!$AC$4:$AC$8000,$V$1&$N64&$O$4,Szolgalati_alkalmak!$H$4:$H$8000),SUMIF(Szolgalati_alkalmak!$AC$4:$AC$8000,$V$1&$N64&$O$4,Szolgalati_alkalmak!$I$4:$I$8000)) -> 0 | W64: =SUM(SUMIF(Szolgalati_alkalmak!$AC$4:$AC$8000,$W$1&$N64&$O$2,Szolgalati_alkalmak!$H$4:$H$8000),SUMIF(Szolgalati_alkalmak!$AC$4:$AC$8000,$W$1&$N64&$O$2,Szolgalati_alkalmak!$I$4:$I$8000),SUMIF(Szolgalati_alkalmak!$AC$4:$AC$8000,$W$1&$N64&$O$4,Szolgalati_alkalmak!$H$4:$H$8000),SUMIF(Szolgalati_alkalmak!$AC$4:$AC$8000,$W$1&$N64&$O$4,Szolgalati_alkalmak!$I$4:$I$8000)) -> 0 | X64: =SUM(SUMIF(Szolgalati_alkalmak!$AC$4:$AC$8000,$X$1&$N64&$O$2,Szolgalati_alkalmak!$H$4:$H$8000),SUMIF(Szolgalati_alkalmak!$AC$4:$AC$8000,$X$1&$N64&$O$2,Szolgalati_alkalmak!$I$4:$I$8000),SUMIF(Szolgalati_alkalmak!$AC$4:$AC$8000,$X$1&$N64&$O$4,Szolgalati_alkalmak!$H$4:$H$8000),SUMIF(Szolgalati_alkalmak!$AC$4:$AC$8000,$X$1&$N64&$O$4,Szolgalati_alkalmak!$I$4:$I$8000)) -> 0 | Y64: =SUM(SUMIF(Szolgalati_alkalmak!$AC$4:$AC$8000,$Y$1&$N64&$O$2,Szolgalati_alkalmak!$H$4:$H$8000),SUMIF(Szolgalati_alkalmak!$AC$4:$AC$8000,$Y$1&$N64&$O$2,Szolgalati_alkalmak!$I$4:$I$8000),SUMIF(Szolgalati_alkalmak!$AC$4:$AC$8000,$Y$1&$N64&$O$4,Szolgalati_alkalmak!$H$4:$H$8000),SUMIF(Szolgalati_alkalmak!$AC$4:$AC$8000,$Y$1&$N64&$O$4,Szolgalati_alkalmak!$I$4:$I$8000)) -> 0
A65: 3. | B65: Az ünnepi istentiszteleteken (Újév, Böjtfő, Virágvasárnap, Nagypéntek, Mennybemenetel, Újkenyér, Reformáció, Advent, Óév) részt vett átlag egy alkalommal: de. | C65: =IF(P234<>0,ROUND(P65/P234,1),0) -> 0 | D65: =IF(D53<>0,ROUND(Q65/D53,1),0) -> 0 | E65: =IF(E53<>0,ROUND(R65/E53,1),0) -> 0 | F65: =IF(F53<>0,ROUND(S65/F53,1),0) -> 0 | G65: =IF(G53<>0,ROUND(T65/G53,1),0) -> 0 | H65: =IF(H53<>0,ROUND(U65/H53,1),0) -> 0 | I65: =IF(I53<>0,ROUND(V65/I53,1),0) -> 0 | J65: =IF(J53<>0,ROUND(W65/J53,1),0) -> 0 | K65: =IF(K53<>0,ROUND(X65/K53,1),0) -> 0 | L65: =IF(L53<>0,ROUND(Y65/L53,1),0) -> 0 | M65: =SUM(C65:L65)/$N$2 -> 0 | N65: Ünnepi i.t. | P65: =SUM(SUMIF(Szolgalati_alkalmak!$AC$4:$AC$8000,$P$1&$N65,Szolgalati_alkalmak!$H$4:$H$8000),SUMIF(Szolgalati_alkalmak!$AC$4:$AC$8000,$P$1&$N65,Szolgalati_alkalmak!$I$4:$I$8000),SUMIF(Szolgalati_alkalmak!$AC$4:$AC$8000,$P$1&$N65&$O$3,Szolgalati_alkalmak!$H$4:$H$8000),SUMIF(Szolgalati_alkalmak!$AC$4:$AC$8000,$P$1&$N65&$O$3,Szolgalati_alkalmak!$I$4:$I$8000)) -> 0 | Q65: =SUM(SUMIF(Szolgalati_alkalmak!$AC$4:$AC$8000,$Q$1&$N65,Szolgalati_alkalmak!$H$4:$H$8000),SUMIF(Szolgalati_alkalmak!$AC$4:$AC$8000,$Q$1&$N65,Szolgalati_alkalmak!$I$4:$I$8000),SUMIF(Szolgalati_alkalmak!$AC$4:$AC$8000,$Q$1&$N65&$O$3,Szolgalati_alkalmak!$H$4:$H$8000),SUMIF(Szolgalati_alkalmak!$AC$4:$AC$8000,$Q$1&$N65&$O$3,Szolgalati_alkalmak!$I$4:$I$8000)) -> 0 | R65: =SUM(SUMIF(Szolgalati_alkalmak!$AC$4:$AC$8000,$R$1&$N65,Szolgalati_alkalmak!$H$4:$H$8000),SUMIF(Szolgalati_alkalmak!$AC$4:$AC$8000,$R$1&$N65,Szolgalati_alkalmak!$I$4:$I$8000),SUMIF(Szolgalati_alkalmak!$AC$4:$AC$8000,$R$1&$N65&$O$3,Szolgalati_alkalmak!$H$4:$H$8000),SUMIF(Szolgalati_alkalmak!$AC$4:$AC$8000,$R$1&$N65&$O$3,Szolgalati_alkalmak!$I$4:$I$8000)) -> 0 | S65: =SUM(SUMIF(Szolgalati_alkalmak!$AC$4:$AC$8000,$S$1&$N65,Szolgalati_alkalmak!$H$4:$H$8000),SUMIF(Szolgalati_alkalmak!$AC$4:$AC$8000,$S$1&$N65,Szolgalati_alkalmak!$I$4:$I$8000),SUMIF(Szolgalati_alkalmak!$AC$4:$AC$8000,$S$1&$N65&$O$3,Szolgalati_alkalmak!$H$4:$H$8000),SUMIF(Szolgalati_alkalmak!$AC$4:$AC$8000,$S$1&$N65&$O$3,Szolgalati_alkalmak!$I$4:$I$8000)) -> 0 | T65: =SUM(SUMIF(Szolgalati_alkalmak!$AC$4:$AC$8000,$T$1&$N65,Szolgalati_alkalmak!$H$4:$H$8000),SUMIF(Szolgalati_alkalmak!$AC$4:$AC$8000,$T$1&$N65,Szolgalati_alkalmak!$I$4:$I$8000),SUMIF(Szolgalati_alkalmak!$AC$4:$AC$8000,$T$1&$N65&$O$3,Szolgalati_alkalmak!$H$4:$H$8000),SUMIF(Szolgalati_alkalmak!$AC$4:$AC$8000,$T$1&$N65&$O$3,Szolgalati_alkalmak!$I$4:$I$8000)) -> 0 | U65: =SUM(SUMIF(Szolgalati_alkalmak!$AC$4:$AC$8000,$U$1&$N65,Szolgalati_alkalmak!$H$4:$H$8000),SUMIF(Szolgalati_alkalmak!$AC$4:$AC$8000,$U$1&$N65,Szolgalati_alkalmak!$I$4:$I$8000),SUMIF(Szolgalati_alkalmak!$AC$4:$AC$8000,$U$1&$N65&$O$3,Szolgalati_alkalmak!$H$4:$H$8000),SUMIF(Szolgalati_alkalmak!$AC$4:$AC$8000,$U$1&$N65&$O$3,Szolgalati_alkalmak!$I$4:$I$8000)) -> 0 | V65: =SUM(SUMIF(Szolgalati_alkalmak!$AC$4:$AC$8000,$V$1&$N65,Szolgalati_alkalmak!$H$4:$H$8000),SUMIF(Szolgalati_alkalmak!$AC$4:$AC$8000,$V$1&$N65,Szolgalati_alkalmak!$I$4:$I$8000),SUMIF(Szolgalati_alkalmak!$AC$4:$AC$8000,$V$1&$N65&$O$3,Szolgalati_alkalmak!$H$4:$H$8000),SUMIF(Szolgalati_alkalmak!$AC$4:$AC$8000,$V$1&$N65&$O$3,Szolgalati_alkalmak!$I$4:$I$8000)) -> 0 | W65: =SUM(SUMIF(Szolgalati_alkalmak!$AC$4:$AC$8000,$W$1&$N65,Szolgalati_alkalmak!$H$4:$H$8000),SUMIF(Szolgalati_alkalmak!$AC$4:$AC$8000,$W$1&$N65,Szolgalati_alkalmak!$I$4:$I$8000),SUMIF(Szolgalati_alkalmak!$AC$4:$AC$8000,$W$1&$N65&$O$3,Szolgalati_alkalmak!$H$4:$H$8000),SUMIF(Szolgalati_alkalmak!$AC$4:$AC$8000,$W$1&$N65&$O$3,Szolgalati_alkalmak!$I$4:$I$8000)) -> 0 | X65: =SUM(SUMIF(Szolgalati_alkalmak!$AC$4:$AC$8000,$X$1&$N65,Szolgalati_alkalmak!$H$4:$H$8000),SUMIF(Szolgalati_alkalmak!$AC$4:$AC$8000,$X$1&$N65,Szolgalati_alkalmak!$I$4:$I$8000),SUMIF(Szolgalati_alkalmak!$AC$4:$AC$8000,$X$1&$N65&$O$3,Szolgalati_alkalmak!$H$4:$H$8000),SUMIF(Szolgalati_alkalmak!$AC$4:$AC$8000,$X$1&$N65&$O$3,Szolgalati_alkalmak!$I$4:$I$8000)) -> 0 | Y65: =SUM(SUMIF(Szolgalati_alkalmak!$AC$4:$AC$8000,$Y$1&$N65,Szolgalati_alkalmak!$H$4:$H$8000),SUMIF(Szolgalati_alkalmak!$AC$4:$AC$8000,$Y$1&$N65,Szolgalati_alkalmak!$I$4:$I$8000),SUMIF(Szolgalati_alkalmak!$AC$4:$AC$8000,$Y$1&$N65&$O$3,Szolgalati_alkalmak!$H$4:$H$8000),SUMIF(Szolgalati_alkalmak!$AC$4:$AC$8000,$Y$1&$N65&$O$3,Szolgalati_alkalmak!$I$4:$I$8000)) -> 0
B66: du. | C66: =IF(P235<>0,ROUND(P66/P235,1),0) -> 0 | D66: =IF(D54<>0,ROUND(Q66/D54,1),0) -> 0 | E66: =IF(E54<>0,ROUND(R66/E54,1),0) -> 0 | F66: =IF(F54<>0,ROUND(S66/F54,1),0) -> 0 | G66: =IF(G54<>0,ROUND(T66/G54,1),0) -> 0 | H66: =IF(H54<>0,ROUND(U66/H54,1),0) -> 0 | I66: =IF(I54<>0,ROUND(V66/I54,1),0) -> 0 | J66: =IF(J54<>0,ROUND(W66/J54,1),0) -> 0 | K66: =IF(K54<>0,ROUND(X66/K54,1),0) -> 0 | L66: =IF(L54<>0,ROUND(Y66/L54,1),0) -> 0 | M66: =SUM(C66:L66)/$N$2 -> 0 | N66: Ünnepi i.t. | P66: =SUM(SUMIF(Szolgalati_alkalmak!$AC$4:$AC$8000,$P$1&$N66&$O$2,Szolgalati_alkalmak!$H$4:$H$8000),SUMIF(Szolgalati_alkalmak!$AC$4:$AC$8000,$P$1&$N66&$O$2,Szolgalati_alkalmak!$I$4:$I$8000),SUMIF(Szolgalati_alkalmak!$AC$4:$AC$8000,$P$1&$N66&$O$4,Szolgalati_alkalmak!$H$4:$H$8000),SUMIF(Szolgalati_alkalmak!$AC$4:$AC$8000,$P$1&$N66&$O$4,Szolgalati_alkalmak!$I$4:$I$8000)) -> 0 | Q66: =SUM(SUMIF(Szolgalati_alkalmak!$AC$4:$AC$8000,$Q$1&$N66&$O$2,Szolgalati_alkalmak!$H$4:$H$8000),SUMIF(Szolgalati_alkalmak!$AC$4:$AC$8000,$Q$1&$N66&$O$2,Szolgalati_alkalmak!$I$4:$I$8000),SUMIF(Szolgalati_alkalmak!$AC$4:$AC$8000,$Q$1&$N66&$O$4,Szolgalati_alkalmak!$H$4:$H$8000),SUMIF(Szolgalati_alkalmak!$AC$4:$AC$8000,$Q$1&$N66&$O$4,Szolgalati_alkalmak!$I$4:$I$8000)) -> 0 | R66: =SUM(SUMIF(Szolgalati_alkalmak!$AC$4:$AC$8000,$R$1&$N66&$O$2,Szolgalati_alkalmak!$H$4:$H$8000),SUMIF(Szolgalati_alkalmak!$AC$4:$AC$8000,$R$1&$N66&$O$2,Szolgalati_alkalmak!$I$4:$I$8000),SUMIF(Szolgalati_alkalmak!$AC$4:$AC$8000,$R$1&$N66&$O$4,Szolgalati_alkalmak!$H$4:$H$8000),SUMIF(Szolgalati_alkalmak!$AC$4:$AC$8000,$R$1&$N66&$O$4,Szolgalati_alkalmak!$I$4:$I$8000)) -> 0 | S66: =SUM(SUMIF(Szolgalati_alkalmak!$AC$4:$AC$8000,$S$1&$N66&$O$2,Szolgalati_alkalmak!$H$4:$H$8000),SUMIF(Szolgalati_alkalmak!$AC$4:$AC$8000,$S$1&$N66&$O$2,Szolgalati_alkalmak!$I$4:$I$8000),SUMIF(Szolgalati_alkalmak!$AC$4:$AC$8000,$S$1&$N66&$O$4,Szolgalati_alkalmak!$H$4:$H$8000),SUMIF(Szolgalati_alkalmak!$AC$4:$AC$8000,$S$1&$N66&$O$4,Szolgalati_alkalmak!$I$4:$I$8000)) -> 0 | T66: =SUM(SUMIF(Szolgalati_alkalmak!$AC$4:$AC$8000,$T$1&$N66&$O$2,Szolgalati_alkalmak!$H$4:$H$8000),SUMIF(Szolgalati_alkalmak!$AC$4:$AC$8000,$T$1&$N66&$O$2,Szolgalati_alkalmak!$I$4:$I$8000),SUMIF(Szolgalati_alkalmak!$AC$4:$AC$8000,$T$1&$N66&$O$4,Szolgalati_alkalmak!$H$4:$H$8000),SUMIF(Szolgalati_alkalmak!$AC$4:$AC$8000,$T$1&$N66&$O$4,Szolgalati_alkalmak!$I$4:$I$8000)) -> 0 | U66: =SUM(SUMIF(Szolgalati_alkalmak!$AC$4:$AC$8000,$U$1&$N66&$O$2,Szolgalati_alkalmak!$H$4:$H$8000),SUMIF(Szolgalati_alkalmak!$AC$4:$AC$8000,$U$1&$N66&$O$2,Szolgalati_alkalmak!$I$4:$I$8000),SUMIF(Szolgalati_alkalmak!$AC$4:$AC$8000,$U$1&$N66&$O$4,Szolgalati_alkalmak!$H$4:$H$8000),SUMIF(Szolgalati_alkalmak!$AC$4:$AC$8000,$U$1&$N66&$O$4,Szolgalati_alkalmak!$I$4:$I$8000)) -> 0 | V66: =SUM(SUMIF(Szolgalati_alkalmak!$AC$4:$AC$8000,$V$1&$N66&$O$2,Szolgalati_alkalmak!$H$4:$H$8000),SUMIF(Szolgalati_alkalmak!$AC$4:$AC$8000,$V$1&$N66&$O$2,Szolgalati_alkalmak!$I$4:$I$8000),SUMIF(Szolgalati_alkalmak!$AC$4:$AC$8000,$V$1&$N66&$O$4,Szolgalati_alkalmak!$H$4:$H$8000),SUMIF(Szolgalati_alkalmak!$AC$4:$AC$8000,$V$1&$N66&$O$4,Szolgalati_alkalmak!$I$4:$I$8000)) -> 0 | W66: =SUM(SUMIF(Szolgalati_alkalmak!$AC$4:$AC$8000,$W$1&$N66&$O$2,Szolgalati_alkalmak!$H$4:$H$8000),SUMIF(Szolgalati_alkalmak!$AC$4:$AC$8000,$W$1&$N66&$O$2,Szolgalati_alkalmak!$I$4:$I$8000),SUMIF(Szolgalati_alkalmak!$AC$4:$AC$8000,$W$1&$N66&$O$4,Szolgalati_alkalmak!$H$4:$H$8000),SUMIF(Szolgalati_alkalmak!$AC$4:$AC$8000,$W$1&$N66&$O$4,Szolgalati_alkalmak!$I$4:$I$8000)) -> 0 | X66: =SUM(SUMIF(Szolgalati_alkalmak!$AC$4:$AC$8000,$X$1&$N66&$O$2,Szolgalati_alkalmak!$H$4:$H$8000),SUMIF(Szolgalati_alkalmak!$AC$4:$AC$8000,$X$1&$N66&$O$2,Szolgalati_alkalmak!$I$4:$I$8000),SUMIF(Szolgalati_alkalmak!$AC$4:$AC$8000,$X$1&$N66&$O$4,Szolgalati_alkalmak!$H$4:$H$8000),SUMIF(Szolgalati_alkalmak!$AC$4:$AC$8000,$X$1&$N66&$O$4,Szolgalati_alkalmak!$I$4:$I$8000)) -> 0 | Y66: =SUM(SUMIF(Szolgalati_alkalmak!$AC$4:$AC$8000,$Y$1&$N66&$O$2,Szolgalati_alkalmak!$H$4:$H$8000),SUMIF(Szolgalati_alkalmak!$AC$4:$AC$8000,$Y$1&$N66&$O$2,Szolgalati_alkalmak!$I$4:$I$8000),SUMIF(Szolgalati_alkalmak!$AC$4:$AC$8000,$Y$1&$N66&$O$4,Szolgalati_alkalmak!$H$4:$H$8000),SUMIF(Szolgalati_alkalmak!$AC$4:$AC$8000,$Y$1&$N66&$O$4,Szolgalati_alkalmak!$I$4:$I$8000)) -> 0
A67: 4. | B67: Karácsony_I. de. | C67: =P67 -> 0 | D67: =IF(D55<>0,ROUND(Q67/D55,1),0) -> 0 | E67: =IF(E55<>0,ROUND(R67/E55,1),0) -> 0 | F67: =IF(F55<>0,ROUND(S67/F55,1),0) -> 0 | G67: =IF(G55<>0,ROUND(T67/G55,1),0) -> 0 | H67: =IF(H55<>0,ROUND(U67/H55,1),0) -> 0 | I67: =IF(I55<>0,ROUND(V67/I55,1),0) -> 0 | J67: =IF(J55<>0,ROUND(W67/J55,1),0) -> 0 | K67: =IF(K55<>0,ROUND(X67/K55,1),0) -> 0 | L67: =IF(L55<>0,ROUND(Y67/L55,1),0) -> 0 | M67: =SUM(C67:L67)/$N$2 -> 0 | N67: Karácsony I. it. | P67: =SUM(SUMIF(Szolgalati_alkalmak!$AC$4:$AC$8000,$P$1&$N67,Szolgalati_alkalmak!$H$4:$H$8000),SUMIF(Szolgalati_alkalmak!$AC$4:$AC$8000,$P$1&$N67,Szolgalati_alkalmak!$I$4:$I$8000),SUMIF(Szolgalati_alkalmak!$AC$4:$AC$8000,$P$1&$N67&$O$3,Szolgalati_alkalmak!$H$4:$H$8000),SUMIF(Szolgalati_alkalmak!$AC$4:$AC$8000,$P$1&$N67&$O$3,Szolgalati_alkalmak!$I$4:$I$8000)) -> 0 | Q67: =SUM(SUMIF(Szolgalati_alkalmak!$AC$4:$AC$8000,$Q$1&$N67,Szolgalati_alkalmak!$H$4:$H$8000),SUMIF(Szolgalati_alkalmak!$AC$4:$AC$8000,$Q$1&$N67,Szolgalati_alkalmak!$I$4:$I$8000),SUMIF(Szolgalati_alkalmak!$AC$4:$AC$8000,$Q$1&$N67&$O$3,Szolgalati_alkalmak!$H$4:$H$8000),SUMIF(Szolgalati_alkalmak!$AC$4:$AC$8000,$Q$1&$N67&$O$3,Szolgalati_alkalmak!$I$4:$I$8000)) -> 0 | R67: =SUM(SUMIF(Szolgalati_alkalmak!$AC$4:$AC$8000,$R$1&$N67,Szolgalati_alkalmak!$H$4:$H$8000),SUMIF(Szolgalati_alkalmak!$AC$4:$AC$8000,$R$1&$N67,Szolgalati_alkalmak!$I$4:$I$8000),SUMIF(Szolgalati_alkalmak!$AC$4:$AC$8000,$R$1&$N67&$O$3,Szolgalati_alkalmak!$H$4:$H$8000),SUMIF(Szolgalati_alkalmak!$AC$4:$AC$8000,$R$1&$N67&$O$3,Szolgalati_alkalmak!$I$4:$I$8000)) -> 0 | S67: =SUM(SUMIF(Szolgalati_alkalmak!$AC$4:$AC$8000,$S$1&$N67,Szolgalati_alkalmak!$H$4:$H$8000),SUMIF(Szolgalati_alkalmak!$AC$4:$AC$8000,$S$1&$N67,Szolgalati_alkalmak!$I$4:$I$8000),SUMIF(Szolgalati_alkalmak!$AC$4:$AC$8000,$S$1&$N67&$O$3,Szolgalati_alkalmak!$H$4:$H$8000),SUMIF(Szolgalati_alkalmak!$AC$4:$AC$8000,$S$1&$N67&$O$3,Szolgalati_alkalmak!$I$4:$I$8000)) -> 0 | T67: =SUM(SUMIF(Szolgalati_alkalmak!$AC$4:$AC$8000,$T$1&$N67,Szolgalati_alkalmak!$H$4:$H$8000),SUMIF(Szolgalati_alkalmak!$AC$4:$AC$8000,$T$1&$N67,Szolgalati_alkalmak!$I$4:$I$8000),SUMIF(Szolgalati_alkalmak!$AC$4:$AC$8000,$T$1&$N67&$O$3,Szolgalati_alkalmak!$H$4:$H$8000),SUMIF(Szolgalati_alkalmak!$AC$4:$AC$8000,$T$1&$N67&$O$3,Szolgalati_alkalmak!$I$4:$I$8000)) -> 0 | U67: =SUM(SUMIF(Szolgalati_alkalmak!$AC$4:$AC$8000,$U$1&$N67,Szolgalati_alkalmak!$H$4:$H$8000),SUMIF(Szolgalati_alkalmak!$AC$4:$AC$8000,$U$1&$N67,Szolgalati_alkalmak!$I$4:$I$8000),SUMIF(Szolgalati_alkalmak!$AC$4:$AC$8000,$U$1&$N67&$O$3,Szolgalati_alkalmak!$H$4:$H$8000),SUMIF(Szolgalati_alkalmak!$AC$4:$AC$8000,$U$1&$N67&$O$3,Szolgalati_alkalmak!$I$4:$I$8000)) -> 0 | V67: =SUM(SUMIF(Szolgalati_alkalmak!$AC$4:$AC$8000,$V$1&$N67,Szolgalati_alkalmak!$H$4:$H$8000),SUMIF(Szolgalati_alkalmak!$AC$4:$AC$8000,$V$1&$N67,Szolgalati_alkalmak!$I$4:$I$8000),SUMIF(Szolgalati_alkalmak!$AC$4:$AC$8000,$V$1&$N67&$O$3,Szolgalati_alkalmak!$H$4:$H$8000),SUMIF(Szolgalati_alkalmak!$AC$4:$AC$8000,$V$1&$N67&$O$3,Szolgalati_alkalmak!$I$4:$I$8000)) -> 0 | W67: =SUM(SUMIF(Szolgalati_alkalmak!$AC$4:$AC$8000,$W$1&$N67,Szolgalati_alkalmak!$H$4:$H$8000),SUMIF(Szolgalati_alkalmak!$AC$4:$AC$8000,$W$1&$N67,Szolgalati_alkalmak!$I$4:$I$8000),SUMIF(Szolgalati_alkalmak!$AC$4:$AC$8000,$W$1&$N67&$O$3,Szolgalati_alkalmak!$H$4:$H$8000),SUMIF(Szolgalati_alkalmak!$AC$4:$AC$8000,$W$1&$N67&$O$3,Szolgalati_alkalmak!$I$4:$I$8000)) -> 0 | X67: =SUM(SUMIF(Szolgalati_alkalmak!$AC$4:$AC$8000,$X$1&$N67,Szolgalati_alkalmak!$H$4:$H$8000),SUMIF(Szolgalati_alkalmak!$AC$4:$AC$8000,$X$1&$N67,Szolgalati_alkalmak!$I$4:$I$8000),SUMIF(Szolgalati_alkalmak!$AC$4:$AC$8000,$X$1&$N67&$O$3,Szolgalati_alkalmak!$H$4:$H$8000),SUMIF(Szolgalati_alkalmak!$AC$4:$AC$8000,$X$1&$N67&$O$3,Szolgalati_alkalmak!$I$4:$I$8000)) -> 0 | Y67: =SUM(SUMIF(Szolgalati_alkalmak!$AC$4:$AC$8000,$Y$1&$N67,Szolgalati_alkalmak!$H$4:$H$8000),SUMIF(Szolgalati_alkalmak!$AC$4:$AC$8000,$Y$1&$N67,Szolgalati_alkalmak!$I$4:$I$8000),SUMIF(Szolgalati_alkalmak!$AC$4:$AC$8000,$Y$1&$N67&$O$3,Szolgalati_alkalmak!$H$4:$H$8000),SUMIF(Szolgalati_alkalmak!$AC$4:$AC$8000,$Y$1&$N67&$O$3,Szolgalati_alkalmak!$I$4:$I$8000)) -> 0
B68: du. | C68: =P68 -> 0 | D68: =IF(D56<>0,ROUND(Q68/D56,1),0) -> 0 | E68: =IF(E56<>0,ROUND(R68/E56,1),0) -> 0 | F68: =IF(F56<>0,ROUND(S68/F56,1),0) -> 0 | G68: =IF(G56<>0,ROUND(T68/G56,1),0) -> 0 | H68: =IF(H56<>0,ROUND(U68/H56,1),0) -> 0 | I68: =IF(I56<>0,ROUND(V68/I56,1),0) -> 0 | J68: =IF(J56<>0,ROUND(W68/J56,1),0) -> 0 | K68: =IF(K56<>0,ROUND(X68/K56,1),0) -> 0 | L68: =IF(L56<>0,ROUND(Y68/L56,1),0) -> 0 | M68: =SUM(C68:L68)/$N$2 -> 0 | N68: Karácsony I. it. | P68: =SUM(SUMIF(Szolgalati_alkalmak!$AC$4:$AC$8000,$P$1&$N68&$O$2,Szolgalati_alkalmak!$H$4:$H$8000),SUMIF(Szolgalati_alkalmak!$AC$4:$AC$8000,$P$1&$N68&$O$2,Szolgalati_alkalmak!$I$4:$I$8000),SUMIF(Szolgalati_alkalmak!$AC$4:$AC$8000,$P$1&$N68&$O$4,Szolgalati_alkalmak!$H$4:$H$8000),SUMIF(Szolgalati_alkalmak!$AC$4:$AC$8000,$P$1&$N68&$O$4,Szolgalati_alkalmak!$I$4:$I$8000)) -> 0 | Q68: =SUM(SUMIF(Szolgalati_alkalmak!$AC$4:$AC$8000,$Q$1&$N68&$O$2,Szolgalati_alkalmak!$H$4:$H$8000),SUMIF(Szolgalati_alkalmak!$AC$4:$AC$8000,$Q$1&$N68&$O$2,Szolgalati_alkalmak!$I$4:$I$8000),SUMIF(Szolgalati_alkalmak!$AC$4:$AC$8000,$Q$1&$N68&$O$4,Szolgalati_alkalmak!$H$4:$H$8000),SUMIF(Szolgalati_alkalmak!$AC$4:$AC$8000,$Q$1&$N68&$O$4,Szolgalati_alkalmak!$I$4:$I$8000)) -> 0 | R68: =SUM(SUMIF(Szolgalati_alkalmak!$AC$4:$AC$8000,$R$1&$N68&$O$2,Szolgalati_alkalmak!$H$4:$H$8000),SUMIF(Szolgalati_alkalmak!$AC$4:$AC$8000,$R$1&$N68&$O$2,Szolgalati_alkalmak!$I$4:$I$8000),SUMIF(Szolgalati_alkalmak!$AC$4:$AC$8000,$R$1&$N68&$O$4,Szolgalati_alkalmak!$H$4:$H$8000),SUMIF(Szolgalati_alkalmak!$AC$4:$AC$8000,$R$1&$N68&$O$4,Szolgalati_alkalmak!$I$4:$I$8000)) -> 0 | S68: =SUM(SUMIF(Szolgalati_alkalmak!$AC$4:$AC$8000,$S$1&$N68&$O$2,Szolgalati_alkalmak!$H$4:$H$8000),SUMIF(Szolgalati_alkalmak!$AC$4:$AC$8000,$S$1&$N68&$O$2,Szolgalati_alkalmak!$I$4:$I$8000),SUMIF(Szolgalati_alkalmak!$AC$4:$AC$8000,$S$1&$N68&$O$4,Szolgalati_alkalmak!$H$4:$H$8000),SUMIF(Szolgalati_alkalmak!$AC$4:$AC$8000,$S$1&$N68&$O$4,Szolgalati_alkalmak!$I$4:$I$8000)) -> 0 | T68: =SUM(SUMIF(Szolgalati_alkalmak!$AC$4:$AC$8000,$T$1&$N68&$O$2,Szolgalati_alkalmak!$H$4:$H$8000),SUMIF(Szolgalati_alkalmak!$AC$4:$AC$8000,$T$1&$N68&$O$2,Szolgalati_alkalmak!$I$4:$I$8000),SUMIF(Szolgalati_alkalmak!$AC$4:$AC$8000,$T$1&$N68&$O$4,Szolgalati_alkalmak!$H$4:$H$8000),SUMIF(Szolgalati_alkalmak!$AC$4:$AC$8000,$T$1&$N68&$O$4,Szolgalati_alkalmak!$I$4:$I$8000)) -> 0 | U68: =SUM(SUMIF(Szolgalati_alkalmak!$AC$4:$AC$8000,$U$1&$N68&$O$2,Szolgalati_alkalmak!$H$4:$H$8000),SUMIF(Szolgalati_alkalmak!$AC$4:$AC$8000,$U$1&$N68&$O$2,Szolgalati_alkalmak!$I$4:$I$8000),SUMIF(Szolgalati_alkalmak!$AC$4:$AC$8000,$U$1&$N68&$O$4,Szolgalati_alkalmak!$H$4:$H$8000),SUMIF(Szolgalati_alkalmak!$AC$4:$AC$8000,$U$1&$N68&$O$4,Szolgalati_alkalmak!$I$4:$I$8000)) -> 0 | V68: =SUM(SUMIF(Szolgalati_alkalmak!$AC$4:$AC$8000,$V$1&$N68&$O$2,Szolgalati_alkalmak!$H$4:$H$8000),SUMIF(Szolgalati_alkalmak!$AC$4:$AC$8000,$V$1&$N68&$O$2,Szolgalati_alkalmak!$I$4:$I$8000),SUMIF(Szolgalati_alkalmak!$AC$4:$AC$8000,$V$1&$N68&$O$4,Szolgalati_alkalmak!$H$4:$H$8000),SUMIF(Szolgalati_alkalmak!$AC$4:$AC$8000,$V$1&$N68&$O$4,Szolgalati_alkalmak!$I$4:$I$8000)) -> 0 | W68: =SUM(SUMIF(Szolgalati_alkalmak!$AC$4:$AC$8000,$W$1&$N68&$O$2,Szolgalati_alkalmak!$H$4:$H$8000),SUMIF(Szolgalati_alkalmak!$AC$4:$AC$8000,$W$1&$N68&$O$2,Szolgalati_alkalmak!$I$4:$I$8000),SUMIF(Szolgalati_alkalmak!$AC$4:$AC$8000,$W$1&$N68&$O$4,Szolgalati_alkalmak!$H$4:$H$8000),SUMIF(Szolgalati_alkalmak!$AC$4:$AC$8000,$W$1&$N68&$O$4,Szolgalati_alkalmak!$I$4:$I$8000)) -> 0 | X68: =SUM(SUMIF(Szolgalati_alkalmak!$AC$4:$AC$8000,$X$1&$N68&$O$2,Szolgalati_alkalmak!$H$4:$H$8000),SUMIF(Szolgalati_alkalmak!$AC$4:$AC$8000,$X$1&$N68&$O$2,Szolgalati_alkalmak!$I$4:$I$8000),SUMIF(Szolgalati_alkalmak!$AC$4:$AC$8000,$X$1&$N68&$O$4,Szolgalati_alkalmak!$H$4:$H$8000),SUMIF(Szolgalati_alkalmak!$AC$4:$AC$8000,$X$1&$N68&$O$4,Szolgalati_alkalmak!$I$4:$I$8000)) -> 0 | Y68: =SUM(SUMIF(Szolgalati_alkalmak!$AC$4:$AC$8000,$Y$1&$N68&$O$2,Szolgalati_alkalmak!$H$4:$H$8000),SUMIF(Szolgalati_alkalmak!$AC$4:$AC$8000,$Y$1&$N68&$O$2,Szolgalati_alkalmak!$I$4:$I$8000),SUMIF(Szolgalati_alkalmak!$AC$4:$AC$8000,$Y$1&$N68&$O$4,Szolgalati_alkalmak!$H$4:$H$8000),SUMIF(Szolgalati_alkalmak!$AC$4:$AC$8000,$Y$1&$N68&$O$4,Szolgalati_alkalmak!$I$4:$I$8000)) -> 0
B69: Karácsony_II. de. | C69: =P69 -> 0 | D69: =IF(D57<>0,ROUND(Q69/D57,1),0) -> 0 | E69: =IF(E57<>0,ROUND(R69/E57,1),0) -> 0 | F69: =IF(F57<>0,ROUND(S69/F57,1),0) -> 0 | G69: =IF(G57<>0,ROUND(T69/G57,1),0) -> 0 | H69: =IF(H57<>0,ROUND(U69/H57,1),0) -> 0 | I69: =IF(I57<>0,ROUND(V69/I57,1),0) -> 0 | J69: =IF(J57<>0,ROUND(W69/J57,1),0) -> 0 | K69: =IF(K57<>0,ROUND(X69/K57,1),0) -> 0 | L69: =IF(L57<>0,ROUND(Y69/L57,1),0) -> 0 | M69: =SUM(C69:L69)/$N$2 -> 0 | N69: Karácsony II. it. | P69: =SUM(SUMIF(Szolgalati_alkalmak!$AC$4:$AC$8000,$P$1&$N69,Szolgalati_alkalmak!$H$4:$H$8000),SUMIF(Szolgalati_alkalmak!$AC$4:$AC$8000,$P$1&$N69,Szolgalati_alkalmak!$I$4:$I$8000),SUMIF(Szolgalati_alkalmak!$AC$4:$AC$8000,$P$1&$N69&$O$3,Szolgalati_alkalmak!$H$4:$H$8000),SUMIF(Szolgalati_alkalmak!$AC$4:$AC$8000,$P$1&$N69&$O$3,Szolgalati_alkalmak!$I$4:$I$8000)) -> 0 | Q69: =SUM(SUMIF(Szolgalati_alkalmak!$AC$4:$AC$8000,$Q$1&$N69,Szolgalati_alkalmak!$H$4:$H$8000),SUMIF(Szolgalati_alkalmak!$AC$4:$AC$8000,$Q$1&$N69,Szolgalati_alkalmak!$I$4:$I$8000),SUMIF(Szolgalati_alkalmak!$AC$4:$AC$8000,$Q$1&$N69&$O$3,Szolgalati_alkalmak!$H$4:$H$8000),SUMIF(Szolgalati_alkalmak!$AC$4:$AC$8000,$Q$1&$N69&$O$3,Szolgalati_alkalmak!$I$4:$I$8000)) -> 0 | R69: =SUM(SUMIF(Szolgalati_alkalmak!$AC$4:$AC$8000,$R$1&$N69,Szolgalati_alkalmak!$H$4:$H$8000),SUMIF(Szolgalati_alkalmak!$AC$4:$AC$8000,$R$1&$N69,Szolgalati_alkalmak!$I$4:$I$8000),SUMIF(Szolgalati_alkalmak!$AC$4:$AC$8000,$R$1&$N69&$O$3,Szolgalati_alkalmak!$H$4:$H$8000),SUMIF(Szolgalati_alkalmak!$AC$4:$AC$8000,$R$1&$N69&$O$3,Szolgalati_alkalmak!$I$4:$I$8000)) -> 0 | S69: =SUM(SUMIF(Szolgalati_alkalmak!$AC$4:$AC$8000,$S$1&$N69,Szolgalati_alkalmak!$H$4:$H$8000),SUMIF(Szolgalati_alkalmak!$AC$4:$AC$8000,$S$1&$N69,Szolgalati_alkalmak!$I$4:$I$8000),SUMIF(Szolgalati_alkalmak!$AC$4:$AC$8000,$S$1&$N69&$O$3,Szolgalati_alkalmak!$H$4:$H$8000),SUMIF(Szolgalati_alkalmak!$AC$4:$AC$8000,$S$1&$N69&$O$3,Szolgalati_alkalmak!$I$4:$I$8000)) -> 0 | T69: =SUM(SUMIF(Szolgalati_alkalmak!$AC$4:$AC$8000,$T$1&$N69,Szolgalati_alkalmak!$H$4:$H$8000),SUMIF(Szolgalati_alkalmak!$AC$4:$AC$8000,$T$1&$N69,Szolgalati_alkalmak!$I$4:$I$8000),SUMIF(Szolgalati_alkalmak!$AC$4:$AC$8000,$T$1&$N69&$O$3,Szolgalati_alkalmak!$H$4:$H$8000),SUMIF(Szolgalati_alkalmak!$AC$4:$AC$8000,$T$1&$N69&$O$3,Szolgalati_alkalmak!$I$4:$I$8000)) -> 0 | U69: =SUM(SUMIF(Szolgalati_alkalmak!$AC$4:$AC$8000,$U$1&$N69,Szolgalati_alkalmak!$H$4:$H$8000),SUMIF(Szolgalati_alkalmak!$AC$4:$AC$8000,$U$1&$N69,Szolgalati_alkalmak!$I$4:$I$8000),SUMIF(Szolgalati_alkalmak!$AC$4:$AC$8000,$U$1&$N69&$O$3,Szolgalati_alkalmak!$H$4:$H$8000),SUMIF(Szolgalati_alkalmak!$AC$4:$AC$8000,$U$1&$N69&$O$3,Szolgalati_alkalmak!$I$4:$I$8000)) -> 0 | V69: =SUM(SUMIF(Szolgalati_alkalmak!$AC$4:$AC$8000,$V$1&$N69,Szolgalati_alkalmak!$H$4:$H$8000),SUMIF(Szolgalati_alkalmak!$AC$4:$AC$8000,$V$1&$N69,Szolgalati_alkalmak!$I$4:$I$8000),SUMIF(Szolgalati_alkalmak!$AC$4:$AC$8000,$V$1&$N69&$O$3,Szolgalati_alkalmak!$H$4:$H$8000),SUMIF(Szolgalati_alkalmak!$AC$4:$AC$8000,$V$1&$N69&$O$3,Szolgalati_alkalmak!$I$4:$I$8000)) -> 0 | W69: =SUM(SUMIF(Szolgalati_alkalmak!$AC$4:$AC$8000,$W$1&$N69,Szolgalati_alkalmak!$H$4:$H$8000),SUMIF(Szolgalati_alkalmak!$AC$4:$AC$8000,$W$1&$N69,Szolgalati_alkalmak!$I$4:$I$8000),SUMIF(Szolgalati_alkalmak!$AC$4:$AC$8000,$W$1&$N69&$O$3,Szolgalati_alkalmak!$H$4:$H$8000),SUMIF(Szolgalati_alkalmak!$AC$4:$AC$8000,$W$1&$N69&$O$3,Szolgalati_alkalmak!$I$4:$I$8000)) -> 0 | X69: =SUM(SUMIF(Szolgalati_alkalmak!$AC$4:$AC$8000,$X$1&$N69,Szolgalati_alkalmak!$H$4:$H$8000),SUMIF(Szolgalati_alkalmak!$AC$4:$AC$8000,$X$1&$N69,Szolgalati_alkalmak!$I$4:$I$8000),SUMIF(Szolgalati_alkalmak!$AC$4:$AC$8000,$X$1&$N69&$O$3,Szolgalati_alkalmak!$H$4:$H$8000),SUMIF(Szolgalati_alkalmak!$AC$4:$AC$8000,$X$1&$N69&$O$3,Szolgalati_alkalmak!$I$4:$I$8000)) -> 0 | Y69: =SUM(SUMIF(Szolgalati_alkalmak!$AC$4:$AC$8000,$Y$1&$N69,Szolgalati_alkalmak!$H$4:$H$8000),SUMIF(Szolgalati_alkalmak!$AC$4:$AC$8000,$Y$1&$N69,Szolgalati_alkalmak!$I$4:$I$8000),SUMIF(Szolgalati_alkalmak!$AC$4:$AC$8000,$Y$1&$N69&$O$3,Szolgalati_alkalmak!$H$4:$H$8000),SUMIF(Szolgalati_alkalmak!$AC$4:$AC$8000,$Y$1&$N69&$O$3,Szolgalati_alkalmak!$I$4:$I$8000)) -> 0
B70: du. | C70: =P70 -> 0 | D70: =IF(D58<>0,ROUND(Q70/D58,1),0) -> 0 | E70: =IF(E58<>0,ROUND(R70/E58,1),0) -> 0 | F70: =IF(F58<>0,ROUND(S70/F58,1),0) -> 0 | G70: =IF(G58<>0,ROUND(T70/G58,1),0) -> 0 | H70: =IF(H58<>0,ROUND(U70/H58,1),0) -> 0 | I70: =IF(I58<>0,ROUND(V70/I58,1),0) -> 0 | J70: =IF(J58<>0,ROUND(W70/J58,1),0) -> 0 | K70: =IF(K58<>0,ROUND(X70/K58,1),0) -> 0 | L70: =IF(L58<>0,ROUND(Y70/L58,1),0) -> 0 | M70: =SUM(C70:L70)/$N$2 -> 0 | N70: Karácsony II. it. | P70: =SUM(SUMIF(Szolgalati_alkalmak!$AC$4:$AC$8000,$P$1&$N70&$O$2,Szolgalati_alkalmak!$H$4:$H$8000),SUMIF(Szolgalati_alkalmak!$AC$4:$AC$8000,$P$1&$N70&$O$2,Szolgalati_alkalmak!$I$4:$I$8000),SUMIF(Szolgalati_alkalmak!$AC$4:$AC$8000,$P$1&$N70&$O$4,Szolgalati_alkalmak!$H$4:$H$8000),SUMIF(Szolgalati_alkalmak!$AC$4:$AC$8000,$P$1&$N70&$O$4,Szolgalati_alkalmak!$I$4:$I$8000)) -> 0 | Q70: =SUM(SUMIF(Szolgalati_alkalmak!$AC$4:$AC$8000,$Q$1&$N70&$O$2,Szolgalati_alkalmak!$H$4:$H$8000),SUMIF(Szolgalati_alkalmak!$AC$4:$AC$8000,$Q$1&$N70&$O$2,Szolgalati_alkalmak!$I$4:$I$8000),SUMIF(Szolgalati_alkalmak!$AC$4:$AC$8000,$Q$1&$N70&$O$4,Szolgalati_alkalmak!$H$4:$H$8000),SUMIF(Szolgalati_alkalmak!$AC$4:$AC$8000,$Q$1&$N70&$O$4,Szolgalati_alkalmak!$I$4:$I$8000)) -> 0 | R70: =SUM(SUMIF(Szolgalati_alkalmak!$AC$4:$AC$8000,$R$1&$N70&$O$2,Szolgalati_alkalmak!$H$4:$H$8000),SUMIF(Szolgalati_alkalmak!$AC$4:$AC$8000,$R$1&$N70&$O$2,Szolgalati_alkalmak!$I$4:$I$8000),SUMIF(Szolgalati_alkalmak!$AC$4:$AC$8000,$R$1&$N70&$O$4,Szolgalati_alkalmak!$H$4:$H$8000),SUMIF(Szolgalati_alkalmak!$AC$4:$AC$8000,$R$1&$N70&$O$4,Szolgalati_alkalmak!$I$4:$I$8000)) -> 0 | S70: =SUM(SUMIF(Szolgalati_alkalmak!$AC$4:$AC$8000,$S$1&$N70&$O$2,Szolgalati_alkalmak!$H$4:$H$8000),SUMIF(Szolgalati_alkalmak!$AC$4:$AC$8000,$S$1&$N70&$O$2,Szolgalati_alkalmak!$I$4:$I$8000),SUMIF(Szolgalati_alkalmak!$AC$4:$AC$8000,$S$1&$N70&$O$4,Szolgalati_alkalmak!$H$4:$H$8000),SUMIF(Szolgalati_alkalmak!$AC$4:$AC$8000,$S$1&$N70&$O$4,Szolgalati_alkalmak!$I$4:$I$8000)) -> 0 | T70: =SUM(SUMIF(Szolgalati_alkalmak!$AC$4:$AC$8000,$T$1&$N70&$O$2,Szolgalati_alkalmak!$H$4:$H$8000),SUMIF(Szolgalati_alkalmak!$AC$4:$AC$8000,$T$1&$N70&$O$2,Szolgalati_alkalmak!$I$4:$I$8000),SUMIF(Szolgalati_alkalmak!$AC$4:$AC$8000,$T$1&$N70&$O$4,Szolgalati_alkalmak!$H$4:$H$8000),SUMIF(Szolgalati_alkalmak!$AC$4:$AC$8000,$T$1&$N70&$O$4,Szolgalati_alkalmak!$I$4:$I$8000)) -> 0 | U70: =SUM(SUMIF(Szolgalati_alkalmak!$AC$4:$AC$8000,$U$1&$N70&$O$2,Szolgalati_alkalmak!$H$4:$H$8000),SUMIF(Szolgalati_alkalmak!$AC$4:$AC$8000,$U$1&$N70&$O$2,Szolgalati_alkalmak!$I$4:$I$8000),SUMIF(Szolgalati_alkalmak!$AC$4:$AC$8000,$U$1&$N70&$O$4,Szolgalati_alkalmak!$H$4:$H$8000),SUMIF(Szolgalati_alkalmak!$AC$4:$AC$8000,$U$1&$N70&$O$4,Szolgalati_alkalmak!$I$4:$I$8000)) -> 0 | V70: =SUM(SUMIF(Szolgalati_alkalmak!$AC$4:$AC$8000,$V$1&$N70&$O$2,Szolgalati_alkalmak!$H$4:$H$8000),SUMIF(Szolgalati_alkalmak!$AC$4:$AC$8000,$V$1&$N70&$O$2,Szolgalati_alkalmak!$I$4:$I$8000),SUMIF(Szolgalati_alkalmak!$AC$4:$AC$8000,$V$1&$N70&$O$4,Szolgalati_alkalmak!$H$4:$H$8000),SUMIF(Szolgalati_alkalmak!$AC$4:$AC$8000,$V$1&$N70&$O$4,Szolgalati_alkalmak!$I$4:$I$8000)) -> 0 | W70: =SUM(SUMIF(Szolgalati_alkalmak!$AC$4:$AC$8000,$W$1&$N70&$O$2,Szolgalati_alkalmak!$H$4:$H$8000),SUMIF(Szolgalati_alkalmak!$AC$4:$AC$8000,$W$1&$N70&$O$2,Szolgalati_alkalmak!$I$4:$I$8000),SUMIF(Szolgalati_alkalmak!$AC$4:$AC$8000,$W$1&$N70&$O$4,Szolgalati_alkalmak!$H$4:$H$8000),SUMIF(Szolgalati_alkalmak!$AC$4:$AC$8000,$W$1&$N70&$O$4,Szolgalati_alkalmak!$I$4:$I$8000)) -> 0 | X70: =SUM(SUMIF(Szolgalati_alkalmak!$AC$4:$AC$8000,$X$1&$N70&$O$2,Szolgalati_alkalmak!$H$4:$H$8000),SUMIF(Szolgalati_alkalmak!$AC$4:$AC$8000,$X$1&$N70&$O$2,Szolgalati_alkalmak!$I$4:$I$8000),SUMIF(Szolgalati_alkalmak!$AC$4:$AC$8000,$X$1&$N70&$O$4,Szolgalati_alkalmak!$H$4:$H$8000),SUMIF(Szolgalati_alkalmak!$AC$4:$AC$8000,$X$1&$N70&$O$4,Szolgalati_alkalmak!$I$4:$I$8000)) -> 0 | Y70: =SUM(SUMIF(Szolgalati_alkalmak!$AC$4:$AC$8000,$Y$1&$N70&$O$2,Szolgalati_alkalmak!$H$4:$H$8000),SUMIF(Szolgalati_alkalmak!$AC$4:$AC$8000,$Y$1&$N70&$O$2,Szolgalati_alkalmak!$I$4:$I$8000),SUMIF(Szolgalati_alkalmak!$AC$4:$AC$8000,$Y$1&$N70&$O$4,Szolgalati_alkalmak!$H$4:$H$8000),SUMIF(Szolgalati_alkalmak!$AC$4:$AC$8000,$Y$1&$N70&$O$4,Szolgalati_alkalmak!$I$4:$I$8000)) -> 0
B71: Karácsony_III. de. | C71: =P71 -> 0 | D71: =IF(D59<>0,ROUND(Q71/D59,1),0) -> 0 | E71: =IF(E59<>0,ROUND(R71/E59,1),0) -> 0 | F71: =IF(F59<>0,ROUND(S71/F59,1),0) -> 0 | G71: =IF(G59<>0,ROUND(T71/G59,1),0) -> 0 | H71: =IF(H59<>0,ROUND(U71/H59,1),0) -> 0 | I71: =IF(I59<>0,ROUND(V71/I59,1),0) -> 0 | J71: =IF(J59<>0,ROUND(W71/J59,1),0) -> 0 | K71: =IF(K59<>0,ROUND(X71/K59,1),0) -> 0 | L71: =IF(L59<>0,ROUND(Y71/L59,1),0) -> 0 | M71: =SUM(C71:L71)/$N$2 -> 0 | N71: Karácsony III. it. | P71: =SUM(SUMIF(Szolgalati_alkalmak!$AC$4:$AC$8000,$P$1&$N71,Szolgalati_alkalmak!$H$4:$H$8000),SUMIF(Szolgalati_alkalmak!$AC$4:$AC$8000,$P$1&$N71,Szolgalati_alkalmak!$I$4:$I$8000),SUMIF(Szolgalati_alkalmak!$AC$4:$AC$8000,$P$1&$N71&$O$3,Szolgalati_alkalmak!$H$4:$H$8000),SUMIF(Szolgalati_alkalmak!$AC$4:$AC$8000,$P$1&$N71&$O$3,Szolgalati_alkalmak!$I$4:$I$8000)) -> 0 | Q71: =SUM(SUMIF(Szolgalati_alkalmak!$AC$4:$AC$8000,$Q$1&$N71,Szolgalati_alkalmak!$H$4:$H$8000),SUMIF(Szolgalati_alkalmak!$AC$4:$AC$8000,$Q$1&$N71,Szolgalati_alkalmak!$I$4:$I$8000),SUMIF(Szolgalati_alkalmak!$AC$4:$AC$8000,$Q$1&$N71&$O$3,Szolgalati_alkalmak!$H$4:$H$8000),SUMIF(Szolgalati_alkalmak!$AC$4:$AC$8000,$Q$1&$N71&$O$3,Szolgalati_alkalmak!$I$4:$I$8000)) -> 0 | R71: =SUM(SUMIF(Szolgalati_alkalmak!$AC$4:$AC$8000,$R$1&$N71,Szolgalati_alkalmak!$H$4:$H$8000),SUMIF(Szolgalati_alkalmak!$AC$4:$AC$8000,$R$1&$N71,Szolgalati_alkalmak!$I$4:$I$8000),SUMIF(Szolgalati_alkalmak!$AC$4:$AC$8000,$R$1&$N71&$O$3,Szolgalati_alkalmak!$H$4:$H$8000),SUMIF(Szolgalati_alkalmak!$AC$4:$AC$8000,$R$1&$N71&$O$3,Szolgalati_alkalmak!$I$4:$I$8000)) -> 0 | S71: =SUM(SUMIF(Szolgalati_alkalmak!$AC$4:$AC$8000,$S$1&$N71,Szolgalati_alkalmak!$H$4:$H$8000),SUMIF(Szolgalati_alkalmak!$AC$4:$AC$8000,$S$1&$N71,Szolgalati_alkalmak!$I$4:$I$8000),SUMIF(Szolgalati_alkalmak!$AC$4:$AC$8000,$S$1&$N71&$O$3,Szolgalati_alkalmak!$H$4:$H$8000),SUMIF(Szolgalati_alkalmak!$AC$4:$AC$8000,$S$1&$N71&$O$3,Szolgalati_alkalmak!$I$4:$I$8000)) -> 0 | T71: =SUM(SUMIF(Szolgalati_alkalmak!$AC$4:$AC$8000,$T$1&$N71,Szolgalati_alkalmak!$H$4:$H$8000),SUMIF(Szolgalati_alkalmak!$AC$4:$AC$8000,$T$1&$N71,Szolgalati_alkalmak!$I$4:$I$8000),SUMIF(Szolgalati_alkalmak!$AC$4:$AC$8000,$T$1&$N71&$O$3,Szolgalati_alkalmak!$H$4:$H$8000),SUMIF(Szolgalati_alkalmak!$AC$4:$AC$8000,$T$1&$N71&$O$3,Szolgalati_alkalmak!$I$4:$I$8000)) -> 0 | U71: =SUM(SUMIF(Szolgalati_alkalmak!$AC$4:$AC$8000,$U$1&$N71,Szolgalati_alkalmak!$H$4:$H$8000),SUMIF(Szolgalati_alkalmak!$AC$4:$AC$8000,$U$1&$N71,Szolgalati_alkalmak!$I$4:$I$8000),SUMIF(Szolgalati_alkalmak!$AC$4:$AC$8000,$U$1&$N71&$O$3,Szolgalati_alkalmak!$H$4:$H$8000),SUMIF(Szolgalati_alkalmak!$AC$4:$AC$8000,$U$1&$N71&$O$3,Szolgalati_alkalmak!$I$4:$I$8000)) -> 0 | V71: =SUM(SUMIF(Szolgalati_alkalmak!$AC$4:$AC$8000,$V$1&$N71,Szolgalati_alkalmak!$H$4:$H$8000),SUMIF(Szolgalati_alkalmak!$AC$4:$AC$8000,$V$1&$N71,Szolgalati_alkalmak!$I$4:$I$8000),SUMIF(Szolgalati_alkalmak!$AC$4:$AC$8000,$V$1&$N71&$O$3,Szolgalati_alkalmak!$H$4:$H$8000),SUMIF(Szolgalati_alkalmak!$AC$4:$AC$8000,$V$1&$N71&$O$3,Szolgalati_alkalmak!$I$4:$I$8000)) -> 0 | W71: =SUM(SUMIF(Szolgalati_alkalmak!$AC$4:$AC$8000,$W$1&$N71,Szolgalati_alkalmak!$H$4:$H$8000),SUMIF(Szolgalati_alkalmak!$AC$4:$AC$8000,$W$1&$N71,Szolgalati_alkalmak!$I$4:$I$8000),SUMIF(Szolgalati_alkalmak!$AC$4:$AC$8000,$W$1&$N71&$O$3,Szolgalati_alkalmak!$H$4:$H$8000),SUMIF(Szolgalati_alkalmak!$AC$4:$AC$8000,$W$1&$N71&$O$3,Szolgalati_alkalmak!$I$4:$I$8000)) -> 0 | X71: =SUM(SUMIF(Szolgalati_alkalmak!$AC$4:$AC$8000,$X$1&$N71,Szolgalati_alkalmak!$H$4:$H$8000),SUMIF(Szolgalati_alkalmak!$AC$4:$AC$8000,$X$1&$N71,Szolgalati_alkalmak!$I$4:$I$8000),SUMIF(Szolgalati_alkalmak!$AC$4:$AC$8000,$X$1&$N71&$O$3,Szolgalati_alkalmak!$H$4:$H$8000),SUMIF(Szolgalati_alkalmak!$AC$4:$AC$8000,$X$1&$N71&$O$3,Szolgalati_alkalmak!$I$4:$I$8000)) -> 0 | Y71: =SUM(SUMIF(Szolgalati_alkalmak!$AC$4:$AC$8000,$Y$1&$N71,Szolgalati_alkalmak!$H$4:$H$8000),SUMIF(Szolgalati_alkalmak!$AC$4:$AC$8000,$Y$1&$N71,Szolgalati_alkalmak!$I$4:$I$8000),SUMIF(Szolgalati_alkalmak!$AC$4:$AC$8000,$Y$1&$N71&$O$3,Szolgalati_alkalmak!$H$4:$H$8000),SUMIF(Szolgalati_alkalmak!$AC$4:$AC$8000,$Y$1&$N71&$O$3,Szolgalati_alkalmak!$I$4:$I$8000)) -> 0
B72: du. | C72: =P72 -> 0 | D72: =IF(D60<>0,ROUND(Q72/D60,1),0) -> 0 | E72: =IF(E60<>0,ROUND(R72/E60,1),0) -> 0 | F72: =IF(F60<>0,ROUND(S72/F60,1),0) -> 0 | G72: =IF(G60<>0,ROUND(T72/G60,1),0) -> 0 | H72: =IF(H60<>0,ROUND(U72/H60,1),0) -> 0 | I72: =IF(I60<>0,ROUND(V72/I60,1),0) -> 0 | J72: =IF(J60<>0,ROUND(W72/J60,1),0) -> 0 | K72: =IF(K60<>0,ROUND(X72/K60,1),0) -> 0 | L72: =IF(L60<>0,ROUND(Y72/L60,1),0) -> 0 | M72: =SUM(C72:L72)/$N$2 -> 0 | N72: Karácsony III. it. | P72: =SUM(SUMIF(Szolgalati_alkalmak!$AC$4:$AC$8000,$P$1&$N72&$O$2,Szolgalati_alkalmak!$H$4:$H$8000),SUMIF(Szolgalati_alkalmak!$AC$4:$AC$8000,$P$1&$N72&$O$2,Szolgalati_alkalmak!$I$4:$I$8000),SUMIF(Szolgalati_alkalmak!$AC$4:$AC$8000,$P$1&$N72&$O$4,Szolgalati_alkalmak!$H$4:$H$8000),SUMIF(Szolgalati_alkalmak!$AC$4:$AC$8000,$P$1&$N72&$O$4,Szolgalati_alkalmak!$I$4:$I$8000)) -> 0 | Q72: =SUM(SUMIF(Szolgalati_alkalmak!$AC$4:$AC$8000,$Q$1&$N72&$O$2,Szolgalati_alkalmak!$H$4:$H$8000),SUMIF(Szolgalati_alkalmak!$AC$4:$AC$8000,$Q$1&$N72&$O$2,Szolgalati_alkalmak!$I$4:$I$8000),SUMIF(Szolgalati_alkalmak!$AC$4:$AC$8000,$Q$1&$N72&$O$4,Szolgalati_alkalmak!$H$4:$H$8000),SUMIF(Szolgalati_alkalmak!$AC$4:$AC$8000,$Q$1&$N72&$O$4,Szolgalati_alkalmak!$I$4:$I$8000)) -> 0 | R72: =SUM(SUMIF(Szolgalati_alkalmak!$AC$4:$AC$8000,$R$1&$N72&$O$2,Szolgalati_alkalmak!$H$4:$H$8000),SUMIF(Szolgalati_alkalmak!$AC$4:$AC$8000,$R$1&$N72&$O$2,Szolgalati_alkalmak!$I$4:$I$8000),SUMIF(Szolgalati_alkalmak!$AC$4:$AC$8000,$R$1&$N72&$O$4,Szolgalati_alkalmak!$H$4:$H$8000),SUMIF(Szolgalati_alkalmak!$AC$4:$AC$8000,$R$1&$N72&$O$4,Szolgalati_alkalmak!$I$4:$I$8000)) -> 0 | S72: =SUM(SUMIF(Szolgalati_alkalmak!$AC$4:$AC$8000,$S$1&$N72&$O$2,Szolgalati_alkalmak!$H$4:$H$8000),SUMIF(Szolgalati_alkalmak!$AC$4:$AC$8000,$S$1&$N72&$O$2,Szolgalati_alkalmak!$I$4:$I$8000),SUMIF(Szolgalati_alkalmak!$AC$4:$AC$8000,$S$1&$N72&$O$4,Szolgalati_alkalmak!$H$4:$H$8000),SUMIF(Szolgalati_alkalmak!$AC$4:$AC$8000,$S$1&$N72&$O$4,Szolgalati_alkalmak!$I$4:$I$8000)) -> 0 | T72: =SUM(SUMIF(Szolgalati_alkalmak!$AC$4:$AC$8000,$T$1&$N72&$O$2,Szolgalati_alkalmak!$H$4:$H$8000),SUMIF(Szolgalati_alkalmak!$AC$4:$AC$8000,$T$1&$N72&$O$2,Szolgalati_alkalmak!$I$4:$I$8000),SUMIF(Szolgalati_alkalmak!$AC$4:$AC$8000,$T$1&$N72&$O$4,Szolgalati_alkalmak!$H$4:$H$8000),SUMIF(Szolgalati_alkalmak!$AC$4:$AC$8000,$T$1&$N72&$O$4,Szolgalati_alkalmak!$I$4:$I$8000)) -> 0 | U72: =SUM(SUMIF(Szolgalati_alkalmak!$AC$4:$AC$8000,$U$1&$N72&$O$2,Szolgalati_alkalmak!$H$4:$H$8000),SUMIF(Szolgalati_alkalmak!$AC$4:$AC$8000,$U$1&$N72&$O$2,Szolgalati_alkalmak!$I$4:$I$8000),SUMIF(Szolgalati_alkalmak!$AC$4:$AC$8000,$U$1&$N72&$O$4,Szolgalati_alkalmak!$H$4:$H$8000),SUMIF(Szolgalati_alkalmak!$AC$4:$AC$8000,$U$1&$N72&$O$4,Szolgalati_alkalmak!$I$4:$I$8000)) -> 0 | V72: =SUM(SUMIF(Szolgalati_alkalmak!$AC$4:$AC$8000,$V$1&$N72&$O$2,Szolgalati_alkalmak!$H$4:$H$8000),SUMIF(Szolgalati_alkalmak!$AC$4:$AC$8000,$V$1&$N72&$O$2,Szolgalati_alkalmak!$I$4:$I$8000),SUMIF(Szolgalati_alkalmak!$AC$4:$AC$8000,$V$1&$N72&$O$4,Szolgalati_alkalmak!$H$4:$H$8000),SUMIF(Szolgalati_alkalmak!$AC$4:$AC$8000,$V$1&$N72&$O$4,Szolgalati_alkalmak!$I$4:$I$8000)) -> 0 | W72: =SUM(SUMIF(Szolgalati_alkalmak!$AC$4:$AC$8000,$W$1&$N72&$O$2,Szolgalati_alkalmak!$H$4:$H$8000),SUMIF(Szolgalati_alkalmak!$AC$4:$AC$8000,$W$1&$N72&$O$2,Szolgalati_alkalmak!$I$4:$I$8000),SUMIF(Szolgalati_alkalmak!$AC$4:$AC$8000,$W$1&$N72&$O$4,Szolgalati_alkalmak!$H$4:$H$8000),SUMIF(Szolgalati_alkalmak!$AC$4:$AC$8000,$W$1&$N72&$O$4,Szolgalati_alkalmak!$I$4:$I$8000)) -> 0 | X72: =SUM(SUMIF(Szolgalati_alkalmak!$AC$4:$AC$8000,$X$1&$N72&$O$2,Szolgalati_alkalmak!$H$4:$H$8000),SUMIF(Szolgalati_alkalmak!$AC$4:$AC$8000,$X$1&$N72&$O$2,Szolgalati_alkalmak!$I$4:$I$8000),SUMIF(Szolgalati_alkalmak!$AC$4:$AC$8000,$X$1&$N72&$O$4,Szolgalati_alkalmak!$H$4:$H$8000),SUMIF(Szolgalati_alkalmak!$AC$4:$AC$8000,$X$1&$N72&$O$4,Szolgalati_alkalmak!$I$4:$I$8000)) -> 0 | Y72: =SUM(SUMIF(Szolgalati_alkalmak!$AC$4:$AC$8000,$Y$1&$N72&$O$2,Szolgalati_alkalmak!$H$4:$H$8000),SUMIF(Szolgalati_alkalmak!$AC$4:$AC$8000,$Y$1&$N72&$O$2,Szolgalati_alkalmak!$I$4:$I$8000),SUMIF(Szolgalati_alkalmak!$AC$4:$AC$8000,$Y$1&$N72&$O$4,Szolgalati_alkalmak!$H$4:$H$8000),SUMIF(Szolgalati_alkalmak!$AC$4:$AC$8000,$Y$1&$N72&$O$4,Szolgalati_alkalmak!$I$4:$I$8000)) -> 0
B73: Húsvét_I. de. | C73: =P73 -> 0 | D73: =IF(D61<>0,ROUND(Q73/D61,1),0) -> 0 | E73: =IF(E61<>0,ROUND(R73/E61,1),0) -> 0 | F73: =IF(F61<>0,ROUND(S73/F61,1),0) -> 0 | G73: =IF(G61<>0,ROUND(T73/G61,1),0) -> 0 | H73: =IF(H61<>0,ROUND(U73/H61,1),0) -> 0 | I73: =IF(I61<>0,ROUND(V73/I61,1),0) -> 0 | J73: =IF(J61<>0,ROUND(W73/J61,1),0) -> 0 | K73: =IF(K61<>0,ROUND(X73/K61,1),0) -> 0 | L73: =IF(L61<>0,ROUND(Y73/L61,1),0) -> 0 | M73: =SUM(C73:L73)/$N$2 -> 0 | N73: Húsvét I. it. | P73: =SUM(SUMIF(Szolgalati_alkalmak!$AC$4:$AC$8000,$P$1&$N73,Szolgalati_alkalmak!$H$4:$H$8000),SUMIF(Szolgalati_alkalmak!$AC$4:$AC$8000,$P$1&$N73,Szolgalati_alkalmak!$I$4:$I$8000),SUMIF(Szolgalati_alkalmak!$AC$4:$AC$8000,$P$1&$N73&$O$3,Szolgalati_alkalmak!$H$4:$H$8000),SUMIF(Szolgalati_alkalmak!$AC$4:$AC$8000,$P$1&$N73&$O$3,Szolgalati_alkalmak!$I$4:$I$8000)) -> 0 | Q73: =SUM(SUMIF(Szolgalati_alkalmak!$AC$4:$AC$8000,$Q$1&$N73,Szolgalati_alkalmak!$H$4:$H$8000),SUMIF(Szolgalati_alkalmak!$AC$4:$AC$8000,$Q$1&$N73,Szolgalati_alkalmak!$I$4:$I$8000),SUMIF(Szolgalati_alkalmak!$AC$4:$AC$8000,$Q$1&$N73&$O$3,Szolgalati_alkalmak!$H$4:$H$8000),SUMIF(Szolgalati_alkalmak!$AC$4:$AC$8000,$Q$1&$N73&$O$3,Szolgalati_alkalmak!$I$4:$I$8000)) -> 0 | R73: =SUM(SUMIF(Szolgalati_alkalmak!$AC$4:$AC$8000,$R$1&$N73,Szolgalati_alkalmak!$H$4:$H$8000),SUMIF(Szolgalati_alkalmak!$AC$4:$AC$8000,$R$1&$N73,Szolgalati_alkalmak!$I$4:$I$8000),SUMIF(Szolgalati_alkalmak!$AC$4:$AC$8000,$R$1&$N73&$O$3,Szolgalati_alkalmak!$H$4:$H$8000),SUMIF(Szolgalati_alkalmak!$AC$4:$AC$8000,$R$1&$N73&$O$3,Szolgalati_alkalmak!$I$4:$I$8000)) -> 0 | S73: =SUM(SUMIF(Szolgalati_alkalmak!$AC$4:$AC$8000,$S$1&$N73,Szolgalati_alkalmak!$H$4:$H$8000),SUMIF(Szolgalati_alkalmak!$AC$4:$AC$8000,$S$1&$N73,Szolgalati_alkalmak!$I$4:$I$8000),SUMIF(Szolgalati_alkalmak!$AC$4:$AC$8000,$S$1&$N73&$O$3,Szolgalati_alkalmak!$H$4:$H$8000),SUMIF(Szolgalati_alkalmak!$AC$4:$AC$8000,$S$1&$N73&$O$3,Szolgalati_alkalmak!$I$4:$I$8000)) -> 0 | T73: =SUM(SUMIF(Szolgalati_alkalmak!$AC$4:$AC$8000,$T$1&$N73,Szolgalati_alkalmak!$H$4:$H$8000),SUMIF(Szolgalati_alkalmak!$AC$4:$AC$8000,$T$1&$N73,Szolgalati_alkalmak!$I$4:$I$8000),SUMIF(Szolgalati_alkalmak!$AC$4:$AC$8000,$T$1&$N73&$O$3,Szolgalati_alkalmak!$H$4:$H$8000),SUMIF(Szolgalati_alkalmak!$AC$4:$AC$8000,$T$1&$N73&$O$3,Szolgalati_alkalmak!$I$4:$I$8000)) -> 0 | U73: =SUM(SUMIF(Szolgalati_alkalmak!$AC$4:$AC$8000,$U$1&$N73,Szolgalati_alkalmak!$H$4:$H$8000),SUMIF(Szolgalati_alkalmak!$AC$4:$AC$8000,$U$1&$N73,Szolgalati_alkalmak!$I$4:$I$8000),SUMIF(Szolgalati_alkalmak!$AC$4:$AC$8000,$U$1&$N73&$O$3,Szolgalati_alkalmak!$H$4:$H$8000),SUMIF(Szolgalati_alkalmak!$AC$4:$AC$8000,$U$1&$N73&$O$3,Szolgalati_alkalmak!$I$4:$I$8000)) -> 0 | V73: =SUM(SUMIF(Szolgalati_alkalmak!$AC$4:$AC$8000,$V$1&$N73,Szolgalati_alkalmak!$H$4:$H$8000),SUMIF(Szolgalati_alkalmak!$AC$4:$AC$8000,$V$1&$N73,Szolgalati_alkalmak!$I$4:$I$8000),SUMIF(Szolgalati_alkalmak!$AC$4:$AC$8000,$V$1&$N73&$O$3,Szolgalati_alkalmak!$H$4:$H$8000),SUMIF(Szolgalati_alkalmak!$AC$4:$AC$8000,$V$1&$N73&$O$3,Szolgalati_alkalmak!$I$4:$I$8000)) -> 0 | W73: =SUM(SUMIF(Szolgalati_alkalmak!$AC$4:$AC$8000,$W$1&$N73,Szolgalati_alkalmak!$H$4:$H$8000),SUMIF(Szolgalati_alkalmak!$AC$4:$AC$8000,$W$1&$N73,Szolgalati_alkalmak!$I$4:$I$8000),SUMIF(Szolgalati_alkalmak!$AC$4:$AC$8000,$W$1&$N73&$O$3,Szolgalati_alkalmak!$H$4:$H$8000),SUMIF(Szolgalati_alkalmak!$AC$4:$AC$8000,$W$1&$N73&$O$3,Szolgalati_alkalmak!$I$4:$I$8000)) -> 0 | X73: =SUM(SUMIF(Szolgalati_alkalmak!$AC$4:$AC$8000,$X$1&$N73,Szolgalati_alkalmak!$H$4:$H$8000),SUMIF(Szolgalati_alkalmak!$AC$4:$AC$8000,$X$1&$N73,Szolgalati_alkalmak!$I$4:$I$8000),SUMIF(Szolgalati_alkalmak!$AC$4:$AC$8000,$X$1&$N73&$O$3,Szolgalati_alkalmak!$H$4:$H$8000),SUMIF(Szolgalati_alkalmak!$AC$4:$AC$8000,$X$1&$N73&$O$3,Szolgalati_alkalmak!$I$4:$I$8000)) -> 0 | Y73: =SUM(SUMIF(Szolgalati_alkalmak!$AC$4:$AC$8000,$Y$1&$N73,Szolgalati_alkalmak!$H$4:$H$8000),SUMIF(Szolgalati_alkalmak!$AC$4:$AC$8000,$Y$1&$N73,Szolgalati_alkalmak!$I$4:$I$8000),SUMIF(Szolgalati_alkalmak!$AC$4:$AC$8000,$Y$1&$N73&$O$3,Szolgalati_alkalmak!$H$4:$H$8000),SUMIF(Szolgalati_alkalmak!$AC$4:$AC$8000,$Y$1&$N73&$O$3,Szolgalati_alkalmak!$I$4:$I$8000)) -> 0
B74: du. | C74: =P74 -> 0 | D74: =IF(D62<>0,ROUND(Q74/D62,1),0) -> 0 | E74: =IF(E62<>0,ROUND(R74/E62,1),0) -> 0 | F74: =IF(F62<>0,ROUND(S74/F62,1),0) -> 0 | G74: =IF(G62<>0,ROUND(T74/G62,1),0) -> 0 | H74: =IF(H62<>0,ROUND(U74/H62,1),0) -> 0 | I74: =IF(I62<>0,ROUND(V74/I62,1),0) -> 0 | J74: =IF(J62<>0,ROUND(W74/J62,1),0) -> 0 | K74: =IF(K62<>0,ROUND(X74/K62,1),0) -> 0 | L74: =IF(L62<>0,ROUND(Y74/L62,1),0) -> 0 | M74: =SUM(C74:L74)/$N$2 -> 0 | N74: Húsvét I. it. | P74: =SUM(SUMIF(Szolgalati_alkalmak!$AC$4:$AC$8000,$P$1&$N74&$O$2,Szolgalati_alkalmak!$H$4:$H$8000),SUMIF(Szolgalati_alkalmak!$AC$4:$AC$8000,$P$1&$N74&$O$2,Szolgalati_alkalmak!$I$4:$I$8000),SUMIF(Szolgalati_alkalmak!$AC$4:$AC$8000,$P$1&$N74&$O$4,Szolgalati_alkalmak!$H$4:$H$8000),SUMIF(Szolgalati_alkalmak!$AC$4:$AC$8000,$P$1&$N74&$O$4,Szolgalati_alkalmak!$I$4:$I$8000)) -> 0 | Q74: =SUM(SUMIF(Szolgalati_alkalmak!$AC$4:$AC$8000,$Q$1&$N74&$O$2,Szolgalati_alkalmak!$H$4:$H$8000),SUMIF(Szolgalati_alkalmak!$AC$4:$AC$8000,$Q$1&$N74&$O$2,Szolgalati_alkalmak!$I$4:$I$8000),SUMIF(Szolgalati_alkalmak!$AC$4:$AC$8000,$Q$1&$N74&$O$4,Szolgalati_alkalmak!$H$4:$H$8000),SUMIF(Szolgalati_alkalmak!$AC$4:$AC$8000,$Q$1&$N74&$O$4,Szolgalati_alkalmak!$I$4:$I$8000)) -> 0 | R74: =SUM(SUMIF(Szolgalati_alkalmak!$AC$4:$AC$8000,$R$1&$N74&$O$2,Szolgalati_alkalmak!$H$4:$H$8000),SUMIF(Szolgalati_alkalmak!$AC$4:$AC$8000,$R$1&$N74&$O$2,Szolgalati_alkalmak!$I$4:$I$8000),SUMIF(Szolgalati_alkalmak!$AC$4:$AC$8000,$R$1&$N74&$O$4,Szolgalati_alkalmak!$H$4:$H$8000),SUMIF(Szolgalati_alkalmak!$AC$4:$AC$8000,$R$1&$N74&$O$4,Szolgalati_alkalmak!$I$4:$I$8000)) -> 0 | S74: =SUM(SUMIF(Szolgalati_alkalmak!$AC$4:$AC$8000,$S$1&$N74&$O$2,Szolgalati_alkalmak!$H$4:$H$8000),SUMIF(Szolgalati_alkalmak!$AC$4:$AC$8000,$S$1&$N74&$O$2,Szolgalati_alkalmak!$I$4:$I$8000),SUMIF(Szolgalati_alkalmak!$AC$4:$AC$8000,$S$1&$N74&$O$4,Szolgalati_alkalmak!$H$4:$H$8000),SUMIF(Szolgalati_alkalmak!$AC$4:$AC$8000,$S$1&$N74&$O$4,Szolgalati_alkalmak!$I$4:$I$8000)) -> 0 | T74: =SUM(SUMIF(Szolgalati_alkalmak!$AC$4:$AC$8000,$T$1&$N74&$O$2,Szolgalati_alkalmak!$H$4:$H$8000),SUMIF(Szolgalati_alkalmak!$AC$4:$AC$8000,$T$1&$N74&$O$2,Szolgalati_alkalmak!$I$4:$I$8000),SUMIF(Szolgalati_alkalmak!$AC$4:$AC$8000,$T$1&$N74&$O$4,Szolgalati_alkalmak!$H$4:$H$8000),SUMIF(Szolgalati_alkalmak!$AC$4:$AC$8000,$T$1&$N74&$O$4,Szolgalati_alkalmak!$I$4:$I$8000)) -> 0 | U74: =SUM(SUMIF(Szolgalati_alkalmak!$AC$4:$AC$8000,$U$1&$N74&$O$2,Szolgalati_alkalmak!$H$4:$H$8000),SUMIF(Szolgalati_alkalmak!$AC$4:$AC$8000,$U$1&$N74&$O$2,Szolgalati_alkalmak!$I$4:$I$8000),SUMIF(Szolgalati_alkalmak!$AC$4:$AC$8000,$U$1&$N74&$O$4,Szolgalati_alkalmak!$H$4:$H$8000),SUMIF(Szolgalati_alkalmak!$AC$4:$AC$8000,$U$1&$N74&$O$4,Szolgalati_alkalmak!$I$4:$I$8000)) -> 0 | V74: =SUM(SUMIF(Szolgalati_alkalmak!$AC$4:$AC$8000,$V$1&$N74&$O$2,Szolgalati_alkalmak!$H$4:$H$8000),SUMIF(Szolgalati_alkalmak!$AC$4:$AC$8000,$V$1&$N74&$O$2,Szolgalati_alkalmak!$I$4:$I$8000),SUMIF(Szolgalati_alkalmak!$AC$4:$AC$8000,$V$1&$N74&$O$4,Szolgalati_alkalmak!$H$4:$H$8000),SUMIF(Szolgalati_alkalmak!$AC$4:$AC$8000,$V$1&$N74&$O$4,Szolgalati_alkalmak!$I$4:$I$8000)) -> 0 | W74: =SUM(SUMIF(Szolgalati_alkalmak!$AC$4:$AC$8000,$W$1&$N74&$O$2,Szolgalati_alkalmak!$H$4:$H$8000),SUMIF(Szolgalati_alkalmak!$AC$4:$AC$8000,$W$1&$N74&$O$2,Szolgalati_alkalmak!$I$4:$I$8000),SUMIF(Szolgalati_alkalmak!$AC$4:$AC$8000,$W$1&$N74&$O$4,Szolgalati_alkalmak!$H$4:$H$8000),SUMIF(Szolgalati_alkalmak!$AC$4:$AC$8000,$W$1&$N74&$O$4,Szolgalati_alkalmak!$I$4:$I$8000)) -> 0 | X74: =SUM(SUMIF(Szolgalati_alkalmak!$AC$4:$AC$8000,$X$1&$N74&$O$2,Szolgalati_alkalmak!$H$4:$H$8000),SUMIF(Szolgalati_alkalmak!$AC$4:$AC$8000,$X$1&$N74&$O$2,Szolgalati_alkalmak!$I$4:$I$8000),SUMIF(Szolgalati_alkalmak!$AC$4:$AC$8000,$X$1&$N74&$O$4,Szolgalati_alkalmak!$H$4:$H$8000),SUMIF(Szolgalati_alkalmak!$AC$4:$AC$8000,$X$1&$N74&$O$4,Szolgalati_alkalmak!$I$4:$I$8000)) -> 0 | Y74: =SUM(SUMIF(Szolgalati_alkalmak!$AC$4:$AC$8000,$Y$1&$N74&$O$2,Szolgalati_alkalmak!$H$4:$H$8000),SUMIF(Szolgalati_alkalmak!$AC$4:$AC$8000,$Y$1&$N74&$O$2,Szolgalati_alkalmak!$I$4:$I$8000),SUMIF(Szolgalati_alkalmak!$AC$4:$AC$8000,$Y$1&$N74&$O$4,Szolgalati_alkalmak!$H$4:$H$8000),SUMIF(Szolgalati_alkalmak!$AC$4:$AC$8000,$Y$1&$N74&$O$4,Szolgalati_alkalmak!$I$4:$I$8000)) -> 0
B75: Húsvét_II. de. | C75: =P75 -> 0 | D75: =IF(D63<>0,ROUND(Q75/D63,1),0) -> 0 | E75: =IF(E63<>0,ROUND(R75/E63,1),0) -> 0 | F75: =IF(F63<>0,ROUND(S75/F63,1),0) -> 0 | G75: =IF(G63<>0,ROUND(T75/G63,1),0) -> 0 | H75: =IF(H63<>0,ROUND(U75/H63,1),0) -> 0 | I75: =IF(I63<>0,ROUND(V75/I63,1),0) -> 0 | J75: =IF(J63<>0,ROUND(W75/J63,1),0) -> 0 | K75: =IF(K63<>0,ROUND(X75/K63,1),0) -> 0 | L75: =IF(L63<>0,ROUND(Y75/L63,1),0) -> 0 | M75: =SUM(C75:L75)/$N$2 -> 0 | N75: Húsvét II. it. | P75: =SUM(SUMIF(Szolgalati_alkalmak!$AC$4:$AC$8000,$P$1&$N75,Szolgalati_alkalmak!$H$4:$H$8000),SUMIF(Szolgalati_alkalmak!$AC$4:$AC$8000,$P$1&$N75,Szolgalati_alkalmak!$I$4:$I$8000),SUMIF(Szolgalati_alkalmak!$AC$4:$AC$8000,$P$1&$N75&$O$3,Szolgalati_alkalmak!$H$4:$H$8000),SUMIF(Szolgalati_alkalmak!$AC$4:$AC$8000,$P$1&$N75&$O$3,Szolgalati_alkalmak!$I$4:$I$8000)) -> 0 | Q75: =SUM(SUMIF(Szolgalati_alkalmak!$AC$4:$AC$8000,$Q$1&$N75,Szolgalati_alkalmak!$H$4:$H$8000),SUMIF(Szolgalati_alkalmak!$AC$4:$AC$8000,$Q$1&$N75,Szolgalati_alkalmak!$I$4:$I$8000),SUMIF(Szolgalati_alkalmak!$AC$4:$AC$8000,$Q$1&$N75&$O$3,Szolgalati_alkalmak!$H$4:$H$8000),SUMIF(Szolgalati_alkalmak!$AC$4:$AC$8000,$Q$1&$N75&$O$3,Szolgalati_alkalmak!$I$4:$I$8000)) -> 0 | R75: =SUM(SUMIF(Szolgalati_alkalmak!$AC$4:$AC$8000,$R$1&$N75,Szolgalati_alkalmak!$H$4:$H$8000),SUMIF(Szolgalati_alkalmak!$AC$4:$AC$8000,$R$1&$N75,Szolgalati_alkalmak!$I$4:$I$8000),SUMIF(Szolgalati_alkalmak!$AC$4:$AC$8000,$R$1&$N75&$O$3,Szolgalati_alkalmak!$H$4:$H$8000),SUMIF(Szolgalati_alkalmak!$AC$4:$AC$8000,$R$1&$N75&$O$3,Szolgalati_alkalmak!$I$4:$I$8000)) -> 0 | S75: =SUM(SUMIF(Szolgalati_alkalmak!$AC$4:$AC$8000,$S$1&$N75,Szolgalati_alkalmak!$H$4:$H$8000),SUMIF(Szolgalati_alkalmak!$AC$4:$AC$8000,$S$1&$N75,Szolgalati_alkalmak!$I$4:$I$8000),SUMIF(Szolgalati_alkalmak!$AC$4:$AC$8000,$S$1&$N75&$O$3,Szolgalati_alkalmak!$H$4:$H$8000),SUMIF(Szolgalati_alkalmak!$AC$4:$AC$8000,$S$1&$N75&$O$3,Szolgalati_alkalmak!$I$4:$I$8000)) -> 0 | T75: =SUM(SUMIF(Szolgalati_alkalmak!$AC$4:$AC$8000,$T$1&$N75,Szolgalati_alkalmak!$H$4:$H$8000),SUMIF(Szolgalati_alkalmak!$AC$4:$AC$8000,$T$1&$N75,Szolgalati_alkalmak!$I$4:$I$8000),SUMIF(Szolgalati_alkalmak!$AC$4:$AC$8000,$T$1&$N75&$O$3,Szolgalati_alkalmak!$H$4:$H$8000),SUMIF(Szolgalati_alkalmak!$AC$4:$AC$8000,$T$1&$N75&$O$3,Szolgalati_alkalmak!$I$4:$I$8000)) -> 0 | U75: =SUM(SUMIF(Szolgalati_alkalmak!$AC$4:$AC$8000,$U$1&$N75,Szolgalati_alkalmak!$H$4:$H$8000),SUMIF(Szolgalati_alkalmak!$AC$4:$AC$8000,$U$1&$N75,Szolgalati_alkalmak!$I$4:$I$8000),SUMIF(Szolgalati_alkalmak!$AC$4:$AC$8000,$U$1&$N75&$O$3,Szolgalati_alkalmak!$H$4:$H$8000),SUMIF(Szolgalati_alkalmak!$AC$4:$AC$8000,$U$1&$N75&$O$3,Szolgalati_alkalmak!$I$4:$I$8000)) -> 0 | V75: =SUM(SUMIF(Szolgalati_alkalmak!$AC$4:$AC$8000,$V$1&$N75,Szolgalati_alkalmak!$H$4:$H$8000),SUMIF(Szolgalati_alkalmak!$AC$4:$AC$8000,$V$1&$N75,Szolgalati_alkalmak!$I$4:$I$8000),SUMIF(Szolgalati_alkalmak!$AC$4:$AC$8000,$V$1&$N75&$O$3,Szolgalati_alkalmak!$H$4:$H$8000),SUMIF(Szolgalati_alkalmak!$AC$4:$AC$8000,$V$1&$N75&$O$3,Szolgalati_alkalmak!$I$4:$I$8000)) -> 0 | W75: =SUM(SUMIF(Szolgalati_alkalmak!$AC$4:$AC$8000,$W$1&$N75,Szolgalati_alkalmak!$H$4:$H$8000),SUMIF(Szolgalati_alkalmak!$AC$4:$AC$8000,$W$1&$N75,Szolgalati_alkalmak!$I$4:$I$8000),SUMIF(Szolgalati_alkalmak!$AC$4:$AC$8000,$W$1&$N75&$O$3,Szolgalati_alkalmak!$H$4:$H$8000),SUMIF(Szolgalati_alkalmak!$AC$4:$AC$8000,$W$1&$N75&$O$3,Szolgalati_alkalmak!$I$4:$I$8000)) -> 0 | X75: =SUM(SUMIF(Szolgalati_alkalmak!$AC$4:$AC$8000,$X$1&$N75,Szolgalati_alkalmak!$H$4:$H$8000),SUMIF(Szolgalati_alkalmak!$AC$4:$AC$8000,$X$1&$N75,Szolgalati_alkalmak!$I$4:$I$8000),SUMIF(Szolgalati_alkalmak!$AC$4:$AC$8000,$X$1&$N75&$O$3,Szolgalati_alkalmak!$H$4:$H$8000),SUMIF(Szolgalati_alkalmak!$AC$4:$AC$8000,$X$1&$N75&$O$3,Szolgalati_alkalmak!$I$4:$I$8000)) -> 0 | Y75: =SUM(SUMIF(Szolgalati_alkalmak!$AC$4:$AC$8000,$Y$1&$N75,Szolgalati_alkalmak!$H$4:$H$8000),SUMIF(Szolgalati_alkalmak!$AC$4:$AC$8000,$Y$1&$N75,Szolgalati_alkalmak!$I$4:$I$8000),SUMIF(Szolgalati_alkalmak!$AC$4:$AC$8000,$Y$1&$N75&$O$3,Szolgalati_alkalmak!$H$4:$H$8000),SUMIF(Szolgalati_alkalmak!$AC$4:$AC$8000,$Y$1&$N75&$O$3,Szolgalati_alkalmak!$I$4:$I$8000)) -> 0
B76: du. | C76: =P76 -> 0 | D76: =IF(D64<>0,ROUND(Q76/D64,1),0) -> 0 | E76: =IF(E64<>0,ROUND(R76/E64,1),0) -> 0 | F76: =IF(F64<>0,ROUND(S76/F64,1),0) -> 0 | G76: =IF(G64<>0,ROUND(T76/G64,1),0) -> 0 | H76: =IF(H64<>0,ROUND(U76/H64,1),0) -> 0 | I76: =IF(I64<>0,ROUND(V76/I64,1),0) -> 0 | J76: =IF(J64<>0,ROUND(W76/J64,1),0) -> 0 | K76: =IF(K64<>0,ROUND(X76/K64,1),0) -> 0 | L76: =IF(L64<>0,ROUND(Y76/L64,1),0) -> 0 | M76: =SUM(C76:L76)/$N$2 -> 0 | N76: Húsvét II. it. | P76: =SUM(SUMIF(Szolgalati_alkalmak!$AC$4:$AC$8000,$P$1&$N76&$O$2,Szolgalati_alkalmak!$H$4:$H$8000),SUMIF(Szolgalati_alkalmak!$AC$4:$AC$8000,$P$1&$N76&$O$2,Szolgalati_alkalmak!$I$4:$I$8000),SUMIF(Szolgalati_alkalmak!$AC$4:$AC$8000,$P$1&$N76&$O$4,Szolgalati_alkalmak!$H$4:$H$8000),SUMIF(Szolgalati_alkalmak!$AC$4:$AC$8000,$P$1&$N76&$O$4,Szolgalati_alkalmak!$I$4:$I$8000)) -> 0 | Q76: =SUM(SUMIF(Szolgalati_alkalmak!$AC$4:$AC$8000,$Q$1&$N76&$O$2,Szolgalati_alkalmak!$H$4:$H$8000),SUMIF(Szolgalati_alkalmak!$AC$4:$AC$8000,$Q$1&$N76&$O$2,Szolgalati_alkalmak!$I$4:$I$8000),SUMIF(Szolgalati_alkalmak!$AC$4:$AC$8000,$Q$1&$N76&$O$4,Szolgalati_alkalmak!$H$4:$H$8000),SUMIF(Szolgalati_alkalmak!$AC$4:$AC$8000,$Q$1&$N76&$O$4,Szolgalati_alkalmak!$I$4:$I$8000)) -> 0 | R76: =SUM(SUMIF(Szolgalati_alkalmak!$AC$4:$AC$8000,$R$1&$N76&$O$2,Szolgalati_alkalmak!$H$4:$H$8000),SUMIF(Szolgalati_alkalmak!$AC$4:$AC$8000,$R$1&$N76&$O$2,Szolgalati_alkalmak!$I$4:$I$8000),SUMIF(Szolgalati_alkalmak!$AC$4:$AC$8000,$R$1&$N76&$O$4,Szolgalati_alkalmak!$H$4:$H$8000),SUMIF(Szolgalati_alkalmak!$AC$4:$AC$8000,$R$1&$N76&$O$4,Szolgalati_alkalmak!$I$4:$I$8000)) -> 0 | S76: =SUM(SUMIF(Szolgalati_alkalmak!$AC$4:$AC$8000,$S$1&$N76&$O$2,Szolgalati_alkalmak!$H$4:$H$8000),SUMIF(Szolgalati_alkalmak!$AC$4:$AC$8000,$S$1&$N76&$O$2,Szolgalati_alkalmak!$I$4:$I$8000),SUMIF(Szolgalati_alkalmak!$AC$4:$AC$8000,$S$1&$N76&$O$4,Szolgalati_alkalmak!$H$4:$H$8000),SUMIF(Szolgalati_alkalmak!$AC$4:$AC$8000,$S$1&$N76&$O$4,Szolgalati_alkalmak!$I$4:$I$8000)) -> 0 | T76: =SUM(SUMIF(Szolgalati_alkalmak!$AC$4:$AC$8000,$T$1&$N76&$O$2,Szolgalati_alkalmak!$H$4:$H$8000),SUMIF(Szolgalati_alkalmak!$AC$4:$AC$8000,$T$1&$N76&$O$2,Szolgalati_alkalmak!$I$4:$I$8000),SUMIF(Szolgalati_alkalmak!$AC$4:$AC$8000,$T$1&$N76&$O$4,Szolgalati_alkalmak!$H$4:$H$8000),SUMIF(Szolgalati_alkalmak!$AC$4:$AC$8000,$T$1&$N76&$O$4,Szolgalati_alkalmak!$I$4:$I$8000)) -> 0 | U76: =SUM(SUMIF(Szolgalati_alkalmak!$AC$4:$AC$8000,$U$1&$N76&$O$2,Szolgalati_alkalmak!$H$4:$H$8000),SUMIF(Szolgalati_alkalmak!$AC$4:$AC$8000,$U$1&$N76&$O$2,Szolgalati_alkalmak!$I$4:$I$8000),SUMIF(Szolgalati_alkalmak!$AC$4:$AC$8000,$U$1&$N76&$O$4,Szolgalati_alkalmak!$H$4:$H$8000),SUMIF(Szolgalati_alkalmak!$AC$4:$AC$8000,$U$1&$N76&$O$4,Szolgalati_alkalmak!$I$4:$I$8000)) -> 0 | V76: =SUM(SUMIF(Szolgalati_alkalmak!$AC$4:$AC$8000,$V$1&$N76&$O$2,Szolgalati_alkalmak!$H$4:$H$8000),SUMIF(Szolgalati_alkalmak!$AC$4:$AC$8000,$V$1&$N76&$O$2,Szolgalati_alkalmak!$I$4:$I$8000),SUMIF(Szolgalati_alkalmak!$AC$4:$AC$8000,$V$1&$N76&$O$4,Szolgalati_alkalmak!$H$4:$H$8000),SUMIF(Szolgalati_alkalmak!$AC$4:$AC$8000,$V$1&$N76&$O$4,Szolgalati_alkalmak!$I$4:$I$8000)) -> 0 | W76: =SUM(SUMIF(Szolgalati_alkalmak!$AC$4:$AC$8000,$W$1&$N76&$O$2,Szolgalati_alkalmak!$H$4:$H$8000),SUMIF(Szolgalati_alkalmak!$AC$4:$AC$8000,$W$1&$N76&$O$2,Szolgalati_alkalmak!$I$4:$I$8000),SUMIF(Szolgalati_alkalmak!$AC$4:$AC$8000,$W$1&$N76&$O$4,Szolgalati_alkalmak!$H$4:$H$8000),SUMIF(Szolgalati_alkalmak!$AC$4:$AC$8000,$W$1&$N76&$O$4,Szolgalati_alkalmak!$I$4:$I$8000)) -> 0 | X76: =SUM(SUMIF(Szolgalati_alkalmak!$AC$4:$AC$8000,$X$1&$N76&$O$2,Szolgalati_alkalmak!$H$4:$H$8000),SUMIF(Szolgalati_alkalmak!$AC$4:$AC$8000,$X$1&$N76&$O$2,Szolgalati_alkalmak!$I$4:$I$8000),SUMIF(Szolgalati_alkalmak!$AC$4:$AC$8000,$X$1&$N76&$O$4,Szolgalati_alkalmak!$H$4:$H$8000),SUMIF(Szolgalati_alkalmak!$AC$4:$AC$8000,$X$1&$N76&$O$4,Szolgalati_alkalmak!$I$4:$I$8000)) -> 0 | Y76: =SUM(SUMIF(Szolgalati_alkalmak!$AC$4:$AC$8000,$Y$1&$N76&$O$2,Szolgalati_alkalmak!$H$4:$H$8000),SUMIF(Szolgalati_alkalmak!$AC$4:$AC$8000,$Y$1&$N76&$O$2,Szolgalati_alkalmak!$I$4:$I$8000),SUMIF(Szolgalati_alkalmak!$AC$4:$AC$8000,$Y$1&$N76&$O$4,Szolgalati_alkalmak!$H$4:$H$8000),SUMIF(Szolgalati_alkalmak!$AC$4:$AC$8000,$Y$1&$N76&$O$4,Szolgalati_alkalmak!$I$4:$I$8000)) -> 0
B77: Húsvét_III. de. | C77: =P77 -> 0 | D77: =IF(D65<>0,ROUND(Q77/D65,1),0) -> 0 | E77: =IF(E65<>0,ROUND(R77/E65,1),0) -> 0 | F77: =IF(F65<>0,ROUND(S77/F65,1),0) -> 0 | G77: =IF(G65<>0,ROUND(T77/G65,1),0) -> 0 | H77: =IF(H65<>0,ROUND(U77/H65,1),0) -> 0 | I77: =IF(I65<>0,ROUND(V77/I65,1),0) -> 0 | J77: =IF(J65<>0,ROUND(W77/J65,1),0) -> 0 | K77: =IF(K65<>0,ROUND(X77/K65,1),0) -> 0 | L77: =IF(L65<>0,ROUND(Y77/L65,1),0) -> 0 | M77: =SUM(C77:L77)/$N$2 -> 0 | N77: Húsvét III. it. | P77: =SUM(SUMIF(Szolgalati_alkalmak!$AC$4:$AC$8000,$P$1&$N77,Szolgalati_alkalmak!$H$4:$H$8000),SUMIF(Szolgalati_alkalmak!$AC$4:$AC$8000,$P$1&$N77,Szolgalati_alkalmak!$I$4:$I$8000),SUMIF(Szolgalati_alkalmak!$AC$4:$AC$8000,$P$1&$N77&$O$3,Szolgalati_alkalmak!$H$4:$H$8000),SUMIF(Szolgalati_alkalmak!$AC$4:$AC$8000,$P$1&$N77&$O$3,Szolgalati_alkalmak!$I$4:$I$8000)) -> 0 | Q77: =SUM(SUMIF(Szolgalati_alkalmak!$AC$4:$AC$8000,$Q$1&$N77,Szolgalati_alkalmak!$H$4:$H$8000),SUMIF(Szolgalati_alkalmak!$AC$4:$AC$8000,$Q$1&$N77,Szolgalati_alkalmak!$I$4:$I$8000),SUMIF(Szolgalati_alkalmak!$AC$4:$AC$8000,$Q$1&$N77&$O$3,Szolgalati_alkalmak!$H$4:$H$8000),SUMIF(Szolgalati_alkalmak!$AC$4:$AC$8000,$Q$1&$N77&$O$3,Szolgalati_alkalmak!$I$4:$I$8000)) -> 0 | R77: =SUM(SUMIF(Szolgalati_alkalmak!$AC$4:$AC$8000,$R$1&$N77,Szolgalati_alkalmak!$H$4:$H$8000),SUMIF(Szolgalati_alkalmak!$AC$4:$AC$8000,$R$1&$N77,Szolgalati_alkalmak!$I$4:$I$8000),SUMIF(Szolgalati_alkalmak!$AC$4:$AC$8000,$R$1&$N77&$O$3,Szolgalati_alkalmak!$H$4:$H$8000),SUMIF(Szolgalati_alkalmak!$AC$4:$AC$8000,$R$1&$N77&$O$3,Szolgalati_alkalmak!$I$4:$I$8000)) -> 0 | S77: =SUM(SUMIF(Szolgalati_alkalmak!$AC$4:$AC$8000,$S$1&$N77,Szolgalati_alkalmak!$H$4:$H$8000),SUMIF(Szolgalati_alkalmak!$AC$4:$AC$8000,$S$1&$N77,Szolgalati_alkalmak!$I$4:$I$8000),SUMIF(Szolgalati_alkalmak!$AC$4:$AC$8000,$S$1&$N77&$O$3,Szolgalati_alkalmak!$H$4:$H$8000),SUMIF(Szolgalati_alkalmak!$AC$4:$AC$8000,$S$1&$N77&$O$3,Szolgalati_alkalmak!$I$4:$I$8000)) -> 0 | T77: =SUM(SUMIF(Szolgalati_alkalmak!$AC$4:$AC$8000,$T$1&$N77,Szolgalati_alkalmak!$H$4:$H$8000),SUMIF(Szolgalati_alkalmak!$AC$4:$AC$8000,$T$1&$N77,Szolgalati_alkalmak!$I$4:$I$8000),SUMIF(Szolgalati_alkalmak!$AC$4:$AC$8000,$T$1&$N77&$O$3,Szolgalati_alkalmak!$H$4:$H$8000),SUMIF(Szolgalati_alkalmak!$AC$4:$AC$8000,$T$1&$N77&$O$3,Szolgalati_alkalmak!$I$4:$I$8000)) -> 0 | U77: =SUM(SUMIF(Szolgalati_alkalmak!$AC$4:$AC$8000,$U$1&$N77,Szolgalati_alkalmak!$H$4:$H$8000),SUMIF(Szolgalati_alkalmak!$AC$4:$AC$8000,$U$1&$N77,Szolgalati_alkalmak!$I$4:$I$8000),SUMIF(Szolgalati_alkalmak!$AC$4:$AC$8000,$U$1&$N77&$O$3,Szolgalati_alkalmak!$H$4:$H$8000),SUMIF(Szolgalati_alkalmak!$AC$4:$AC$8000,$U$1&$N77&$O$3,Szolgalati_alkalmak!$I$4:$I$8000)) -> 0 | V77: =SUM(SUMIF(Szolgalati_alkalmak!$AC$4:$AC$8000,$V$1&$N77,Szolgalati_alkalmak!$H$4:$H$8000),SUMIF(Szolgalati_alkalmak!$AC$4:$AC$8000,$V$1&$N77,Szolgalati_alkalmak!$I$4:$I$8000),SUMIF(Szolgalati_alkalmak!$AC$4:$AC$8000,$V$1&$N77&$O$3,Szolgalati_alkalmak!$H$4:$H$8000),SUMIF(Szolgalati_alkalmak!$AC$4:$AC$8000,$V$1&$N77&$O$3,Szolgalati_alkalmak!$I$4:$I$8000)) -> 0 | W77: =SUM(SUMIF(Szolgalati_alkalmak!$AC$4:$AC$8000,$W$1&$N77,Szolgalati_alkalmak!$H$4:$H$8000),SUMIF(Szolgalati_alkalmak!$AC$4:$AC$8000,$W$1&$N77,Szolgalati_alkalmak!$I$4:$I$8000),SUMIF(Szolgalati_alkalmak!$AC$4:$AC$8000,$W$1&$N77&$O$3,Szolgalati_alkalmak!$H$4:$H$8000),SUMIF(Szolgalati_alkalmak!$AC$4:$AC$8000,$W$1&$N77&$O$3,Szolgalati_alkalmak!$I$4:$I$8000)) -> 0 | X77: =SUM(SUMIF(Szolgalati_alkalmak!$AC$4:$AC$8000,$X$1&$N77,Szolgalati_alkalmak!$H$4:$H$8000),SUMIF(Szolgalati_alkalmak!$AC$4:$AC$8000,$X$1&$N77,Szolgalati_alkalmak!$I$4:$I$8000),SUMIF(Szolgalati_alkalmak!$AC$4:$AC$8000,$X$1&$N77&$O$3,Szolgalati_alkalmak!$H$4:$H$8000),SUMIF(Szolgalati_alkalmak!$AC$4:$AC$8000,$X$1&$N77&$O$3,Szolgalati_alkalmak!$I$4:$I$8000)) -> 0 | Y77: =SUM(SUMIF(Szolgalati_alkalmak!$AC$4:$AC$8000,$Y$1&$N77,Szolgalati_alkalmak!$H$4:$H$8000),SUMIF(Szolgalati_alkalmak!$AC$4:$AC$8000,$Y$1&$N77,Szolgalati_alkalmak!$I$4:$I$8000),SUMIF(Szolgalati_alkalmak!$AC$4:$AC$8000,$Y$1&$N77&$O$3,Szolgalati_alkalmak!$H$4:$H$8000),SUMIF(Szolgalati_alkalmak!$AC$4:$AC$8000,$Y$1&$N77&$O$3,Szolgalati_alkalmak!$I$4:$I$8000)) -> 0
B78: du. | C78: =P78 -> 0 | D78: =IF(D66<>0,ROUND(Q78/D66,1),0) -> 0 | E78: =IF(E66<>0,ROUND(R78/E66,1),0) -> 0 | F78: =IF(F66<>0,ROUND(S78/F66,1),0) -> 0 | G78: =IF(G66<>0,ROUND(T78/G66,1),0) -> 0 | H78: =IF(H66<>0,ROUND(U78/H66,1),0) -> 0 | I78: =IF(I66<>0,ROUND(V78/I66,1),0) -> 0 | J78: =IF(J66<>0,ROUND(W78/J66,1),0) -> 0 | K78: =IF(K66<>0,ROUND(X78/K66,1),0) -> 0 | L78: =IF(L66<>0,ROUND(Y78/L66,1),0) -> 0 | M78: =SUM(C78:L78)/$N$2 -> 0 | N78: Húsvét III. it. | P78: =SUM(SUMIF(Szolgalati_alkalmak!$AC$4:$AC$8000,$P$1&$N78&$O$2,Szolgalati_alkalmak!$H$4:$H$8000),SUMIF(Szolgalati_alkalmak!$AC$4:$AC$8000,$P$1&$N78&$O$2,Szolgalati_alkalmak!$I$4:$I$8000),SUMIF(Szolgalati_alkalmak!$AC$4:$AC$8000,$P$1&$N78&$O$4,Szolgalati_alkalmak!$H$4:$H$8000),SUMIF(Szolgalati_alkalmak!$AC$4:$AC$8000,$P$1&$N78&$O$4,Szolgalati_alkalmak!$I$4:$I$8000)) -> 0 | Q78: =SUM(SUMIF(Szolgalati_alkalmak!$AC$4:$AC$8000,$Q$1&$N78&$O$2,Szolgalati_alkalmak!$H$4:$H$8000),SUMIF(Szolgalati_alkalmak!$AC$4:$AC$8000,$Q$1&$N78&$O$2,Szolgalati_alkalmak!$I$4:$I$8000),SUMIF(Szolgalati_alkalmak!$AC$4:$AC$8000,$Q$1&$N78&$O$4,Szolgalati_alkalmak!$H$4:$H$8000),SUMIF(Szolgalati_alkalmak!$AC$4:$AC$8000,$Q$1&$N78&$O$4,Szolgalati_alkalmak!$I$4:$I$8000)) -> 0 | R78: =SUM(SUMIF(Szolgalati_alkalmak!$AC$4:$AC$8000,$R$1&$N78&$O$2,Szolgalati_alkalmak!$H$4:$H$8000),SUMIF(Szolgalati_alkalmak!$AC$4:$AC$8000,$R$1&$N78&$O$2,Szolgalati_alkalmak!$I$4:$I$8000),SUMIF(Szolgalati_alkalmak!$AC$4:$AC$8000,$R$1&$N78&$O$4,Szolgalati_alkalmak!$H$4:$H$8000),SUMIF(Szolgalati_alkalmak!$AC$4:$AC$8000,$R$1&$N78&$O$4,Szolgalati_alkalmak!$I$4:$I$8000)) -> 0 | S78: =SUM(SUMIF(Szolgalati_alkalmak!$AC$4:$AC$8000,$S$1&$N78&$O$2,Szolgalati_alkalmak!$H$4:$H$8000),SUMIF(Szolgalati_alkalmak!$AC$4:$AC$8000,$S$1&$N78&$O$2,Szolgalati_alkalmak!$I$4:$I$8000),SUMIF(Szolgalati_alkalmak!$AC$4:$AC$8000,$S$1&$N78&$O$4,Szolgalati_alkalmak!$H$4:$H$8000),SUMIF(Szolgalati_alkalmak!$AC$4:$AC$8000,$S$1&$N78&$O$4,Szolgalati_alkalmak!$I$4:$I$8000)) -> 0 | T78: =SUM(SUMIF(Szolgalati_alkalmak!$AC$4:$AC$8000,$T$1&$N78&$O$2,Szolgalati_alkalmak!$H$4:$H$8000),SUMIF(Szolgalati_alkalmak!$AC$4:$AC$8000,$T$1&$N78&$O$2,Szolgalati_alkalmak!$I$4:$I$8000),SUMIF(Szolgalati_alkalmak!$AC$4:$AC$8000,$T$1&$N78&$O$4,Szolgalati_alkalmak!$H$4:$H$8000),SUMIF(Szolgalati_alkalmak!$AC$4:$AC$8000,$T$1&$N78&$O$4,Szolgalati_alkalmak!$I$4:$I$8000)) -> 0 | U78: =SUM(SUMIF(Szolgalati_alkalmak!$AC$4:$AC$8000,$U$1&$N78&$O$2,Szolgalati_alkalmak!$H$4:$H$8000),SUMIF(Szolgalati_alkalmak!$AC$4:$AC$8000,$U$1&$N78&$O$2,Szolgalati_alkalmak!$I$4:$I$8000),SUMIF(Szolgalati_alkalmak!$AC$4:$AC$8000,$U$1&$N78&$O$4,Szolgalati_alkalmak!$H$4:$H$8000),SUMIF(Szolgalati_alkalmak!$AC$4:$AC$8000,$U$1&$N78&$O$4,Szolgalati_alkalmak!$I$4:$I$8000)) -> 0 | V78: =SUM(SUMIF(Szolgalati_alkalmak!$AC$4:$AC$8000,$V$1&$N78&$O$2,Szolgalati_alkalmak!$H$4:$H$8000),SUMIF(Szolgalati_alkalmak!$AC$4:$AC$8000,$V$1&$N78&$O$2,Szolgalati_alkalmak!$I$4:$I$8000),SUMIF(Szolgalati_alkalmak!$AC$4:$AC$8000,$V$1&$N78&$O$4,Szolgalati_alkalmak!$H$4:$H$8000),SUMIF(Szolgalati_alkalmak!$AC$4:$AC$8000,$V$1&$N78&$O$4,Szolgalati_alkalmak!$I$4:$I$8000)) -> 0 | W78: =SUM(SUMIF(Szolgalati_alkalmak!$AC$4:$AC$8000,$W$1&$N78&$O$2,Szolgalati_alkalmak!$H$4:$H$8000),SUMIF(Szolgalati_alkalmak!$AC$4:$AC$8000,$W$1&$N78&$O$2,Szolgalati_alkalmak!$I$4:$I$8000),SUMIF(Szolgalati_alkalmak!$AC$4:$AC$8000,$W$1&$N78&$O$4,Szolgalati_alkalmak!$H$4:$H$8000),SUMIF(Szolgalati_alkalmak!$AC$4:$AC$8000,$W$1&$N78&$O$4,Szolgalati_alkalmak!$I$4:$I$8000)) -> 0 | X78: =SUM(SUMIF(Szolgalati_alkalmak!$AC$4:$AC$8000,$X$1&$N78&$O$2,Szolgalati_alkalmak!$H$4:$H$8000),SUMIF(Szolgalati_alkalmak!$AC$4:$AC$8000,$X$1&$N78&$O$2,Szolgalati_alkalmak!$I$4:$I$8000),SUMIF(Szolgalati_alkalmak!$AC$4:$AC$8000,$X$1&$N78&$O$4,Szolgalati_alkalmak!$H$4:$H$8000),SUMIF(Szolgalati_alkalmak!$AC$4:$AC$8000,$X$1&$N78&$O$4,Szolgalati_alkalmak!$I$4:$I$8000)) -> 0 | Y78: =SUM(SUMIF(Szolgalati_alkalmak!$AC$4:$AC$8000,$Y$1&$N78&$O$2,Szolgalati_alkalmak!$H$4:$H$8000),SUMIF(Szolgalati_alkalmak!$AC$4:$AC$8000,$Y$1&$N78&$O$2,Szolgalati_alkalmak!$I$4:$I$8000),SUMIF(Szolgalati_alkalmak!$AC$4:$AC$8000,$Y$1&$N78&$O$4,Szolgalati_alkalmak!$H$4:$H$8000),SUMIF(Szolgalati_alkalmak!$AC$4:$AC$8000,$Y$1&$N78&$O$4,Szolgalati_alkalmak!$I$4:$I$8000)) -> 0
B79: Pünkösd_I. de. | C79: =P79 -> 0 | D79: =IF(D67<>0,ROUND(Q79/D67,1),0) -> 0 | E79: =IF(E67<>0,ROUND(R79/E67,1),0) -> 0 | F79: =IF(F67<>0,ROUND(S79/F67,1),0) -> 0 | G79: =IF(G67<>0,ROUND(T79/G67,1),0) -> 0 | H79: =IF(H67<>0,ROUND(U79/H67,1),0) -> 0 | I79: =IF(I67<>0,ROUND(V79/I67,1),0) -> 0 | J79: =IF(J67<>0,ROUND(W79/J67,1),0) -> 0 | K79: =IF(K67<>0,ROUND(X79/K67,1),0) -> 0 | L79: =IF(L67<>0,ROUND(Y79/L67,1),0) -> 0 | M79: =SUM(C79:L79)/$N$2 -> 0 | N79: Pünkösd I. it. | P79: =SUM(SUMIF(Szolgalati_alkalmak!$AC$4:$AC$8000,$P$1&$N79,Szolgalati_alkalmak!$H$4:$H$8000),SUMIF(Szolgalati_alkalmak!$AC$4:$AC$8000,$P$1&$N79,Szolgalati_alkalmak!$I$4:$I$8000),SUMIF(Szolgalati_alkalmak!$AC$4:$AC$8000,$P$1&$N79&$O$3,Szolgalati_alkalmak!$H$4:$H$8000),SUMIF(Szolgalati_alkalmak!$AC$4:$AC$8000,$P$1&$N79&$O$3,Szolgalati_alkalmak!$I$4:$I$8000)) -> 0 | Q79: =SUM(SUMIF(Szolgalati_alkalmak!$AC$4:$AC$8000,$Q$1&$N79,Szolgalati_alkalmak!$H$4:$H$8000),SUMIF(Szolgalati_alkalmak!$AC$4:$AC$8000,$Q$1&$N79,Szolgalati_alkalmak!$I$4:$I$8000),SUMIF(Szolgalati_alkalmak!$AC$4:$AC$8000,$Q$1&$N79&$O$3,Szolgalati_alkalmak!$H$4:$H$8000),SUMIF(Szolgalati_alkalmak!$AC$4:$AC$8000,$Q$1&$N79&$O$3,Szolgalati_alkalmak!$I$4:$I$8000)) -> 0 | R79: =SUM(SUMIF(Szolgalati_alkalmak!$AC$4:$AC$8000,$R$1&$N79,Szolgalati_alkalmak!$H$4:$H$8000),SUMIF(Szolgalati_alkalmak!$AC$4:$AC$8000,$R$1&$N79,Szolgalati_alkalmak!$I$4:$I$8000),SUMIF(Szolgalati_alkalmak!$AC$4:$AC$8000,$R$1&$N79&$O$3,Szolgalati_alkalmak!$H$4:$H$8000),SUMIF(Szolgalati_alkalmak!$AC$4:$AC$8000,$R$1&$N79&$O$3,Szolgalati_alkalmak!$I$4:$I$8000)) -> 0 | S79: =SUM(SUMIF(Szolgalati_alkalmak!$AC$4:$AC$8000,$S$1&$N79,Szolgalati_alkalmak!$H$4:$H$8000),SUMIF(Szolgalati_alkalmak!$AC$4:$AC$8000,$S$1&$N79,Szolgalati_alkalmak!$I$4:$I$8000),SUMIF(Szolgalati_alkalmak!$AC$4:$AC$8000,$S$1&$N79&$O$3,Szolgalati_alkalmak!$H$4:$H$8000),SUMIF(Szolgalati_alkalmak!$AC$4:$AC$8000,$S$1&$N79&$O$3,Szolgalati_alkalmak!$I$4:$I$8000)) -> 0 | T79: =SUM(SUMIF(Szolgalati_alkalmak!$AC$4:$AC$8000,$T$1&$N79,Szolgalati_alkalmak!$H$4:$H$8000),SUMIF(Szolgalati_alkalmak!$AC$4:$AC$8000,$T$1&$N79,Szolgalati_alkalmak!$I$4:$I$8000),SUMIF(Szolgalati_alkalmak!$AC$4:$AC$8000,$T$1&$N79&$O$3,Szolgalati_alkalmak!$H$4:$H$8000),SUMIF(Szolgalati_alkalmak!$AC$4:$AC$8000,$T$1&$N79&$O$3,Szolgalati_alkalmak!$I$4:$I$8000)) -> 0 | U79: =SUM(SUMIF(Szolgalati_alkalmak!$AC$4:$AC$8000,$U$1&$N79,Szolgalati_alkalmak!$H$4:$H$8000),SUMIF(Szolgalati_alkalmak!$AC$4:$AC$8000,$U$1&$N79,Szolgalati_alkalmak!$I$4:$I$8000),SUMIF(Szolgalati_alkalmak!$AC$4:$AC$8000,$U$1&$N79&$O$3,Szolgalati_alkalmak!$H$4:$H$8000),SUMIF(Szolgalati_alkalmak!$AC$4:$AC$8000,$U$1&$N79&$O$3,Szolgalati_alkalmak!$I$4:$I$8000)) -> 0 | V79: =SUM(SUMIF(Szolgalati_alkalmak!$AC$4:$AC$8000,$V$1&$N79,Szolgalati_alkalmak!$H$4:$H$8000),SUMIF(Szolgalati_alkalmak!$AC$4:$AC$8000,$V$1&$N79,Szolgalati_alkalmak!$I$4:$I$8000),SUMIF(Szolgalati_alkalmak!$AC$4:$AC$8000,$V$1&$N79&$O$3,Szolgalati_alkalmak!$H$4:$H$8000),SUMIF(Szolgalati_alkalmak!$AC$4:$AC$8000,$V$1&$N79&$O$3,Szolgalati_alkalmak!$I$4:$I$8000)) -> 0 | W79: =SUM(SUMIF(Szolgalati_alkalmak!$AC$4:$AC$8000,$W$1&$N79,Szolgalati_alkalmak!$H$4:$H$8000),SUMIF(Szolgalati_alkalmak!$AC$4:$AC$8000,$W$1&$N79,Szolgalati_alkalmak!$I$4:$I$8000),SUMIF(Szolgalati_alkalmak!$AC$4:$AC$8000,$W$1&$N79&$O$3,Szolgalati_alkalmak!$H$4:$H$8000),SUMIF(Szolgalati_alkalmak!$AC$4:$AC$8000,$W$1&$N79&$O$3,Szolgalati_alkalmak!$I$4:$I$8000)) -> 0 | X79: =SUM(SUMIF(Szolgalati_alkalmak!$AC$4:$AC$8000,$X$1&$N79,Szolgalati_alkalmak!$H$4:$H$8000),SUMIF(Szolgalati_alkalmak!$AC$4:$AC$8000,$X$1&$N79,Szolgalati_alkalmak!$I$4:$I$8000),SUMIF(Szolgalati_alkalmak!$AC$4:$AC$8000,$X$1&$N79&$O$3,Szolgalati_alkalmak!$H$4:$H$8000),SUMIF(Szolgalati_alkalmak!$AC$4:$AC$8000,$X$1&$N79&$O$3,Szolgalati_alkalmak!$I$4:$I$8000)) -> 0 | Y79: =SUM(SUMIF(Szolgalati_alkalmak!$AC$4:$AC$8000,$Y$1&$N79,Szolgalati_alkalmak!$H$4:$H$8000),SUMIF(Szolgalati_alkalmak!$AC$4:$AC$8000,$Y$1&$N79,Szolgalati_alkalmak!$I$4:$I$8000),SUMIF(Szolgalati_alkalmak!$AC$4:$AC$8000,$Y$1&$N79&$O$3,Szolgalati_alkalmak!$H$4:$H$8000),SUMIF(Szolgalati_alkalmak!$AC$4:$AC$8000,$Y$1&$N79&$O$3,Szolgalati_alkalmak!$I$4:$I$8000)) -> 0
B80: du. | C80: =P80 -> 0 | D80: =IF(D68<>0,ROUND(Q80/D68,1),0) -> 0 | E80: =IF(E68<>0,ROUND(R80/E68,1),0) -> 0 | F80: =IF(F68<>0,ROUND(S80/F68,1),0) -> 0 | G80: =IF(G68<>0,ROUND(T80/G68,1),0) -> 0 | H80: =IF(H68<>0,ROUND(U80/H68,1),0) -> 0 | I80: =IF(I68<>0,ROUND(V80/I68,1),0) -> 0 | J80: =IF(J68<>0,ROUND(W80/J68,1),0) -> 0 | K80: =IF(K68<>0,ROUND(X80/K68,1),0) -> 0 | L80: =IF(L68<>0,ROUND(Y80/L68,1),0) -> 0 | M80: =SUM(C80:L80)/$N$2 -> 0 | N80: Pünkösd I. it. | P80: =SUM(SUMIF(Szolgalati_alkalmak!$AC$4:$AC$8000,$P$1&$N80&$O$2,Szolgalati_alkalmak!$H$4:$H$8000),SUMIF(Szolgalati_alkalmak!$AC$4:$AC$8000,$P$1&$N80&$O$2,Szolgalati_alkalmak!$I$4:$I$8000),SUMIF(Szolgalati_alkalmak!$AC$4:$AC$8000,$P$1&$N80&$O$4,Szolgalati_alkalmak!$H$4:$H$8000),SUMIF(Szolgalati_alkalmak!$AC$4:$AC$8000,$P$1&$N80&$O$4,Szolgalati_alkalmak!$I$4:$I$8000)) -> 0 | Q80: =SUM(SUMIF(Szolgalati_alkalmak!$AC$4:$AC$8000,$Q$1&$N80&$O$2,Szolgalati_alkalmak!$H$4:$H$8000),SUMIF(Szolgalati_alkalmak!$AC$4:$AC$8000,$Q$1&$N80&$O$2,Szolgalati_alkalmak!$I$4:$I$8000),SUMIF(Szolgalati_alkalmak!$AC$4:$AC$8000,$Q$1&$N80&$O$4,Szolgalati_alkalmak!$H$4:$H$8000),SUMIF(Szolgalati_alkalmak!$AC$4:$AC$8000,$Q$1&$N80&$O$4,Szolgalati_alkalmak!$I$4:$I$8000)) -> 0 | R80: =SUM(SUMIF(Szolgalati_alkalmak!$AC$4:$AC$8000,$R$1&$N80&$O$2,Szolgalati_alkalmak!$H$4:$H$8000),SUMIF(Szolgalati_alkalmak!$AC$4:$AC$8000,$R$1&$N80&$O$2,Szolgalati_alkalmak!$I$4:$I$8000),SUMIF(Szolgalati_alkalmak!$AC$4:$AC$8000,$R$1&$N80&$O$4,Szolgalati_alkalmak!$H$4:$H$8000),SUMIF(Szolgalati_alkalmak!$AC$4:$AC$8000,$R$1&$N80&$O$4,Szolgalati_alkalmak!$I$4:$I$8000)) -> 0 | S80: =SUM(SUMIF(Szolgalati_alkalmak!$AC$4:$AC$8000,$S$1&$N80&$O$2,Szolgalati_alkalmak!$H$4:$H$8000),SUMIF(Szolgalati_alkalmak!$AC$4:$AC$8000,$S$1&$N80&$O$2,Szolgalati_alkalmak!$I$4:$I$8000),SUMIF(Szolgalati_alkalmak!$AC$4:$AC$8000,$S$1&$N80&$O$4,Szolgalati_alkalmak!$H$4:$H$8000),SUMIF(Szolgalati_alkalmak!$AC$4:$AC$8000,$S$1&$N80&$O$4,Szolgalati_alkalmak!$I$4:$I$8000)) -> 0 | T80: =SUM(SUMIF(Szolgalati_alkalmak!$AC$4:$AC$8000,$T$1&$N80&$O$2,Szolgalati_alkalmak!$H$4:$H$8000),SUMIF(Szolgalati_alkalmak!$AC$4:$AC$8000,$T$1&$N80&$O$2,Szolgalati_alkalmak!$I$4:$I$8000),SUMIF(Szolgalati_alkalmak!$AC$4:$AC$8000,$T$1&$N80&$O$4,Szolgalati_alkalmak!$H$4:$H$8000),SUMIF(Szolgalati_alkalmak!$AC$4:$AC$8000,$T$1&$N80&$O$4,Szolgalati_alkalmak!$I$4:$I$8000)) -> 0 | U80: =SUM(SUMIF(Szolgalati_alkalmak!$AC$4:$AC$8000,$U$1&$N80&$O$2,Szolgalati_alkalmak!$H$4:$H$8000),SUMIF(Szolgalati_alkalmak!$AC$4:$AC$8000,$U$1&$N80&$O$2,Szolgalati_alkalmak!$I$4:$I$8000),SUMIF(Szolgalati_alkalmak!$AC$4:$AC$8000,$U$1&$N80&$O$4,Szolgalati_alkalmak!$H$4:$H$8000),SUMIF(Szolgalati_alkalmak!$AC$4:$AC$8000,$U$1&$N80&$O$4,Szolgalati_alkalmak!$I$4:$I$8000)) -> 0 | V80: =SUM(SUMIF(Szolgalati_alkalmak!$AC$4:$AC$8000,$V$1&$N80&$O$2,Szolgalati_alkalmak!$H$4:$H$8000),SUMIF(Szolgalati_alkalmak!$AC$4:$AC$8000,$V$1&$N80&$O$2,Szolgalati_alkalmak!$I$4:$I$8000),SUMIF(Szolgalati_alkalmak!$AC$4:$AC$8000,$V$1&$N80&$O$4,Szolgalati_alkalmak!$H$4:$H$8000),SUMIF(Szolgalati_alkalmak!$AC$4:$AC$8000,$V$1&$N80&$O$4,Szolgalati_alkalmak!$I$4:$I$8000)) -> 0 | W80: =SUM(SUMIF(Szolgalati_alkalmak!$AC$4:$AC$8000,$W$1&$N80&$O$2,Szolgalati_alkalmak!$H$4:$H$8000),SUMIF(Szolgalati_alkalmak!$AC$4:$AC$8000,$W$1&$N80&$O$2,Szolgalati_alkalmak!$I$4:$I$8000),SUMIF(Szolgalati_alkalmak!$AC$4:$AC$8000,$W$1&$N80&$O$4,Szolgalati_alkalmak!$H$4:$H$8000),SUMIF(Szolgalati_alkalmak!$AC$4:$AC$8000,$W$1&$N80&$O$4,Szolgalati_alkalmak!$I$4:$I$8000)) -> 0 | X80: =SUM(SUMIF(Szolgalati_alkalmak!$AC$4:$AC$8000,$X$1&$N80&$O$2,Szolgalati_alkalmak!$H$4:$H$8000),SUMIF(Szolgalati_alkalmak!$AC$4:$AC$8000,$X$1&$N80&$O$2,Szolgalati_alkalmak!$I$4:$I$8000),SUMIF(Szolgalati_alkalmak!$AC$4:$AC$8000,$X$1&$N80&$O$4,Szolgalati_alkalmak!$H$4:$H$8000),SUMIF(Szolgalati_alkalmak!$AC$4:$AC$8000,$X$1&$N80&$O$4,Szolgalati_alkalmak!$I$4:$I$8000)) -> 0 | Y80: =SUM(SUMIF(Szolgalati_alkalmak!$AC$4:$AC$8000,$Y$1&$N80&$O$2,Szolgalati_alkalmak!$H$4:$H$8000),SUMIF(Szolgalati_alkalmak!$AC$4:$AC$8000,$Y$1&$N80&$O$2,Szolgalati_alkalmak!$I$4:$I$8000),SUMIF(Szolgalati_alkalmak!$AC$4:$AC$8000,$Y$1&$N80&$O$4,Szolgalati_alkalmak!$H$4:$H$8000),SUMIF(Szolgalati_alkalmak!$AC$4:$AC$8000,$Y$1&$N80&$O$4,Szolgalati_alkalmak!$I$4:$I$8000)) -> 0
B81: Pünkösd_II. de. | C81: =P81 -> 0 | D81: =IF(D69<>0,ROUND(Q81/D69,1),0) -> 0 | E81: =IF(E69<>0,ROUND(R81/E69,1),0) -> 0 | F81: =IF(F69<>0,ROUND(S81/F69,1),0) -> 0 | G81: =IF(G69<>0,ROUND(T81/G69,1),0) -> 0 | H81: =IF(H69<>0,ROUND(U81/H69,1),0) -> 0 | I81: =IF(I69<>0,ROUND(V81/I69,1),0) -> 0 | J81: =IF(J69<>0,ROUND(W81/J69,1),0) -> 0 | K81: =IF(K69<>0,ROUND(X81/K69,1),0) -> 0 | L81: =IF(L69<>0,ROUND(Y81/L69,1),0) -> 0 | M81: =SUM(C81:L81)/$N$2 -> 0 | N81: Pünkösd II. it. | P81: =SUM(SUMIF(Szolgalati_alkalmak!$AC$4:$AC$8000,$P$1&$N81,Szolgalati_alkalmak!$H$4:$H$8000),SUMIF(Szolgalati_alkalmak!$AC$4:$AC$8000,$P$1&$N81,Szolgalati_alkalmak!$I$4:$I$8000),SUMIF(Szolgalati_alkalmak!$AC$4:$AC$8000,$P$1&$N81&$O$3,Szolgalati_alkalmak!$H$4:$H$8000),SUMIF(Szolgalati_alkalmak!$AC$4:$AC$8000,$P$1&$N81&$O$3,Szolgalati_alkalmak!$I$4:$I$8000)) -> 0 | Q81: =SUM(SUMIF(Szolgalati_alkalmak!$AC$4:$AC$8000,$Q$1&$N81,Szolgalati_alkalmak!$H$4:$H$8000),SUMIF(Szolgalati_alkalmak!$AC$4:$AC$8000,$Q$1&$N81,Szolgalati_alkalmak!$I$4:$I$8000),SUMIF(Szolgalati_alkalmak!$AC$4:$AC$8000,$Q$1&$N81&$O$3,Szolgalati_alkalmak!$H$4:$H$8000),SUMIF(Szolgalati_alkalmak!$AC$4:$AC$8000,$Q$1&$N81&$O$3,Szolgalati_alkalmak!$I$4:$I$8000)) -> 0 | R81: =SUM(SUMIF(Szolgalati_alkalmak!$AC$4:$AC$8000,$R$1&$N81,Szolgalati_alkalmak!$H$4:$H$8000),SUMIF(Szolgalati_alkalmak!$AC$4:$AC$8000,$R$1&$N81,Szolgalati_alkalmak!$I$4:$I$8000),SUMIF(Szolgalati_alkalmak!$AC$4:$AC$8000,$R$1&$N81&$O$3,Szolgalati_alkalmak!$H$4:$H$8000),SUMIF(Szolgalati_alkalmak!$AC$4:$AC$8000,$R$1&$N81&$O$3,Szolgalati_alkalmak!$I$4:$I$8000)) -> 0 | S81: =SUM(SUMIF(Szolgalati_alkalmak!$AC$4:$AC$8000,$S$1&$N81,Szolgalati_alkalmak!$H$4:$H$8000),SUMIF(Szolgalati_alkalmak!$AC$4:$AC$8000,$S$1&$N81,Szolgalati_alkalmak!$I$4:$I$8000),SUMIF(Szolgalati_alkalmak!$AC$4:$AC$8000,$S$1&$N81&$O$3,Szolgalati_alkalmak!$H$4:$H$8000),SUMIF(Szolgalati_alkalmak!$AC$4:$AC$8000,$S$1&$N81&$O$3,Szolgalati_alkalmak!$I$4:$I$8000)) -> 0 | T81: =SUM(SUMIF(Szolgalati_alkalmak!$AC$4:$AC$8000,$T$1&$N81,Szolgalati_alkalmak!$H$4:$H$8000),SUMIF(Szolgalati_alkalmak!$AC$4:$AC$8000,$T$1&$N81,Szolgalati_alkalmak!$I$4:$I$8000),SUMIF(Szolgalati_alkalmak!$AC$4:$AC$8000,$T$1&$N81&$O$3,Szolgalati_alkalmak!$H$4:$H$8000),SUMIF(Szolgalati_alkalmak!$AC$4:$AC$8000,$T$1&$N81&$O$3,Szolgalati_alkalmak!$I$4:$I$8000)) -> 0 | U81: =SUM(SUMIF(Szolgalati_alkalmak!$AC$4:$AC$8000,$U$1&$N81,Szolgalati_alkalmak!$H$4:$H$8000),SUMIF(Szolgalati_alkalmak!$AC$4:$AC$8000,$U$1&$N81,Szolgalati_alkalmak!$I$4:$I$8000),SUMIF(Szolgalati_alkalmak!$AC$4:$AC$8000,$U$1&$N81&$O$3,Szolgalati_alkalmak!$H$4:$H$8000),SUMIF(Szolgalati_alkalmak!$AC$4:$AC$8000,$U$1&$N81&$O$3,Szolgalati_alkalmak!$I$4:$I$8000)) -> 0 | V81: =SUM(SUMIF(Szolgalati_alkalmak!$AC$4:$AC$8000,$V$1&$N81,Szolgalati_alkalmak!$H$4:$H$8000),SUMIF(Szolgalati_alkalmak!$AC$4:$AC$8000,$V$1&$N81,Szolgalati_alkalmak!$I$4:$I$8000),SUMIF(Szolgalati_alkalmak!$AC$4:$AC$8000,$V$1&$N81&$O$3,Szolgalati_alkalmak!$H$4:$H$8000),SUMIF(Szolgalati_alkalmak!$AC$4:$AC$8000,$V$1&$N81&$O$3,Szolgalati_alkalmak!$I$4:$I$8000)) -> 0 | W81: =SUM(SUMIF(Szolgalati_alkalmak!$AC$4:$AC$8000,$W$1&$N81,Szolgalati_alkalmak!$H$4:$H$8000),SUMIF(Szolgalati_alkalmak!$AC$4:$AC$8000,$W$1&$N81,Szolgalati_alkalmak!$I$4:$I$8000),SUMIF(Szolgalati_alkalmak!$AC$4:$AC$8000,$W$1&$N81&$O$3,Szolgalati_alkalmak!$H$4:$H$8000),SUMIF(Szolgalati_alkalmak!$AC$4:$AC$8000,$W$1&$N81&$O$3,Szolgalati_alkalmak!$I$4:$I$8000)) -> 0 | X81: =SUM(SUMIF(Szolgalati_alkalmak!$AC$4:$AC$8000,$X$1&$N81,Szolgalati_alkalmak!$H$4:$H$8000),SUMIF(Szolgalati_alkalmak!$AC$4:$AC$8000,$X$1&$N81,Szolgalati_alkalmak!$I$4:$I$8000),SUMIF(Szolgalati_alkalmak!$AC$4:$AC$8000,$X$1&$N81&$O$3,Szolgalati_alkalmak!$H$4:$H$8000),SUMIF(Szolgalati_alkalmak!$AC$4:$AC$8000,$X$1&$N81&$O$3,Szolgalati_alkalmak!$I$4:$I$8000)) -> 0 | Y81: =SUM(SUMIF(Szolgalati_alkalmak!$AC$4:$AC$8000,$Y$1&$N81,Szolgalati_alkalmak!$H$4:$H$8000),SUMIF(Szolgalati_alkalmak!$AC$4:$AC$8000,$Y$1&$N81,Szolgalati_alkalmak!$I$4:$I$8000),SUMIF(Szolgalati_alkalmak!$AC$4:$AC$8000,$Y$1&$N81&$O$3,Szolgalati_alkalmak!$H$4:$H$8000),SUMIF(Szolgalati_alkalmak!$AC$4:$AC$8000,$Y$1&$N81&$O$3,Szolgalati_alkalmak!$I$4:$I$8000)) -> 0
B82: du. | C82: =P82 -> 0 | D82: =IF(D70<>0,ROUND(Q82/D70,1),0) -> 0 | E82: =IF(E70<>0,ROUND(R82/E70,1),0) -> 0 | F82: =IF(F70<>0,ROUND(S82/F70,1),0) -> 0 | G82: =IF(G70<>0,ROUND(T82/G70,1),0) -> 0 | H82: =IF(H70<>0,ROUND(U82/H70,1),0) -> 0 | I82: =IF(I70<>0,ROUND(V82/I70,1),0) -> 0 | J82: =IF(J70<>0,ROUND(W82/J70,1),0) -> 0 | K82: =IF(K70<>0,ROUND(X82/K70,1),0) -> 0 | L82: =IF(L70<>0,ROUND(Y82/L70,1),0) -> 0 | M82: =SUM(C82:L82)/$N$2 -> 0 | N82: Pünkösd II. it. | P82: =SUM(SUMIF(Szolgalati_alkalmak!$AC$4:$AC$8000,$P$1&$N82&$O$2,Szolgalati_alkalmak!$H$4:$H$8000),SUMIF(Szolgalati_alkalmak!$AC$4:$AC$8000,$P$1&$N82&$O$2,Szolgalati_alkalmak!$I$4:$I$8000),SUMIF(Szolgalati_alkalmak!$AC$4:$AC$8000,$P$1&$N82&$O$4,Szolgalati_alkalmak!$H$4:$H$8000),SUMIF(Szolgalati_alkalmak!$AC$4:$AC$8000,$P$1&$N82&$O$4,Szolgalati_alkalmak!$I$4:$I$8000)) -> 0 | Q82: =SUM(SUMIF(Szolgalati_alkalmak!$AC$4:$AC$8000,$Q$1&$N82&$O$2,Szolgalati_alkalmak!$H$4:$H$8000),SUMIF(Szolgalati_alkalmak!$AC$4:$AC$8000,$Q$1&$N82&$O$2,Szolgalati_alkalmak!$I$4:$I$8000),SUMIF(Szolgalati_alkalmak!$AC$4:$AC$8000,$Q$1&$N82&$O$4,Szolgalati_alkalmak!$H$4:$H$8000),SUMIF(Szolgalati_alkalmak!$AC$4:$AC$8000,$Q$1&$N82&$O$4,Szolgalati_alkalmak!$I$4:$I$8000)) -> 0 | R82: =SUM(SUMIF(Szolgalati_alkalmak!$AC$4:$AC$8000,$R$1&$N82&$O$2,Szolgalati_alkalmak!$H$4:$H$8000),SUMIF(Szolgalati_alkalmak!$AC$4:$AC$8000,$R$1&$N82&$O$2,Szolgalati_alkalmak!$I$4:$I$8000),SUMIF(Szolgalati_alkalmak!$AC$4:$AC$8000,$R$1&$N82&$O$4,Szolgalati_alkalmak!$H$4:$H$8000),SUMIF(Szolgalati_alkalmak!$AC$4:$AC$8000,$R$1&$N82&$O$4,Szolgalati_alkalmak!$I$4:$I$8000)) -> 0 | S82: =SUM(SUMIF(Szolgalati_alkalmak!$AC$4:$AC$8000,$S$1&$N82&$O$2,Szolgalati_alkalmak!$H$4:$H$8000),SUMIF(Szolgalati_alkalmak!$AC$4:$AC$8000,$S$1&$N82&$O$2,Szolgalati_alkalmak!$I$4:$I$8000),SUMIF(Szolgalati_alkalmak!$AC$4:$AC$8000,$S$1&$N82&$O$4,Szolgalati_alkalmak!$H$4:$H$8000),SUMIF(Szolgalati_alkalmak!$AC$4:$AC$8000,$S$1&$N82&$O$4,Szolgalati_alkalmak!$I$4:$I$8000)) -> 0 | T82: =SUM(SUMIF(Szolgalati_alkalmak!$AC$4:$AC$8000,$T$1&$N82&$O$2,Szolgalati_alkalmak!$H$4:$H$8000),SUMIF(Szolgalati_alkalmak!$AC$4:$AC$8000,$T$1&$N82&$O$2,Szolgalati_alkalmak!$I$4:$I$8000),SUMIF(Szolgalati_alkalmak!$AC$4:$AC$8000,$T$1&$N82&$O$4,Szolgalati_alkalmak!$H$4:$H$8000),SUMIF(Szolgalati_alkalmak!$AC$4:$AC$8000,$T$1&$N82&$O$4,Szolgalati_alkalmak!$I$4:$I$8000)) -> 0 | U82: =SUM(SUMIF(Szolgalati_alkalmak!$AC$4:$AC$8000,$U$1&$N82&$O$2,Szolgalati_alkalmak!$H$4:$H$8000),SUMIF(Szolgalati_alkalmak!$AC$4:$AC$8000,$U$1&$N82&$O$2,Szolgalati_alkalmak!$I$4:$I$8000),SUMIF(Szolgalati_alkalmak!$AC$4:$AC$8000,$U$1&$N82&$O$4,Szolgalati_alkalmak!$H$4:$H$8000),SUMIF(Szolgalati_alkalmak!$AC$4:$AC$8000,$U$1&$N82&$O$4,Szolgalati_alkalmak!$I$4:$I$8000)) -> 0 | V82: =SUM(SUMIF(Szolgalati_alkalmak!$AC$4:$AC$8000,$V$1&$N82&$O$2,Szolgalati_alkalmak!$H$4:$H$8000),SUMIF(Szolgalati_alkalmak!$AC$4:$AC$8000,$V$1&$N82&$O$2,Szolgalati_alkalmak!$I$4:$I$8000),SUMIF(Szolgalati_alkalmak!$AC$4:$AC$8000,$V$1&$N82&$O$4,Szolgalati_alkalmak!$H$4:$H$8000),SUMIF(Szolgalati_alkalmak!$AC$4:$AC$8000,$V$1&$N82&$O$4,Szolgalati_alkalmak!$I$4:$I$8000)) -> 0 | W82: =SUM(SUMIF(Szolgalati_alkalmak!$AC$4:$AC$8000,$W$1&$N82&$O$2,Szolgalati_alkalmak!$H$4:$H$8000),SUMIF(Szolgalati_alkalmak!$AC$4:$AC$8000,$W$1&$N82&$O$2,Szolgalati_alkalmak!$I$4:$I$8000),SUMIF(Szolgalati_alkalmak!$AC$4:$AC$8000,$W$1&$N82&$O$4,Szolgalati_alkalmak!$H$4:$H$8000),SUMIF(Szolgalati_alkalmak!$AC$4:$AC$8000,$W$1&$N82&$O$4,Szolgalati_alkalmak!$I$4:$I$8000)) -> 0 | X82: =SUM(SUMIF(Szolgalati_alkalmak!$AC$4:$AC$8000,$X$1&$N82&$O$2,Szolgalati_alkalmak!$H$4:$H$8000),SUMIF(Szolgalati_alkalmak!$AC$4:$AC$8000,$X$1&$N82&$O$2,Szolgalati_alkalmak!$I$4:$I$8000),SUMIF(Szolgalati_alkalmak!$AC$4:$AC$8000,$X$1&$N82&$O$4,Szolgalati_alkalmak!$H$4:$H$8000),SUMIF(Szolgalati_alkalmak!$AC$4:$AC$8000,$X$1&$N82&$O$4,Szolgalati_alkalmak!$I$4:$I$8000)) -> 0 | Y82: =SUM(SUMIF(Szolgalati_alkalmak!$AC$4:$AC$8000,$Y$1&$N82&$O$2,Szolgalati_alkalmak!$H$4:$H$8000),SUMIF(Szolgalati_alkalmak!$AC$4:$AC$8000,$Y$1&$N82&$O$2,Szolgalati_alkalmak!$I$4:$I$8000),SUMIF(Szolgalati_alkalmak!$AC$4:$AC$8000,$Y$1&$N82&$O$4,Szolgalati_alkalmak!$H$4:$H$8000),SUMIF(Szolgalati_alkalmak!$AC$4:$AC$8000,$Y$1&$N82&$O$4,Szolgalati_alkalmak!$I$4:$I$8000)) -> 0
B83: Pünkösd_III. de. | C83: =P83 -> 0 | D83: =IF(D71<>0,ROUND(Q83/D71,1),0) -> 0 | E83: =IF(E71<>0,ROUND(R83/E71,1),0) -> 0 | F83: =IF(F71<>0,ROUND(S83/F71,1),0) -> 0 | G83: =IF(G71<>0,ROUND(T83/G71,1),0) -> 0 | H83: =IF(H71<>0,ROUND(U83/H71,1),0) -> 0 | I83: =IF(I71<>0,ROUND(V83/I71,1),0) -> 0 | J83: =IF(J71<>0,ROUND(W83/J71,1),0) -> 0 | K83: =IF(K71<>0,ROUND(X83/K71,1),0) -> 0 | L83: =IF(L71<>0,ROUND(Y83/L71,1),0) -> 0 | M83: =SUM(C83:L83)/$N$2 -> 0 | N83: Pünkösd III. it. | P83: =SUM(SUMIF(Szolgalati_alkalmak!$AC$4:$AC$8000,$P$1&$N83,Szolgalati_alkalmak!$H$4:$H$8000),SUMIF(Szolgalati_alkalmak!$AC$4:$AC$8000,$P$1&$N83,Szolgalati_alkalmak!$I$4:$I$8000),SUMIF(Szolgalati_alkalmak!$AC$4:$AC$8000,$P$1&$N83&$O$3,Szolgalati_alkalmak!$H$4:$H$8000),SUMIF(Szolgalati_alkalmak!$AC$4:$AC$8000,$P$1&$N83&$O$3,Szolgalati_alkalmak!$I$4:$I$8000)) -> 0 | Q83: =SUM(SUMIF(Szolgalati_alkalmak!$AC$4:$AC$8000,$Q$1&$N83,Szolgalati_alkalmak!$H$4:$H$8000),SUMIF(Szolgalati_alkalmak!$AC$4:$AC$8000,$Q$1&$N83,Szolgalati_alkalmak!$I$4:$I$8000),SUMIF(Szolgalati_alkalmak!$AC$4:$AC$8000,$Q$1&$N83&$O$3,Szolgalati_alkalmak!$H$4:$H$8000),SUMIF(Szolgalati_alkalmak!$AC$4:$AC$8000,$Q$1&$N83&$O$3,Szolgalati_alkalmak!$I$4:$I$8000)) -> 0 | R83: =SUM(SUMIF(Szolgalati_alkalmak!$AC$4:$AC$8000,$R$1&$N83,Szolgalati_alkalmak!$H$4:$H$8000),SUMIF(Szolgalati_alkalmak!$AC$4:$AC$8000,$R$1&$N83,Szolgalati_alkalmak!$I$4:$I$8000),SUMIF(Szolgalati_alkalmak!$AC$4:$AC$8000,$R$1&$N83&$O$3,Szolgalati_alkalmak!$H$4:$H$8000),SUMIF(Szolgalati_alkalmak!$AC$4:$AC$8000,$R$1&$N83&$O$3,Szolgalati_alkalmak!$I$4:$I$8000)) -> 0 | S83: =SUM(SUMIF(Szolgalati_alkalmak!$AC$4:$AC$8000,$S$1&$N83,Szolgalati_alkalmak!$H$4:$H$8000),SUMIF(Szolgalati_alkalmak!$AC$4:$AC$8000,$S$1&$N83,Szolgalati_alkalmak!$I$4:$I$8000),SUMIF(Szolgalati_alkalmak!$AC$4:$AC$8000,$S$1&$N83&$O$3,Szolgalati_alkalmak!$H$4:$H$8000),SUMIF(Szolgalati_alkalmak!$AC$4:$AC$8000,$S$1&$N83&$O$3,Szolgalati_alkalmak!$I$4:$I$8000)) -> 0 | T83: =SUM(SUMIF(Szolgalati_alkalmak!$AC$4:$AC$8000,$T$1&$N83,Szolgalati_alkalmak!$H$4:$H$8000),SUMIF(Szolgalati_alkalmak!$AC$4:$AC$8000,$T$1&$N83,Szolgalati_alkalmak!$I$4:$I$8000),SUMIF(Szolgalati_alkalmak!$AC$4:$AC$8000,$T$1&$N83&$O$3,Szolgalati_alkalmak!$H$4:$H$8000),SUMIF(Szolgalati_alkalmak!$AC$4:$AC$8000,$T$1&$N83&$O$3,Szolgalati_alkalmak!$I$4:$I$8000)) -> 0 | U83: =SUM(SUMIF(Szolgalati_alkalmak!$AC$4:$AC$8000,$U$1&$N83,Szolgalati_alkalmak!$H$4:$H$8000),SUMIF(Szolgalati_alkalmak!$AC$4:$AC$8000,$U$1&$N83,Szolgalati_alkalmak!$I$4:$I$8000),SUMIF(Szolgalati_alkalmak!$AC$4:$AC$8000,$U$1&$N83&$O$3,Szolgalati_alkalmak!$H$4:$H$8000),SUMIF(Szolgalati_alkalmak!$AC$4:$AC$8000,$U$1&$N83&$O$3,Szolgalati_alkalmak!$I$4:$I$8000)) -> 0 | V83: =SUM(SUMIF(Szolgalati_alkalmak!$AC$4:$AC$8000,$V$1&$N83,Szolgalati_alkalmak!$H$4:$H$8000),SUMIF(Szolgalati_alkalmak!$AC$4:$AC$8000,$V$1&$N83,Szolgalati_alkalmak!$I$4:$I$8000),SUMIF(Szolgalati_alkalmak!$AC$4:$AC$8000,$V$1&$N83&$O$3,Szolgalati_alkalmak!$H$4:$H$8000),SUMIF(Szolgalati_alkalmak!$AC$4:$AC$8000,$V$1&$N83&$O$3,Szolgalati_alkalmak!$I$4:$I$8000)) -> 0 | W83: =SUM(SUMIF(Szolgalati_alkalmak!$AC$4:$AC$8000,$W$1&$N83,Szolgalati_alkalmak!$H$4:$H$8000),SUMIF(Szolgalati_alkalmak!$AC$4:$AC$8000,$W$1&$N83,Szolgalati_alkalmak!$I$4:$I$8000),SUMIF(Szolgalati_alkalmak!$AC$4:$AC$8000,$W$1&$N83&$O$3,Szolgalati_alkalmak!$H$4:$H$8000),SUMIF(Szolgalati_alkalmak!$AC$4:$AC$8000,$W$1&$N83&$O$3,Szolgalati_alkalmak!$I$4:$I$8000)) -> 0 | X83: =SUM(SUMIF(Szolgalati_alkalmak!$AC$4:$AC$8000,$X$1&$N83,Szolgalati_alkalmak!$H$4:$H$8000),SUMIF(Szolgalati_alkalmak!$AC$4:$AC$8000,$X$1&$N83,Szolgalati_alkalmak!$I$4:$I$8000),SUMIF(Szolgalati_alkalmak!$AC$4:$AC$8000,$X$1&$N83&$O$3,Szolgalati_alkalmak!$H$4:$H$8000),SUMIF(Szolgalati_alkalmak!$AC$4:$AC$8000,$X$1&$N83&$O$3,Szolgalati_alkalmak!$I$4:$I$8000)) -> 0 | Y83: =SUM(SUMIF(Szolgalati_alkalmak!$AC$4:$AC$8000,$Y$1&$N83,Szolgalati_alkalmak!$H$4:$H$8000),SUMIF(Szolgalati_alkalmak!$AC$4:$AC$8000,$Y$1&$N83,Szolgalati_alkalmak!$I$4:$I$8000),SUMIF(Szolgalati_alkalmak!$AC$4:$AC$8000,$Y$1&$N83&$O$3,Szolgalati_alkalmak!$H$4:$H$8000),SUMIF(Szolgalati_alkalmak!$AC$4:$AC$8000,$Y$1&$N83&$O$3,Szolgalati_alkalmak!$I$4:$I$8000)) -> 0
B84: du. | C84: =P84 -> 0 | D84: =IF(D72<>0,ROUND(Q84/D72,1),0) -> 0 | E84: =IF(E72<>0,ROUND(R84/E72,1),0) -> 0 | F84: =IF(F72<>0,ROUND(S84/F72,1),0) -> 0 | G84: =IF(G72<>0,ROUND(T84/G72,1),0) -> 0 | H84: =IF(H72<>0,ROUND(U84/H72,1),0) -> 0 | I84: =IF(I72<>0,ROUND(V84/I72,1),0) -> 0 | J84: =IF(J72<>0,ROUND(W84/J72,1),0) -> 0 | K84: =IF(K72<>0,ROUND(X84/K72,1),0) -> 0 | L84: =IF(L72<>0,ROUND(Y84/L72,1),0) -> 0 | M84: =SUM(C84:L84)/$N$2 -> 0 | N84: Pünkösd III. it. | P84: =SUM(SUMIF(Szolgalati_alkalmak!$AC$4:$AC$8000,$P$1&$N84&$O$2,Szolgalati_alkalmak!$H$4:$H$8000),SUMIF(Szolgalati_alkalmak!$AC$4:$AC$8000,$P$1&$N84&$O$2,Szolgalati_alkalmak!$I$4:$I$8000),SUMIF(Szolgalati_alkalmak!$AC$4:$AC$8000,$P$1&$N84&$O$4,Szolgalati_alkalmak!$H$4:$H$8000),SUMIF(Szolgalati_alkalmak!$AC$4:$AC$8000,$P$1&$N84&$O$4,Szolgalati_alkalmak!$I$4:$I$8000)) -> 0 | Q84: =SUM(SUMIF(Szolgalati_alkalmak!$AC$4:$AC$8000,$Q$1&$N84&$O$2,Szolgalati_alkalmak!$H$4:$H$8000),SUMIF(Szolgalati_alkalmak!$AC$4:$AC$8000,$Q$1&$N84&$O$2,Szolgalati_alkalmak!$I$4:$I$8000),SUMIF(Szolgalati_alkalmak!$AC$4:$AC$8000,$Q$1&$N84&$O$4,Szolgalati_alkalmak!$H$4:$H$8000),SUMIF(Szolgalati_alkalmak!$AC$4:$AC$8000,$Q$1&$N84&$O$4,Szolgalati_alkalmak!$I$4:$I$8000)) -> 0 | R84: =SUM(SUMIF(Szolgalati_alkalmak!$AC$4:$AC$8000,$R$1&$N84&$O$2,Szolgalati_alkalmak!$H$4:$H$8000),SUMIF(Szolgalati_alkalmak!$AC$4:$AC$8000,$R$1&$N84&$O$2,Szolgalati_alkalmak!$I$4:$I$8000),SUMIF(Szolgalati_alkalmak!$AC$4:$AC$8000,$R$1&$N84&$O$4,Szolgalati_alkalmak!$H$4:$H$8000),SUMIF(Szolgalati_alkalmak!$AC$4:$AC$8000,$R$1&$N84&$O$4,Szolgalati_alkalmak!$I$4:$I$8000)) -> 0 | S84: =SUM(SUMIF(Szolgalati_alkalmak!$AC$4:$AC$8000,$S$1&$N84&$O$2,Szolgalati_alkalmak!$H$4:$H$8000),SUMIF(Szolgalati_alkalmak!$AC$4:$AC$8000,$S$1&$N84&$O$2,Szolgalati_alkalmak!$I$4:$I$8000),SUMIF(Szolgalati_alkalmak!$AC$4:$AC$8000,$S$1&$N84&$O$4,Szolgalati_alkalmak!$H$4:$H$8000),SUMIF(Szolgalati_alkalmak!$AC$4:$AC$8000,$S$1&$N84&$O$4,Szolgalati_alkalmak!$I$4:$I$8000)) -> 0 | T84: =SUM(SUMIF(Szolgalati_alkalmak!$AC$4:$AC$8000,$T$1&$N84&$O$2,Szolgalati_alkalmak!$H$4:$H$8000),SUMIF(Szolgalati_alkalmak!$AC$4:$AC$8000,$T$1&$N84&$O$2,Szolgalati_alkalmak!$I$4:$I$8000),SUMIF(Szolgalati_alkalmak!$AC$4:$AC$8000,$T$1&$N84&$O$4,Szolgalati_alkalmak!$H$4:$H$8000),SUMIF(Szolgalati_alkalmak!$AC$4:$AC$8000,$T$1&$N84&$O$4,Szolgalati_alkalmak!$I$4:$I$8000)) -> 0 | U84: =SUM(SUMIF(Szolgalati_alkalmak!$AC$4:$AC$8000,$U$1&$N84&$O$2,Szolgalati_alkalmak!$H$4:$H$8000),SUMIF(Szolgalati_alkalmak!$AC$4:$AC$8000,$U$1&$N84&$O$2,Szolgalati_alkalmak!$I$4:$I$8000),SUMIF(Szolgalati_alkalmak!$AC$4:$AC$8000,$U$1&$N84&$O$4,Szolgalati_alkalmak!$H$4:$H$8000),SUMIF(Szolgalati_alkalmak!$AC$4:$AC$8000,$U$1&$N84&$O$4,Szolgalati_alkalmak!$I$4:$I$8000)) -> 0 | V84: =SUM(SUMIF(Szolgalati_alkalmak!$AC$4:$AC$8000,$V$1&$N84&$O$2,Szolgalati_alkalmak!$H$4:$H$8000),SUMIF(Szolgalati_alkalmak!$AC$4:$AC$8000,$V$1&$N84&$O$2,Szolgalati_alkalmak!$I$4:$I$8000),SUMIF(Szolgalati_alkalmak!$AC$4:$AC$8000,$V$1&$N84&$O$4,Szolgalati_alkalmak!$H$4:$H$8000),SUMIF(Szolgalati_alkalmak!$AC$4:$AC$8000,$V$1&$N84&$O$4,Szolgalati_alkalmak!$I$4:$I$8000)) -> 0 | W84: =SUM(SUMIF(Szolgalati_alkalmak!$AC$4:$AC$8000,$W$1&$N84&$O$2,Szolgalati_alkalmak!$H$4:$H$8000),SUMIF(Szolgalati_alkalmak!$AC$4:$AC$8000,$W$1&$N84&$O$2,Szolgalati_alkalmak!$I$4:$I$8000),SUMIF(Szolgalati_alkalmak!$AC$4:$AC$8000,$W$1&$N84&$O$4,Szolgalati_alkalmak!$H$4:$H$8000),SUMIF(Szolgalati_alkalmak!$AC$4:$AC$8000,$W$1&$N84&$O$4,Szolgalati_alkalmak!$I$4:$I$8000)) -> 0 | X84: =SUM(SUMIF(Szolgalati_alkalmak!$AC$4:$AC$8000,$X$1&$N84&$O$2,Szolgalati_alkalmak!$H$4:$H$8000),SUMIF(Szolgalati_alkalmak!$AC$4:$AC$8000,$X$1&$N84&$O$2,Szolgalati_alkalmak!$I$4:$I$8000),SUMIF(Szolgalati_alkalmak!$AC$4:$AC$8000,$X$1&$N84&$O$4,Szolgalati_alkalmak!$H$4:$H$8000),SUMIF(Szolgalati_alkalmak!$AC$4:$AC$8000,$X$1&$N84&$O$4,Szolgalati_alkalmak!$I$4:$I$8000)) -> 0 | Y84: =SUM(SUMIF(Szolgalati_alkalmak!$AC$4:$AC$8000,$Y$1&$N84&$O$2,Szolgalati_alkalmak!$H$4:$H$8000),SUMIF(Szolgalati_alkalmak!$AC$4:$AC$8000,$Y$1&$N84&$O$2,Szolgalati_alkalmak!$I$4:$I$8000),SUMIF(Szolgalati_alkalmak!$AC$4:$AC$8000,$Y$1&$N84&$O$4,Szolgalati_alkalmak!$H$4:$H$8000),SUMIF(Szolgalati_alkalmak!$AC$4:$AC$8000,$Y$1&$N84&$O$4,Szolgalati_alkalmak!$I$4:$I$8000)) -> 0
A85: 5. | B85: A rendszeresen tartott hétköznapi istentisz- teleteken részt vett átlag egy alkalommal: de. | C85: =IF(C73<>0,ROUND(P85/C73,1),0) -> 0 | D85: =IF(D73<>0,ROUND(Q85/D73,1),0) -> 0 | E85: =IF(E73<>0,ROUND(R85/E73,1),0) -> 0 | F85: =IF(F73<>0,ROUND(S85/F73,1),0) -> 0 | G85: =IF(G73<>0,ROUND(T85/G73,1),0) -> 0 | H85: =IF(H73<>0,ROUND(U85/H73,1),0) -> 0 | I85: =IF(I73<>0,ROUND(V85/I73,1),0) -> 0 | J85: =IF(J73<>0,ROUND(W85/J73,1),0) -> 0 | ... L85: =IF(L73<>0,ROUND(Y85/L73,1),0) -> 0 | M85: =SUM(C85:L85)/$N$2 -> 0 | N85: Hétköznapi i.t. | P85: =SUM(SUMIF(Szolgalati_alkalmak!$AC$4:$AC$8000,$P$1&$N85,Szolgalati_alkalmak!$H$4:$H$8000),SUMIF(Szolgalati_alkalmak!$AC$4:$AC$8000,$P$1&$N85,Szolgalati_alkalmak!$I$4:$I$8000),SUMIF(Szolgalati_alkalmak!$AC$4:$AC$8000,$P$1&$N85&$O$3,Szolgalati_alkalmak!$H$4:$H$8000),SUMIF(Szolgalati_alkalmak!$AC$4:$AC$8000,$P$1&$N85&$O$3,Szolgalati_alkalmak!$I$4:$I$8000)) -> 0 | Q85: =SUM(SUMIF(Szolgalati_alkalmak!$AC$4:$AC$8000,$Q$1&$N85,Szolgalati_alkalmak!$H$4:$H$8000),SUMIF(Szolgalati_alkalmak!$AC$4:$AC$8000,$Q$1&$N85,Szolgalati_alkalmak!$I$4:$I$8000),SUMIF(Szolgalati_alkalmak!$AC$4:$AC$8000,$Q$1&$N85&$O$3,Szolgalati_alkalmak!$H$4:$H$8000),SUMIF(Szolgalati_alkalmak!$AC$4:$AC$8000,$Q$1&$N85&$O$3,Szolgalati_alkalmak!$I$4:$I$8000)) -> 0 | R85: =SUM(SUMIF(Szolgalati_alkalmak!$AC$4:$AC$8000,$R$1&$N85,Szolgalati_alkalmak!$H$4:$H$8000),SUMIF(Szolgalati_alkalmak!$AC$4:$AC$8000,$R$1&$N85,Szolgalati_alkalmak!$I$4:$I$8000),SUMIF(Szolgalati_alkalmak!$AC$4:$AC$8000,$R$1&$N85&$O$3,Szolgalati_alkalmak!$H$4:$H$8000),SUMIF(Szolgalati_alkalmak!$AC$4:$AC$8000,$R$1&$N85&$O$3,Szolgalati_alkalmak!$I$4:$I$8000)) -> 0 | S85: =SUM(SUMIF(Szolgalati_alkalmak!$AC$4:$AC$8000,$S$1&$N85,Szolgalati_alkalmak!$H$4:$H$8000),SUMIF(Szolgalati_alkalmak!$AC$4:$AC$8000,$S$1&$N85,Szolgalati_alkalmak!$I$4:$I$8000),SUMIF(Szolgalati_alkalmak!$AC$4:$AC$8000,$S$1&$N85&$O$3,Szolgalati_alkalmak!$H$4:$H$8000),SUMIF(Szolgalati_alkalmak!$AC$4:$AC$8000,$S$1&$N85&$O$3,Szolgalati_alkalmak!$I$4:$I$8000)) -> 0 | T85: =SUM(SUMIF(Szolgalati_alkalmak!$AC$4:$AC$8000,$T$1&$N85,Szolgalati_alkalmak!$H$4:$H$8000),SUMIF(Szolgalati_alkalmak!$AC$4:$AC$8000,$T$1&$N85,Szolgalati_alkalmak!$I$4:$I$8000),SUMIF(Szolgalati_alkalmak!$AC$4:$AC$8000,$T$1&$N85&$O$3,Szolgalati_alkalmak!$H$4:$H$8000),SUMIF(Szolgalati_alkalmak!$AC$4:$AC$8000,$T$1&$N85&$O$3,Szolgalati_alkalmak!$I$4:$I$8000)) -> 0 | U85: =SUM(SUMIF(Szolgalati_alkalmak!$AC$4:$AC$8000,$U$1&$N85,Szolgalati_alkalmak!$H$4:$H$8000),SUMIF(Szolgalati_alkalmak!$AC$4:$AC$8000,$U$1&$N85,Szolgalati_alkalmak!$I$4:$I$8000),SUMIF(Szolgalati_alkalmak!$AC$4:$AC$8000,$U$1&$N85&$O$3,Szolgalati_alkalmak!$H$4:$H$8000),SUMIF(Szolgalati_alkalmak!$AC$4:$AC$8000,$U$1&$N85&$O$3,Szolgalati_alkalmak!$I$4:$I$8000)) -> 0 | V85: =SUM(SUMIF(Szolgalati_alkalmak!$AC$4:$AC$8000,$V$1&$N85,Szolgalati_alkalmak!$H$4:$H$8000),SUMIF(Szolgalati_alkalmak!$AC$4:$AC$8000,$V$1&$N85,Szolgalati_alkalmak!$I$4:$I$8000),SUMIF(Szolgalati_alkalmak!$AC$4:$AC$8000,$V$1&$N85&$O$3,Szolgalati_alkalmak!$H$4:$H$8000),SUMIF(Szolgalati_alkalmak!$AC$4:$AC$8000,$V$1&$N85&$O$3,Szolgalati_alkalmak!$I$4:$I$8000)) -> 0 | W85: =SUM(SUMIF(Szolgalati_alkalmak!$AC$4:$AC$8000,$W$1&$N85,Szolgalati_alkalmak!$H$4:$H$8000),SUMIF(Szolgalati_alkalmak!$AC$4:$AC$8000,$W$1&$N85,Szolgalati_alkalmak!$I$4:$I$8000),SUMIF(Szolgalati_alkalmak!$AC$4:$AC$8000,$W$1&$N85&$O$3,Szolgalati_alkalmak!$H$4:$H$8000),SUMIF(Szolgalati_alkalmak!$AC$4:$AC$8000,$W$1&$N85&$O$3,Szolgalati_alkalmak!$I$4:$I$8000)) -> 0 | X85: =SUM(SUMIF(Szolgalati_alkalmak!$AC$4:$AC$8000,$X$1&$N85,Szolgalati_alkalmak!$H$4:$H$8000),SUMIF(Szolgalati_alkalmak!$AC$4:$AC$8000,$X$1&$N85,Szolgalati_alkalmak!$I$4:$I$8000),SUMIF(Szolgalati_alkalmak!$AC$4:$AC$8000,$X$1&$N85&$O$3,Szolgalati_alkalmak!$H$4:$H$8000),SUMIF(Szolgalati_alkalmak!$AC$4:$AC$8000,$X$1&$N85&$O$3,Szolgalati_alkalmak!$I$4:$I$8000)) -> 0 | Y85: =SUM(SUMIF(Szolgalati_alkalmak!$AC$4:$AC$8000,$Y$1&$N85,Szolgalati_alkalmak!$H$4:$H$8000),SUMIF(Szolgalati_alkalmak!$AC$4:$AC$8000,$Y$1&$N85,Szolgalati_alkalmak!$I$4:$I$8000),SUMIF(Szolgalati_alkalmak!$AC$4:$AC$8000,$Y$1&$N85&$O$3,Szolgalati_alkalmak!$H$4:$H$8000),SUMIF(Szolgalati_alkalmak!$AC$4:$AC$8000,$Y$1&$N85&$O$3,Szolgalati_alkalmak!$I$4:$I$8000)) -> 0
B86: du. | C86: =IF(C74<>0,ROUND(P86/C74,1),0) -> 0 | D86: =IF(D74<>0,ROUND(Q86/D74,1),0) -> 0 | E86: =IF(E74<>0,ROUND(R86/E74,1),0) -> 0 | F86: =IF(F74<>0,ROUND(S86/F74,1),0) -> 0 | G86: =IF(G74<>0,ROUND(T86/G74,1),0) -> 0 | H86: =IF(H74<>0,ROUND(U86/H74,1),0) -> 0 | I86: =IF(I74<>0,ROUND(V86/I74,1),0) -> 0 | J86: =IF(J74<>0,ROUND(W86/J74,1),0) -> 0 | ... L86: =IF(L74<>0,ROUND(Y86/L74,1),0) -> 0 | M86: =SUM(C86:L86)/$N$2 -> 0 | N86: Hétköznapi i.t. | P86: =SUM(SUMIF(Szolgalati_alkalmak!$AC$4:$AC$8000,$P$1&$N86&$O$2,Szolgalati_alkalmak!$H$4:$H$8000),SUMIF(Szolgalati_alkalmak!$AC$4:$AC$8000,$P$1&$N86&$O$2,Szolgalati_alkalmak!$I$4:$I$8000),SUMIF(Szolgalati_alkalmak!$AC$4:$AC$8000,$P$1&$N86&$O$4,Szolgalati_alkalmak!$H$4:$H$8000),SUMIF(Szolgalati_alkalmak!$AC$4:$AC$8000,$P$1&$N86&$O$4,Szolgalati_alkalmak!$I$4:$I$8000)) -> 0 | Q86: =SUM(SUMIF(Szolgalati_alkalmak!$AC$4:$AC$8000,$Q$1&$N86&$O$2,Szolgalati_alkalmak!$H$4:$H$8000),SUMIF(Szolgalati_alkalmak!$AC$4:$AC$8000,$Q$1&$N86&$O$2,Szolgalati_alkalmak!$I$4:$I$8000),SUMIF(Szolgalati_alkalmak!$AC$4:$AC$8000,$Q$1&$N86&$O$4,Szolgalati_alkalmak!$H$4:$H$8000),SUMIF(Szolgalati_alkalmak!$AC$4:$AC$8000,$Q$1&$N86&$O$4,Szolgalati_alkalmak!$I$4:$I$8000)) -> 0 | R86: =SUM(SUMIF(Szolgalati_alkalmak!$AC$4:$AC$8000,$R$1&$N86&$O$2,Szolgalati_alkalmak!$H$4:$H$8000),SUMIF(Szolgalati_alkalmak!$AC$4:$AC$8000,$R$1&$N86&$O$2,Szolgalati_alkalmak!$I$4:$I$8000),SUMIF(Szolgalati_alkalmak!$AC$4:$AC$8000,$R$1&$N86&$O$4,Szolgalati_alkalmak!$H$4:$H$8000),SUMIF(Szolgalati_alkalmak!$AC$4:$AC$8000,$R$1&$N86&$O$4,Szolgalati_alkalmak!$I$4:$I$8000)) -> 0 | S86: =SUM(SUMIF(Szolgalati_alkalmak!$AC$4:$AC$8000,$S$1&$N86&$O$2,Szolgalati_alkalmak!$H$4:$H$8000),SUMIF(Szolgalati_alkalmak!$AC$4:$AC$8000,$S$1&$N86&$O$2,Szolgalati_alkalmak!$I$4:$I$8000),SUMIF(Szolgalati_alkalmak!$AC$4:$AC$8000,$S$1&$N86&$O$4,Szolgalati_alkalmak!$H$4:$H$8000),SUMIF(Szolgalati_alkalmak!$AC$4:$AC$8000,$S$1&$N86&$O$4,Szolgalati_alkalmak!$I$4:$I$8000)) -> 0 | T86: =SUM(SUMIF(Szolgalati_alkalmak!$AC$4:$AC$8000,$T$1&$N86&$O$2,Szolgalati_alkalmak!$H$4:$H$8000),SUMIF(Szolgalati_alkalmak!$AC$4:$AC$8000,$T$1&$N86&$O$2,Szolgalati_alkalmak!$I$4:$I$8000),SUMIF(Szolgalati_alkalmak!$AC$4:$AC$8000,$T$1&$N86&$O$4,Szolgalati_alkalmak!$H$4:$H$8000),SUMIF(Szolgalati_alkalmak!$AC$4:$AC$8000,$T$1&$N86&$O$4,Szolgalati_alkalmak!$I$4:$I$8000)) -> 0 | U86: =SUM(SUMIF(Szolgalati_alkalmak!$AC$4:$AC$8000,$U$1&$N86&$O$2,Szolgalati_alkalmak!$H$4:$H$8000),SUMIF(Szolgalati_alkalmak!$AC$4:$AC$8000,$U$1&$N86&$O$2,Szolgalati_alkalmak!$I$4:$I$8000),SUMIF(Szolgalati_alkalmak!$AC$4:$AC$8000,$U$1&$N86&$O$4,Szolgalati_alkalmak!$H$4:$H$8000),SUMIF(Szolgalati_alkalmak!$AC$4:$AC$8000,$U$1&$N86&$O$4,Szolgalati_alkalmak!$I$4:$I$8000)) -> 0 | V86: =SUM(SUMIF(Szolgalati_alkalmak!$AC$4:$AC$8000,$V$1&$N86&$O$2,Szolgalati_alkalmak!$H$4:$H$8000),SUMIF(Szolgalati_alkalmak!$AC$4:$AC$8000,$V$1&$N86&$O$2,Szolgalati_alkalmak!$I$4:$I$8000),SUMIF(Szolgalati_alkalmak!$AC$4:$AC$8000,$V$1&$N86&$O$4,Szolgalati_alkalmak!$H$4:$H$8000),SUMIF(Szolgalati_alkalmak!$AC$4:$AC$8000,$V$1&$N86&$O$4,Szolgalati_alkalmak!$I$4:$I$8000)) -> 0 | W86: =SUM(SUMIF(Szolgalati_alkalmak!$AC$4:$AC$8000,$W$1&$N86&$O$2,Szolgalati_alkalmak!$H$4:$H$8000),SUMIF(Szolgalati_alkalmak!$AC$4:$AC$8000,$W$1&$N86&$O$2,Szolgalati_alkalmak!$I$4:$I$8000),SUMIF(Szolgalati_alkalmak!$AC$4:$AC$8000,$W$1&$N86&$O$4,Szolgalati_alkalmak!$H$4:$H$8000),SUMIF(Szolgalati_alkalmak!$AC$4:$AC$8000,$W$1&$N86&$O$4,Szolgalati_alkalmak!$I$4:$I$8000)) -> 0 | X86: =SUM(SUMIF(Szolgalati_alkalmak!$AC$4:$AC$8000,$X$1&$N86&$O$2,Szolgalati_alkalmak!$H$4:$H$8000),SUMIF(Szolgalati_alkalmak!$AC$4:$AC$8000,$X$1&$N86&$O$2,Szolgalati_alkalmak!$I$4:$I$8000),SUMIF(Szolgalati_alkalmak!$AC$4:$AC$8000,$X$1&$N86&$O$4,Szolgalati_alkalmak!$H$4:$H$8000),SUMIF(Szolgalati_alkalmak!$AC$4:$AC$8000,$X$1&$N86&$O$4,Szolgalati_alkalmak!$I$4:$I$8000)) -> 0 | Y86: =SUM(SUMIF(Szolgalati_alkalmak!$AC$4:$AC$8000,$Y$1&$N86&$O$2,Szolgalati_alkalmak!$H$4:$H$8000),SUMIF(Szolgalati_alkalmak!$AC$4:$AC$8000,$Y$1&$N86&$O$2,Szolgalati_alkalmak!$I$4:$I$8000),SUMIF(Szolgalati_alkalmak!$AC$4:$AC$8000,$Y$1&$N86&$O$4,Szolgalati_alkalmak!$H$4:$H$8000),SUMIF(Szolgalati_alkalmak!$AC$4:$AC$8000,$Y$1&$N86&$O$4,Szolgalati_alkalmak!$I$4:$I$8000)) -> 0
A87: 6. | B87: A bűnbánati istentiszteleteken részt vett átlag egy alkalommal: de. | C87: =IF(C75<>0,ROUND(P87/C75,1),0) -> 0 | D87: =IF(D75<>0,ROUND(Q87/D75,1),0) -> 0 | E87: =IF(E75<>0,ROUND(R87/E75,1),0) -> 0 | F87: =IF(F75<>0,ROUND(S87/F75,1),0) -> 0 | G87: =IF(G75<>0,ROUND(T87/G75,1),0) -> 0 | H87: =IF(H75<>0,ROUND(U87/H75,1),0) -> 0 | I87: =IF(I75<>0,ROUND(V87/I75,1),0) -> 0 | J87: =IF(J75<>0,ROUND(W87/J75,1),0) -> 0 | ... L87: =IF(L75<>0,ROUND(Y87/L75,1),0) -> 0 | M87: =SUM(C87:L87)/$N$2 -> 0 | N87: Bűnbánati i.t. | P87: =SUM(SUMIF(Szolgalati_alkalmak!$AC$4:$AC$8000,$P$1&$N87,Szolgalati_alkalmak!$H$4:$H$8000),SUMIF(Szolgalati_alkalmak!$AC$4:$AC$8000,$P$1&$N87,Szolgalati_alkalmak!$I$4:$I$8000),SUMIF(Szolgalati_alkalmak!$AC$4:$AC$8000,$P$1&$N87&$O$3,Szolgalati_alkalmak!$H$4:$H$8000),SUMIF(Szolgalati_alkalmak!$AC$4:$AC$8000,$P$1&$N87&$O$3,Szolgalati_alkalmak!$I$4:$I$8000)) -> 0 | Q87: =SUM(SUMIF(Szolgalati_alkalmak!$AC$4:$AC$8000,$Q$1&$N87,Szolgalati_alkalmak!$H$4:$H$8000),SUMIF(Szolgalati_alkalmak!$AC$4:$AC$8000,$Q$1&$N87,Szolgalati_alkalmak!$I$4:$I$8000),SUMIF(Szolgalati_alkalmak!$AC$4:$AC$8000,$Q$1&$N87&$O$3,Szolgalati_alkalmak!$H$4:$H$8000),SUMIF(Szolgalati_alkalmak!$AC$4:$AC$8000,$Q$1&$N87&$O$3,Szolgalati_alkalmak!$I$4:$I$8000)) -> 0 | R87: =SUM(SUMIF(Szolgalati_alkalmak!$AC$4:$AC$8000,$R$1&$N87,Szolgalati_alkalmak!$H$4:$H$8000),SUMIF(Szolgalati_alkalmak!$AC$4:$AC$8000,$R$1&$N87,Szolgalati_alkalmak!$I$4:$I$8000),SUMIF(Szolgalati_alkalmak!$AC$4:$AC$8000,$R$1&$N87&$O$3,Szolgalati_alkalmak!$H$4:$H$8000),SUMIF(Szolgalati_alkalmak!$AC$4:$AC$8000,$R$1&$N87&$O$3,Szolgalati_alkalmak!$I$4:$I$8000)) -> 0 | S87: =SUM(SUMIF(Szolgalati_alkalmak!$AC$4:$AC$8000,$S$1&$N87,Szolgalati_alkalmak!$H$4:$H$8000),SUMIF(Szolgalati_alkalmak!$AC$4:$AC$8000,$S$1&$N87,Szolgalati_alkalmak!$I$4:$I$8000),SUMIF(Szolgalati_alkalmak!$AC$4:$AC$8000,$S$1&$N87&$O$3,Szolgalati_alkalmak!$H$4:$H$8000),SUMIF(Szolgalati_alkalmak!$AC$4:$AC$8000,$S$1&$N87&$O$3,Szolgalati_alkalmak!$I$4:$I$8000)) -> 0 | T87: =SUM(SUMIF(Szolgalati_alkalmak!$AC$4:$AC$8000,$T$1&$N87,Szolgalati_alkalmak!$H$4:$H$8000),SUMIF(Szolgalati_alkalmak!$AC$4:$AC$8000,$T$1&$N87,Szolgalati_alkalmak!$I$4:$I$8000),SUMIF(Szolgalati_alkalmak!$AC$4:$AC$8000,$T$1&$N87&$O$3,Szolgalati_alkalmak!$H$4:$H$8000),SUMIF(Szolgalati_alkalmak!$AC$4:$AC$8000,$T$1&$N87&$O$3,Szolgalati_alkalmak!$I$4:$I$8000)) -> 0 | U87: =SUM(SUMIF(Szolgalati_alkalmak!$AC$4:$AC$8000,$U$1&$N87,Szolgalati_alkalmak!$H$4:$H$8000),SUMIF(Szolgalati_alkalmak!$AC$4:$AC$8000,$U$1&$N87,Szolgalati_alkalmak!$I$4:$I$8000),SUMIF(Szolgalati_alkalmak!$AC$4:$AC$8000,$U$1&$N87&$O$3,Szolgalati_alkalmak!$H$4:$H$8000),SUMIF(Szolgalati_alkalmak!$AC$4:$AC$8000,$U$1&$N87&$O$3,Szolgalati_alkalmak!$I$4:$I$8000)) -> 0 | V87: =SUM(SUMIF(Szolgalati_alkalmak!$AC$4:$AC$8000,$V$1&$N87,Szolgalati_alkalmak!$H$4:$H$8000),SUMIF(Szolgalati_alkalmak!$AC$4:$AC$8000,$V$1&$N87,Szolgalati_alkalmak!$I$4:$I$8000),SUMIF(Szolgalati_alkalmak!$AC$4:$AC$8000,$V$1&$N87&$O$3,Szolgalati_alkalmak!$H$4:$H$8000),SUMIF(Szolgalati_alkalmak!$AC$4:$AC$8000,$V$1&$N87&$O$3,Szolgalati_alkalmak!$I$4:$I$8000)) -> 0 | W87: =SUM(SUMIF(Szolgalati_alkalmak!$AC$4:$AC$8000,$W$1&$N87,Szolgalati_alkalmak!$H$4:$H$8000),SUMIF(Szolgalati_alkalmak!$AC$4:$AC$8000,$W$1&$N87,Szolgalati_alkalmak!$I$4:$I$8000),SUMIF(Szolgalati_alkalmak!$AC$4:$AC$8000,$W$1&$N87&$O$3,Szolgalati_alkalmak!$H$4:$H$8000),SUMIF(Szolgalati_alkalmak!$AC$4:$AC$8000,$W$1&$N87&$O$3,Szolgalati_alkalmak!$I$4:$I$8000)) -> 0 | X87: =SUM(SUMIF(Szolgalati_alkalmak!$AC$4:$AC$8000,$X$1&$N87,Szolgalati_alkalmak!$H$4:$H$8000),SUMIF(Szolgalati_alkalmak!$AC$4:$AC$8000,$X$1&$N87,Szolgalati_alkalmak!$I$4:$I$8000),SUMIF(Szolgalati_alkalmak!$AC$4:$AC$8000,$X$1&$N87&$O$3,Szolgalati_alkalmak!$H$4:$H$8000),SUMIF(Szolgalati_alkalmak!$AC$4:$AC$8000,$X$1&$N87&$O$3,Szolgalati_alkalmak!$I$4:$I$8000)) -> 0 | Y87: =SUM(SUMIF(Szolgalati_alkalmak!$AC$4:$AC$8000,$Y$1&$N87,Szolgalati_alkalmak!$H$4:$H$8000),SUMIF(Szolgalati_alkalmak!$AC$4:$AC$8000,$Y$1&$N87,Szolgalati_alkalmak!$I$4:$I$8000),SUMIF(Szolgalati_alkalmak!$AC$4:$AC$8000,$Y$1&$N87&$O$3,Szolgalati_alkalmak!$H$4:$H$8000),SUMIF(Szolgalati_alkalmak!$AC$4:$AC$8000,$Y$1&$N87&$O$3,Szolgalati_alkalmak!$I$4:$I$8000)) -> 0
B88: du. | C88: =IF(C76<>0,ROUND(P88/C76,1),0) -> 0 | D88: =IF(D76<>0,ROUND(Q88/D76,1),0) -> 0 | E88: =IF(E76<>0,ROUND(R88/E76,1),0) -> 0 | F88: =IF(F76<>0,ROUND(S88/F76,1),0) -> 0 | G88: =IF(G76<>0,ROUND(T88/G76,1),0) -> 0 | H88: =IF(H76<>0,ROUND(U88/H76,1),0) -> 0 | I88: =IF(I76<>0,ROUND(V88/I76,1),0) -> 0 | J88: =IF(J76<>0,ROUND(W88/J76,1),0) -> 0 | ... L88: =IF(L76<>0,ROUND(Y88/L76,1),0) -> 0 | M88: =SUM(C88:L88)/$N$2 -> 0 | N88: Bűnbánati i.t. | P88: =SUM(SUMIF(Szolgalati_alkalmak!$AC$4:$AC$8000,$P$1&$N88&$O$2,Szolgalati_alkalmak!$H$4:$H$8000),SUMIF(Szolgalati_alkalmak!$AC$4:$AC$8000,$P$1&$N88&$O$2,Szolgalati_alkalmak!$I$4:$I$8000),SUMIF(Szolgalati_alkalmak!$AC$4:$AC$8000,$P$1&$N88&$O$4,Szolgalati_alkalmak!$H$4:$H$8000),SUMIF(Szolgalati_alkalmak!$AC$4:$AC$8000,$P$1&$N88&$O$4,Szolgalati_alkalmak!$I$4:$I$8000)) -> 0 | Q88: =SUM(SUMIF(Szolgalati_alkalmak!$AC$4:$AC$8000,$Q$1&$N88&$O$2,Szolgalati_alkalmak!$H$4:$H$8000),SUMIF(Szolgalati_alkalmak!$AC$4:$AC$8000,$Q$1&$N88&$O$2,Szolgalati_alkalmak!$I$4:$I$8000),SUMIF(Szolgalati_alkalmak!$AC$4:$AC$8000,$Q$1&$N88&$O$4,Szolgalati_alkalmak!$H$4:$H$8000),SUMIF(Szolgalati_alkalmak!$AC$4:$AC$8000,$Q$1&$N88&$O$4,Szolgalati_alkalmak!$I$4:$I$8000)) -> 0 | R88: =SUM(SUMIF(Szolgalati_alkalmak!$AC$4:$AC$8000,$R$1&$N88&$O$2,Szolgalati_alkalmak!$H$4:$H$8000),SUMIF(Szolgalati_alkalmak!$AC$4:$AC$8000,$R$1&$N88&$O$2,Szolgalati_alkalmak!$I$4:$I$8000),SUMIF(Szolgalati_alkalmak!$AC$4:$AC$8000,$R$1&$N88&$O$4,Szolgalati_alkalmak!$H$4:$H$8000),SUMIF(Szolgalati_alkalmak!$AC$4:$AC$8000,$R$1&$N88&$O$4,Szolgalati_alkalmak!$I$4:$I$8000)) -> 0 | S88: =SUM(SUMIF(Szolgalati_alkalmak!$AC$4:$AC$8000,$S$1&$N88&$O$2,Szolgalati_alkalmak!$H$4:$H$8000),SUMIF(Szolgalati_alkalmak!$AC$4:$AC$8000,$S$1&$N88&$O$2,Szolgalati_alkalmak!$I$4:$I$8000),SUMIF(Szolgalati_alkalmak!$AC$4:$AC$8000,$S$1&$N88&$O$4,Szolgalati_alkalmak!$H$4:$H$8000),SUMIF(Szolgalati_alkalmak!$AC$4:$AC$8000,$S$1&$N88&$O$4,Szolgalati_alkalmak!$I$4:$I$8000)) -> 0 | T88: =SUM(SUMIF(Szolgalati_alkalmak!$AC$4:$AC$8000,$T$1&$N88&$O$2,Szolgalati_alkalmak!$H$4:$H$8000),SUMIF(Szolgalati_alkalmak!$AC$4:$AC$8000,$T$1&$N88&$O$2,Szolgalati_alkalmak!$I$4:$I$8000),SUMIF(Szolgalati_alkalmak!$AC$4:$AC$8000,$T$1&$N88&$O$4,Szolgalati_alkalmak!$H$4:$H$8000),SUMIF(Szolgalati_alkalmak!$AC$4:$AC$8000,$T$1&$N88&$O$4,Szolgalati_alkalmak!$I$4:$I$8000)) -> 0 | U88: =SUM(SUMIF(Szolgalati_alkalmak!$AC$4:$AC$8000,$U$1&$N88&$O$2,Szolgalati_alkalmak!$H$4:$H$8000),SUMIF(Szolgalati_alkalmak!$AC$4:$AC$8000,$U$1&$N88&$O$2,Szolgalati_alkalmak!$I$4:$I$8000),SUMIF(Szolgalati_alkalmak!$AC$4:$AC$8000,$U$1&$N88&$O$4,Szolgalati_alkalmak!$H$4:$H$8000),SUMIF(Szolgalati_alkalmak!$AC$4:$AC$8000,$U$1&$N88&$O$4,Szolgalati_alkalmak!$I$4:$I$8000)) -> 0 | V88: =SUM(SUMIF(Szolgalati_alkalmak!$AC$4:$AC$8000,$V$1&$N88&$O$2,Szolgalati_alkalmak!$H$4:$H$8000),SUMIF(Szolgalati_alkalmak!$AC$4:$AC$8000,$V$1&$N88&$O$2,Szolgalati_alkalmak!$I$4:$I$8000),SUMIF(Szolgalati_alkalmak!$AC$4:$AC$8000,$V$1&$N88&$O$4,Szolgalati_alkalmak!$H$4:$H$8000),SUMIF(Szolgalati_alkalmak!$AC$4:$AC$8000,$V$1&$N88&$O$4,Szolgalati_alkalmak!$I$4:$I$8000)) -> 0 | W88: =SUM(SUMIF(Szolgalati_alkalmak!$AC$4:$AC$8000,$W$1&$N88&$O$2,Szolgalati_alkalmak!$H$4:$H$8000),SUMIF(Szolgalati_alkalmak!$AC$4:$AC$8000,$W$1&$N88&$O$2,Szolgalati_alkalmak!$I$4:$I$8000),SUMIF(Szolgalati_alkalmak!$AC$4:$AC$8000,$W$1&$N88&$O$4,Szolgalati_alkalmak!$H$4:$H$8000),SUMIF(Szolgalati_alkalmak!$AC$4:$AC$8000,$W$1&$N88&$O$4,Szolgalati_alkalmak!$I$4:$I$8000)) -> 0 | X88: =SUM(SUMIF(Szolgalati_alkalmak!$AC$4:$AC$8000,$X$1&$N88&$O$2,Szolgalati_alkalmak!$H$4:$H$8000),SUMIF(Szolgalati_alkalmak!$AC$4:$AC$8000,$X$1&$N88&$O$2,Szolgalati_alkalmak!$I$4:$I$8000),SUMIF(Szolgalati_alkalmak!$AC$4:$AC$8000,$X$1&$N88&$O$4,Szolgalati_alkalmak!$H$4:$H$8000),SUMIF(Szolgalati_alkalmak!$AC$4:$AC$8000,$X$1&$N88&$O$4,Szolgalati_alkalmak!$I$4:$I$8000)) -> 0 | Y88: =SUM(SUMIF(Szolgalati_alkalmak!$AC$4:$AC$8000,$Y$1&$N88&$O$2,Szolgalati_alkalmak!$H$4:$H$8000),SUMIF(Szolgalati_alkalmak!$AC$4:$AC$8000,$Y$1&$N88&$O$2,Szolgalati_alkalmak!$I$4:$I$8000),SUMIF(Szolgalati_alkalmak!$AC$4:$AC$8000,$Y$1&$N88&$O$4,Szolgalati_alkalmak!$H$4:$H$8000),SUMIF(Szolgalati_alkalmak!$AC$4:$AC$8000,$Y$1&$N88&$O$4,Szolgalati_alkalmak!$I$4:$I$8000)) -> 0
A89: 7. | B89: Hány alkalommal volt úrvacsoraosztás az év folyamán? | C89: =P89 -> 0 | D89: =Q89 -> 0 | E89: =R89 -> 0 | F89: =S89 -> 0 | G89: =T89 -> 0 | H89: =U89 -> 0 | I89: =V89 -> 0 | J89: =W89 -> 0 | ... L89: =Y89 -> 0 | M89: =SUM(C89:L89) -> 0 | N89: Úrvacsora templomban | P89: =COUNTIF(Szolgalati_alkalmak!$AC$4:$AC$8000,P$1&$N89) -> 0 | Q89: =COUNTIF(Szolgalati_alkalmak!$AC$4:$AC$8000,Q$1&$N89) -> 0 | R89: =COUNTIF(Szolgalati_alkalmak!$AC$4:$AC$8000,R$1&$N89) -> 0 | S89: =COUNTIF(Szolgalati_alkalmak!$AC$4:$AC$8000,S$1&$N89) -> 0 | T89: =COUNTIF(Szolgalati_alkalmak!$AC$4:$AC$8000,T$1&$N89) -> 0 | U89: =COUNTIF(Szolgalati_alkalmak!$AC$4:$AC$8000,U$1&$N89) -> 0 | V89: =COUNTIF(Szolgalati_alkalmak!$AC$4:$AC$8000,V$1&$N89) -> 0 | W89: =COUNTIF(Szolgalati_alkalmak!$AC$4:$AC$8000,W$1&$N89) -> 0 | ... Y89: =COUNTIF(Szolgalati_alkalmak!$AC$4:$AC$8000,Y$1&$N89) -> 0
A90: 8. | B90: Úrvacsorával élt átlag egy alkalommal: férfi | C90: =IF(P89<>0,ROUND(P90/P89,1),0) -> 0 | D90: =IF(Q89<>0,ROUND(Q90/Q89,1),0) -> 0 | E90: =IF(R89<>0,ROUND(R90/R89,1),0) -> 0 | F90: =IF(S89<>0,ROUND(S90/S89,1),0) -> 0 | G90: =IF(T89<>0,ROUND(T90/T89,1),0) -> 0 | H90: =IF(U89<>0,ROUND(U90/U89,1),0) -> 0 | I90: =IF(V89<>0,ROUND(V90/V89,1),0) -> 0 | J90: =IF(W89<>0,ROUND(W90/W89,1),0) -> 0 | ... L90: =IF(Y89<>0,ROUND(Y90/Y89,1),0) -> 0 | M90: =SUM(C90:L90)/$N$2 -> 0 | N90: Úrvacsora templomban | P90: =SUM(SUMIF(Szolgalati_alkalmak!$AC$4:$AC$8000,$P$1&$N90,Szolgalati_alkalmak!$H$4:$H$8000),SUMIF(Szolgalati_alkalmak!$AC$4:$AC$8000,$P$1&$N90&$O$2,Szolgalati_alkalmak!$H$4:$H$8000),SUMIF(Szolgalati_alkalmak!$AC$4:$AC$8000,$P$1&$N90&$O$3,Szolgalati_alkalmak!$H$4:$H$8000),SUMIF(Szolgalati_alkalmak!$AC$4:$AC$8000,$P$1&$N90&$O$4,Szolgalati_alkalmak!$H$4:$H$8000)) -> 0 | Q90: =SUM(SUMIF(Szolgalati_alkalmak!$AC$4:$AC$8000,$Q$1&$N90,Szolgalati_alkalmak!$H$4:$H$8000),SUMIF(Szolgalati_alkalmak!$AC$4:$AC$8000,$Q$1&$N90&$O$2,Szolgalati_alkalmak!$H$4:$H$8000),SUMIF(Szolgalati_alkalmak!$AC$4:$AC$8000,$Q$1&$N90&$O$3,Szolgalati_alkalmak!$H$4:$H$8000),SUMIF(Szolgalati_alkalmak!$AC$4:$AC$8000,$Q$1&$N90&$O$4,Szolgalati_alkalmak!$H$4:$H$8000)) -> 0 | R90: =SUM(SUMIF(Szolgalati_alkalmak!$AC$4:$AC$8000,$R$1&$N90,Szolgalati_alkalmak!$H$4:$H$8000),SUMIF(Szolgalati_alkalmak!$AC$4:$AC$8000,$R$1&$N90&$O$2,Szolgalati_alkalmak!$H$4:$H$8000),SUMIF(Szolgalati_alkalmak!$AC$4:$AC$8000,$R$1&$N90&$O$3,Szolgalati_alkalmak!$H$4:$H$8000),SUMIF(Szolgalati_alkalmak!$AC$4:$AC$8000,$R$1&$N90&$O$4,Szolgalati_alkalmak!$H$4:$H$8000)) -> 0 | S90: =SUM(SUMIF(Szolgalati_alkalmak!$AC$4:$AC$8000,$S$1&$N90,Szolgalati_alkalmak!$H$4:$H$8000),SUMIF(Szolgalati_alkalmak!$AC$4:$AC$8000,$S$1&$N90&$O$2,Szolgalati_alkalmak!$H$4:$H$8000),SUMIF(Szolgalati_alkalmak!$AC$4:$AC$8000,$S$1&$N90&$O$3,Szolgalati_alkalmak!$H$4:$H$8000),SUMIF(Szolgalati_alkalmak!$AC$4:$AC$8000,$S$1&$N90&$O$4,Szolgalati_alkalmak!$H$4:$H$8000)) -> 0 | T90: =SUM(SUMIF(Szolgalati_alkalmak!$AC$4:$AC$8000,$T$1&$N90,Szolgalati_alkalmak!$H$4:$H$8000),SUMIF(Szolgalati_alkalmak!$AC$4:$AC$8000,$T$1&$N90&$O$2,Szolgalati_alkalmak!$H$4:$H$8000),SUMIF(Szolgalati_alkalmak!$AC$4:$AC$8000,$T$1&$N90&$O$3,Szolgalati_alkalmak!$H$4:$H$8000),SUMIF(Szolgalati_alkalmak!$AC$4:$AC$8000,$T$1&$N90&$O$4,Szolgalati_alkalmak!$H$4:$H$8000)) -> 0 | U90: =SUM(SUMIF(Szolgalati_alkalmak!$AC$4:$AC$8000,$U$1&$N90,Szolgalati_alkalmak!$H$4:$H$8000),SUMIF(Szolgalati_alkalmak!$AC$4:$AC$8000,$U$1&$N90&$O$2,Szolgalati_alkalmak!$H$4:$H$8000),SUMIF(Szolgalati_alkalmak!$AC$4:$AC$8000,$U$1&$N90&$O$3,Szolgalati_alkalmak!$H$4:$H$8000),SUMIF(Szolgalati_alkalmak!$AC$4:$AC$8000,$U$1&$N90&$O$4,Szolgalati_alkalmak!$H$4:$H$8000)) -> 0 | V90: =SUM(SUMIF(Szolgalati_alkalmak!$AC$4:$AC$8000,$V$1&$N90,Szolgalati_alkalmak!$H$4:$H$8000),SUMIF(Szolgalati_alkalmak!$AC$4:$AC$8000,$V$1&$N90&$O$2,Szolgalati_alkalmak!$H$4:$H$8000),SUMIF(Szolgalati_alkalmak!$AC$4:$AC$8000,$V$1&$N90&$O$3,Szolgalati_alkalmak!$H$4:$H$8000),SUMIF(Szolgalati_alkalmak!$AC$4:$AC$8000,$V$1&$N90&$O$4,Szolgalati_alkalmak!$H$4:$H$8000)) -> 0 | W90: =SUM(SUMIF(Szolgalati_alkalmak!$AC$4:$AC$8000,$W$1&$N90,Szolgalati_alkalmak!$H$4:$H$8000),SUMIF(Szolgalati_alkalmak!$AC$4:$AC$8000,$W$1&$N90&$O$2,Szolgalati_alkalmak!$H$4:$H$8000),SUMIF(Szolgalati_alkalmak!$AC$4:$AC$8000,$W$1&$N90&$O$3,Szolgalati_alkalmak!$H$4:$H$8000),SUMIF(Szolgalati_alkalmak!$AC$4:$AC$8000,$W$1&$N90&$O$4,Szolgalati_alkalmak!$H$4:$H$8000)) -> 0 | X90: =SUM(SUMIF(Szolgalati_alkalmak!$AC$4:$AC$8000,$X$1&$N90,Szolgalati_alkalmak!$H$4:$H$8000),SUMIF(Szolgalati_alkalmak!$AC$4:$AC$8000,$X$1&$N90&$O$2,Szolgalati_alkalmak!$H$4:$H$8000),SUMIF(Szolgalati_alkalmak!$AC$4:$AC$8000,$X$1&$N90&$O$3,Szolgalati_alkalmak!$H$4:$H$8000),SUMIF(Szolgalati_alkalmak!$AC$4:$AC$8000,$X$1&$N90&$O$4,Szolgalati_alkalmak!$H$4:$H$8000)) -> 0 | Y90: =SUM(SUMIF(Szolgalati_alkalmak!$AC$4:$AC$8000,$Y$1&$N90,Szolgalati_alkalmak!$H$4:$H$8000),SUMIF(Szolgalati_alkalmak!$AC$4:$AC$8000,$Y$1&$N90&$O$2,Szolgalati_alkalmak!$H$4:$H$8000),SUMIF(Szolgalati_alkalmak!$AC$4:$AC$8000,$Y$1&$N90&$O$3,Szolgalati_alkalmak!$H$4:$H$8000),SUMIF(Szolgalati_alkalmak!$AC$4:$AC$8000,$Y$1&$N90&$O$4,Szolgalati_alkalmak!$H$4:$H$8000)) -> 0
B91: nő | C91: =IF(P89<>0,ROUND(P91/P89,1),0) -> 0 | D91: =IF(Q89<>0,ROUND(Q91/Q89,1),0) -> 0 | E91: =IF(R89<>0,ROUND(R91/R89,1),0) -> 0 | F91: =IF(S89<>0,ROUND(S91/S89,1),0) -> 0 | G91: =IF(T89<>0,ROUND(T91/T89,1),0) -> 0 | H91: =IF(U89<>0,ROUND(U91/U89,1),0) -> 0 | I91: =IF(V89<>0,ROUND(V91/V89,1),0) -> 0 | J91: =IF(W89<>0,ROUND(W91/W89,1),0) -> 0 | ... L91: =IF(Y89<>0,ROUND(Y91/Y89,1),0) -> 0 | M91: =SUM(C91:L91)/$N$2 -> 0 | N91: Úrvacsora templomban | P91: =SUM(SUMIF(Szolgalati_alkalmak!$AC$4:$AC$8000,$P$1&$N91,Szolgalati_alkalmak!$I$4:$I$8000),SUMIF(Szolgalati_alkalmak!$AC$4:$AC$8000,$P$1&$N91&$O$2,Szolgalati_alkalmak!$I$4:$I$8000),SUMIF(Szolgalati_alkalmak!$AC$4:$AC$8000,$P$1&$N91&$O$3,Szolgalati_alkalmak!$I$4:$I$8000),SUMIF(Szolgalati_alkalmak!$AC$4:$AC$8000,$P$1&$N91&$O$4,Szolgalati_alkalmak!$I$4:$I$8000)) -> 0 | Q91: =SUM(SUMIF(Szolgalati_alkalmak!$AC$4:$AC$8000,$Q$1&$N91,Szolgalati_alkalmak!$I$4:$I$8000),SUMIF(Szolgalati_alkalmak!$AC$4:$AC$8000,$Q$1&$N91&$O$2,Szolgalati_alkalmak!$I$4:$I$8000),SUMIF(Szolgalati_alkalmak!$AC$4:$AC$8000,$Q$1&$N91&$O$3,Szolgalati_alkalmak!$I$4:$I$8000),SUMIF(Szolgalati_alkalmak!$AC$4:$AC$8000,$Q$1&$N91&$O$4,Szolgalati_alkalmak!$I$4:$I$8000)) -> 0 | R91: =SUM(SUMIF(Szolgalati_alkalmak!$AC$4:$AC$8000,$R$1&$N91,Szolgalati_alkalmak!$I$4:$I$8000),SUMIF(Szolgalati_alkalmak!$AC$4:$AC$8000,$R$1&$N91&$O$2,Szolgalati_alkalmak!$I$4:$I$8000),SUMIF(Szolgalati_alkalmak!$AC$4:$AC$8000,$R$1&$N91&$O$3,Szolgalati_alkalmak!$I$4:$I$8000),SUMIF(Szolgalati_alkalmak!$AC$4:$AC$8000,$R$1&$N91&$O$4,Szolgalati_alkalmak!$I$4:$I$8000)) -> 0 | S91: =SUM(SUMIF(Szolgalati_alkalmak!$AC$4:$AC$8000,$S$1&$N91,Szolgalati_alkalmak!$I$4:$I$8000),SUMIF(Szolgalati_alkalmak!$AC$4:$AC$8000,$S$1&$N91&$O$2,Szolgalati_alkalmak!$I$4:$I$8000),SUMIF(Szolgalati_alkalmak!$AC$4:$AC$8000,$S$1&$N91&$O$3,Szolgalati_alkalmak!$I$4:$I$8000),SUMIF(Szolgalati_alkalmak!$AC$4:$AC$8000,$S$1&$N91&$O$4,Szolgalati_alkalmak!$I$4:$I$8000)) -> 0 | T91: =SUM(SUMIF(Szolgalati_alkalmak!$AC$4:$AC$8000,$T$1&$N91,Szolgalati_alkalmak!$I$4:$I$8000),SUMIF(Szolgalati_alkalmak!$AC$4:$AC$8000,$T$1&$N91&$O$2,Szolgalati_alkalmak!$I$4:$I$8000),SUMIF(Szolgalati_alkalmak!$AC$4:$AC$8000,$T$1&$N91&$O$3,Szolgalati_alkalmak!$I$4:$I$8000),SUMIF(Szolgalati_alkalmak!$AC$4:$AC$8000,$T$1&$N91&$O$4,Szolgalati_alkalmak!$I$4:$I$8000)) -> 0 | U91: =SUM(SUMIF(Szolgalati_alkalmak!$AC$4:$AC$8000,$U$1&$N91,Szolgalati_alkalmak!$I$4:$I$8000),SUMIF(Szolgalati_alkalmak!$AC$4:$AC$8000,$U$1&$N91&$O$2,Szolgalati_alkalmak!$I$4:$I$8000),SUMIF(Szolgalati_alkalmak!$AC$4:$AC$8000,$U$1&$N91&$O$3,Szolgalati_alkalmak!$I$4:$I$8000),SUMIF(Szolgalati_alkalmak!$AC$4:$AC$8000,$U$1&$N91&$O$4,Szolgalati_alkalmak!$I$4:$I$8000)) -> 0 | V91: =SUM(SUMIF(Szolgalati_alkalmak!$AC$4:$AC$8000,$V$1&$N91,Szolgalati_alkalmak!$I$4:$I$8000),SUMIF(Szolgalati_alkalmak!$AC$4:$AC$8000,$V$1&$N91&$O$2,Szolgalati_alkalmak!$I$4:$I$8000),SUMIF(Szolgalati_alkalmak!$AC$4:$AC$8000,$V$1&$N91&$O$3,Szolgalati_alkalmak!$I$4:$I$8000),SUMIF(Szolgalati_alkalmak!$AC$4:$AC$8000,$V$1&$N91&$O$4,Szolgalati_alkalmak!$I$4:$I$8000)) -> 0 | W91: =SUM(SUMIF(Szolgalati_alkalmak!$AC$4:$AC$8000,$W$1&$N91,Szolgalati_alkalmak!$I$4:$I$8000),SUMIF(Szolgalati_alkalmak!$AC$4:$AC$8000,$W$1&$N91&$O$2,Szolgalati_alkalmak!$I$4:$I$8000),SUMIF(Szolgalati_alkalmak!$AC$4:$AC$8000,$W$1&$N91&$O$3,Szolgalati_alkalmak!$I$4:$I$8000),SUMIF(Szolgalati_alkalmak!$AC$4:$AC$8000,$W$1&$N91&$O$4,Szolgalati_alkalmak!$I$4:$I$8000)) -> 0 | X91: =SUM(SUMIF(Szolgalati_alkalmak!$AC$4:$AC$8000,$X$1&$N91,Szolgalati_alkalmak!$I$4:$I$8000),SUMIF(Szolgalati_alkalmak!$AC$4:$AC$8000,$X$1&$N91&$O$2,Szolgalati_alkalmak!$I$4:$I$8000),SUMIF(Szolgalati_alkalmak!$AC$4:$AC$8000,$X$1&$N91&$O$3,Szolgalati_alkalmak!$I$4:$I$8000),SUMIF(Szolgalati_alkalmak!$AC$4:$AC$8000,$X$1&$N91&$O$4,Szolgalati_alkalmak!$I$4:$I$8000)) -> 0 | Y91: =SUM(SUMIF(Szolgalati_alkalmak!$AC$4:$AC$8000,$Y$1&$N91,Szolgalati_alkalmak!$I$4:$I$8000),SUMIF(Szolgalati_alkalmak!$AC$4:$AC$8000,$Y$1&$N91&$O$2,Szolgalati_alkalmak!$I$4:$I$8000),SUMIF(Szolgalati_alkalmak!$AC$4:$AC$8000,$Y$1&$N91&$O$3,Szolgalati_alkalmak!$I$4:$I$8000),SUMIF(Szolgalati_alkalmak!$AC$4:$AC$8000,$Y$1&$N91&$O$4,Szolgalati_alkalmak!$I$4:$I$8000)) -> 0
A92: III. Gyülekezetgondozás
A93: 1. | B93: felnőtt bibliaóra: | C93: =P93 -> 0 | D93: =Q93 -> 0 | E93: =R93 -> 0 | F93: =S93 -> 0 | G93: =T93 -> 0 | H93: =U93 -> 0 | I93: =V93 -> 0 | J93: =W93 -> 0 | ... L93: =Y93 -> 0 | M93: =SUM(C93:L93) -> 0 | N93: Felnőtt bibliaóra | P93: =SUM(COUNTIF(Szolgalati_alkalmak!$AC$4:$AC$8000,$P$1&$N93),COUNTIF(Szolgalati_alkalmak!$AC$4:$AC$8000,$P$1&$N93&$O$2),COUNTIF(Szolgalati_alkalmak!$AC$4:$AC$8000,$P$1&$N93&$O$3),COUNTIF(Szolgalati_alkalmak!$AC$4:$AC$8000,$P$1&$N93&$O$4)) -> 0 | Q93: =SUM(COUNTIF(Szolgalati_alkalmak!$AC$4:$AC$8000,$Q$1&$N93),COUNTIF(Szolgalati_alkalmak!$AC$4:$AC$8000,$Q$1&$N93&$O$2),COUNTIF(Szolgalati_alkalmak!$AC$4:$AC$8000,$Q$1&$N93&$O$3),COUNTIF(Szolgalati_alkalmak!$AC$4:$AC$8000,$Q$1&$N93&$O$4)) -> 0 | R93: =SUM(COUNTIF(Szolgalati_alkalmak!$AC$4:$AC$8000,$R$1&$N93),COUNTIF(Szolgalati_alkalmak!$AC$4:$AC$8000,$R$1&$N93&$O$2),COUNTIF(Szolgalati_alkalmak!$AC$4:$AC$8000,$R$1&$N93&$O$3),COUNTIF(Szolgalati_alkalmak!$AC$4:$AC$8000,$R$1&$N93&$O$4)) -> 0 | S93: =SUM(COUNTIF(Szolgalati_alkalmak!$AC$4:$AC$8000,$S$1&$N93),COUNTIF(Szolgalati_alkalmak!$AC$4:$AC$8000,$S$1&$N93&$O$2),COUNTIF(Szolgalati_alkalmak!$AC$4:$AC$8000,$S$1&$N93&$O$3),COUNTIF(Szolgalati_alkalmak!$AC$4:$AC$8000,$S$1&$N93&$O$4)) -> 0 | T93: =SUM(COUNTIF(Szolgalati_alkalmak!$AC$4:$AC$8000,$T$1&$N93),COUNTIF(Szolgalati_alkalmak!$AC$4:$AC$8000,$T$1&$N93&$O$2),COUNTIF(Szolgalati_alkalmak!$AC$4:$AC$8000,$T$1&$N93&$O$3),COUNTIF(Szolgalati_alkalmak!$AC$4:$AC$8000,$T$1&$N93&$O$4)) -> 0 | U93: =SUM(COUNTIF(Szolgalati_alkalmak!$AC$4:$AC$8000,$U$1&$N93),COUNTIF(Szolgalati_alkalmak!$AC$4:$AC$8000,$U$1&$N93&$O$2),COUNTIF(Szolgalati_alkalmak!$AC$4:$AC$8000,$U$1&$N93&$O$3),COUNTIF(Szolgalati_alkalmak!$AC$4:$AC$8000,$U$1&$N93&$O$4)) -> 0 | V93: =SUM(COUNTIF(Szolgalati_alkalmak!$AC$4:$AC$8000,$V$1&$N93),COUNTIF(Szolgalati_alkalmak!$AC$4:$AC$8000,$V$1&$N93&$O$2),COUNTIF(Szolgalati_alkalmak!$AC$4:$AC$8000,$V$1&$N93&$O$3),COUNTIF(Szolgalati_alkalmak!$AC$4:$AC$8000,$V$1&$N93&$O$4)) -> 0 | W93: =SUM(COUNTIF(Szolgalati_alkalmak!$AC$4:$AC$8000,$W$1&$N93),COUNTIF(Szolgalati_alkalmak!$AC$4:$AC$8000,$W$1&$N93&$O$2),COUNTIF(Szolgalati_alkalmak!$AC$4:$AC$8000,$W$1&$N93&$O$3),COUNTIF(Szolgalati_alkalmak!$AC$4:$AC$8000,$W$1&$N93&$O$4)) -> 0 | X93: =SUM(COUNTIF(Szolgalati_alkalmak!$AC$4:$AC$8000,$X$1&$N93),COUNTIF(Szolgalati_alkalmak!$AC$4:$AC$8000,$X$1&$N93&$O$2),COUNTIF(Szolgalati_alkalmak!$AC$4:$AC$8000,$X$1&$N93&$O$3),COUNTIF(Szolgalati_alkalmak!$AC$4:$AC$8000,$X$1&$N93&$O$4)) -> 0 | Y93: =SUM(COUNTIF(Szolgalati_alkalmak!$AC$4:$AC$8000,$Y$1&$N93),COUNTIF(Szolgalati_alkalmak!$AC$4:$AC$8000,$Y$1&$N93&$O$2),COUNTIF(Szolgalati_alkalmak!$AC$4:$AC$8000,$Y$1&$N93&$O$3),COUNTIF(Szolgalati_alkalmak!$AC$4:$AC$8000,$Y$1&$N93&$O$4)) -> 0
B94: ifjúsági bibliaóra: | C94: =P94 -> 0 | D94: =Q94 -> 0 | E94: =R94 -> 0 | F94: =S94 -> 0 | G94: =T94 -> 0 | H94: =U94 -> 0 | I94: =V94 -> 0 | J94: =W94 -> 0 | ... L94: =Y94 -> 0 | M94: =SUM(C94:L94) -> 0 | N94: Ifj. vagy IKE bibliaóra | P94: =SUM(COUNTIF(Szolgalati_alkalmak!$AC$4:$AC$8000,$P$1&$N94),COUNTIF(Szolgalati_alkalmak!$AC$4:$AC$8000,$P$1&$N94&$O$2),COUNTIF(Szolgalati_alkalmak!$AC$4:$AC$8000,$P$1&$N94&$O$3),COUNTIF(Szolgalati_alkalmak!$AC$4:$AC$8000,$P$1&$N94&$O$4)) -> 0 | Q94: =SUM(COUNTIF(Szolgalati_alkalmak!$AC$4:$AC$8000,$Q$1&$N94),COUNTIF(Szolgalati_alkalmak!$AC$4:$AC$8000,$Q$1&$N94&$O$2),COUNTIF(Szolgalati_alkalmak!$AC$4:$AC$8000,$Q$1&$N94&$O$3),COUNTIF(Szolgalati_alkalmak!$AC$4:$AC$8000,$Q$1&$N94&$O$4)) -> 0 | R94: =SUM(COUNTIF(Szolgalati_alkalmak!$AC$4:$AC$8000,$R$1&$N94),COUNTIF(Szolgalati_alkalmak!$AC$4:$AC$8000,$R$1&$N94&$O$2),COUNTIF(Szolgalati_alkalmak!$AC$4:$AC$8000,$R$1&$N94&$O$3),COUNTIF(Szolgalati_alkalmak!$AC$4:$AC$8000,$R$1&$N94&$O$4)) -> 0 | S94: =SUM(COUNTIF(Szolgalati_alkalmak!$AC$4:$AC$8000,$S$1&$N94),COUNTIF(Szolgalati_alkalmak!$AC$4:$AC$8000,$S$1&$N94&$O$2),COUNTIF(Szolgalati_alkalmak!$AC$4:$AC$8000,$S$1&$N94&$O$3),COUNTIF(Szolgalati_alkalmak!$AC$4:$AC$8000,$S$1&$N94&$O$4)) -> 0 | T94: =SUM(COUNTIF(Szolgalati_alkalmak!$AC$4:$AC$8000,$T$1&$N94),COUNTIF(Szolgalati_alkalmak!$AC$4:$AC$8000,$T$1&$N94&$O$2),COUNTIF(Szolgalati_alkalmak!$AC$4:$AC$8000,$T$1&$N94&$O$3),COUNTIF(Szolgalati_alkalmak!$AC$4:$AC$8000,$T$1&$N94&$O$4)) -> 0 | U94: =SUM(COUNTIF(Szolgalati_alkalmak!$AC$4:$AC$8000,$U$1&$N94),COUNTIF(Szolgalati_alkalmak!$AC$4:$AC$8000,$U$1&$N94&$O$2),COUNTIF(Szolgalati_alkalmak!$AC$4:$AC$8000,$U$1&$N94&$O$3),COUNTIF(Szolgalati_alkalmak!$AC$4:$AC$8000,$U$1&$N94&$O$4)) -> 0 | V94: =SUM(COUNTIF(Szolgalati_alkalmak!$AC$4:$AC$8000,$V$1&$N94),COUNTIF(Szolgalati_alkalmak!$AC$4:$AC$8000,$V$1&$N94&$O$2),COUNTIF(Szolgalati_alkalmak!$AC$4:$AC$8000,$V$1&$N94&$O$3),COUNTIF(Szolgalati_alkalmak!$AC$4:$AC$8000,$V$1&$N94&$O$4)) -> 0 | W94: =SUM(COUNTIF(Szolgalati_alkalmak!$AC$4:$AC$8000,$W$1&$N94),COUNTIF(Szolgalati_alkalmak!$AC$4:$AC$8000,$W$1&$N94&$O$2),COUNTIF(Szolgalati_alkalmak!$AC$4:$AC$8000,$W$1&$N94&$O$3),COUNTIF(Szolgalati_alkalmak!$AC$4:$AC$8000,$W$1&$N94&$O$4)) -> 0 | X94: =SUM(COUNTIF(Szolgalati_alkalmak!$AC$4:$AC$8000,$X$1&$N94),COUNTIF(Szolgalati_alkalmak!$AC$4:$AC$8000,$X$1&$N94&$O$2),COUNTIF(Szolgalati_alkalmak!$AC$4:$AC$8000,$X$1&$N94&$O$3),COUNTIF(Szolgalati_alkalmak!$AC$4:$AC$8000,$X$1&$N94&$O$4)) -> 0 | Y94: =SUM(COUNTIF(Szolgalati_alkalmak!$AC$4:$AC$8000,$Y$1&$N94),COUNTIF(Szolgalati_alkalmak!$AC$4:$AC$8000,$Y$1&$N94&$O$2),COUNTIF(Szolgalati_alkalmak!$AC$4:$AC$8000,$Y$1&$N94&$O$3),COUNTIF(Szolgalati_alkalmak!$AC$4:$AC$8000,$Y$1&$N94&$O$4)) -> 0
